Datum;von;Strompreis dyn. 2030 ME
01.01.2024;00:00;33,36
01.01.2024;00:15;33,357749999999996
01.01.2024;00:30;33,3555
01.01.2024;00:45;33,35325
01.01.2024;01:00;33,351
01.01.2024;01:15;33,35075
01.01.2024;01:30;33,3505
01.01.2024;01:45;33,35025
01.01.2024;02:00;33,35
01.01.2024;02:15;33,34975
01.01.2024;02:30;33,3495
01.01.2024;02:45;33,34925
01.01.2024;03:00;33,349
01.01.2024;03:15;33,3485
01.01.2024;03:30;33,348
01.01.2024;03:45;33,3475
01.01.2024;04:00;33,347
01.01.2024;04:15;33,34725
01.01.2024;04:30;33,3475
01.01.2024;04:45;33,34775
01.01.2024;05:00;33,348
01.01.2024;05:15;33,34725
01.01.2024;05:30;33,3465
01.01.2024;05:45;33,345749999999995
01.01.2024;06:00;33,345
01.01.2024;06:15;33,345749999999995
01.01.2024;06:30;33,3465
01.01.2024;06:45;33,34725
01.01.2024;07:00;33,348
01.01.2024;07:15;33,3485
01.01.2024;07:30;33,349000000000004
01.01.2024;07:45;33,3495
01.01.2024;08:00;33,35
01.01.2024;08:15;33,351
01.01.2024;08:30;33,352000000000004
01.01.2024;08:45;33,353
01.01.2024;09:00;33,354
01.01.2024;09:15;33,3545
01.01.2024;09:30;33,355000000000004
01.01.2024;09:45;33,3555
01.01.2024;10:00;33,356
01.01.2024;10:15;33,368
01.01.2024;10:30;33,38
01.01.2024;10:45;33,392
01.01.2024;11:00;33,404
01.01.2024;11:15;33,4465
01.01.2024;11:30;33,489000000000004
01.01.2024;11:45;33,5315
01.01.2024;12:00;33,574
01.01.2024;12:15;33,567
01.01.2024;12:30;33,56
01.01.2024;12:45;33,553
01.01.2024;13:00;33,546
01.01.2024;13:15;33,522999999999996
01.01.2024;13:30;33,5
01.01.2024;13:45;33,477000000000004
01.01.2024;14:00;33,454
01.01.2024;14:15;33,5195
01.01.2024;14:30;33,585
01.01.2024;14:45;33,6505
01.01.2024;15:00;33,716
01.01.2024;15:15;34,701
01.01.2024;15:30;35,686
01.01.2024;15:45;36,671
01.01.2024;16:00;37,656
01.01.2024;16:15;37,82775
01.01.2024;16:30;37,9995
01.01.2024;16:45;38,17125
01.01.2024;17:00;38,343
01.01.2024;17:15;38,54475
01.01.2024;17:30;38,7465
01.01.2024;17:45;38,94825
01.01.2024;18:00;39,15
01.01.2024;18:15;39,05625
01.01.2024;18:30;38,9625
01.01.2024;18:45;38,86875
01.01.2024;19:00;38,775
01.01.2024;19:15;38,619
01.01.2024;19:30;38,463
01.01.2024;19:45;38,307
01.01.2024;20:00;38,151
01.01.2024;20:15;38,0245
01.01.2024;20:30;37,898
01.01.2024;20:45;37,7715
01.01.2024;21:00;37,645
01.01.2024;21:15;37,7485
01.01.2024;21:30;37,852000000000004
01.01.2024;21:45;37,9555
01.01.2024;22:00;38,059
01.01.2024;22:15;37,7705
01.01.2024;22:30;37,482
01.01.2024;22:45;37,1935
01.01.2024;23:00;36,905
01.01.2024;23:15;36,781
01.01.2024;23:30;36,657
01.01.2024;23:45;36,533
02.01.2024;00:00;36,409
02.01.2024;00:15;36,146
02.01.2024;00:30;35,882999999999996
02.01.2024;00:45;35,62
02.01.2024;01:00;35,357
02.01.2024;01:15;35,631
02.01.2024;01:30;35,905
02.01.2024;01:45;36,179
02.01.2024;02:00;36,453
02.01.2024;02:15;36,137
02.01.2024;02:30;35,821
02.01.2024;02:45;35,505
02.01.2024;03:00;35,189
02.01.2024;03:15;35,00625
02.01.2024;03:30;34,823499999999996
02.01.2024;03:45;34,64075
02.01.2024;04:00;34,458
02.01.2024;04:15;34,5255
02.01.2024;04:30;34,593
02.01.2024;04:45;34,6605
02.01.2024;05:00;34,728
02.01.2024;05:15;35,57425
02.01.2024;05:30;36,420500000000004
02.01.2024;05:45;37,26675
02.01.2024;06:00;38,113
02.01.2024;06:15;38,37475
02.01.2024;06:30;38,6365
02.01.2024;06:45;38,89825
02.01.2024;07:00;39,16
02.01.2024;07:15;39,34925
02.01.2024;07:30;39,5385
02.01.2024;07:45;39,72775
02.01.2024;08:00;39,917
02.01.2024;08:15;39,8935
02.01.2024;08:30;39,870000000000005
02.01.2024;08:45;39,8465
02.01.2024;09:00;39,823
02.01.2024;09:15;39,929249999999996
02.01.2024;09:30;40,0355
02.01.2024;09:45;40,14175
02.01.2024;10:00;40,248
02.01.2024;10:15;40,361999999999995
02.01.2024;10:30;40,476
02.01.2024;10:45;40,59
02.01.2024;11:00;40,704
02.01.2024;11:15;40,8195
02.01.2024;11:30;40,935
02.01.2024;11:45;41,0505
02.01.2024;12:00;41,166
02.01.2024;12:15;41,183749999999996
02.01.2024;12:30;41,201499999999996
02.01.2024;12:45;41,21925
02.01.2024;13:00;41,237
02.01.2024;13:15;41,24625
02.01.2024;13:30;41,2555
02.01.2024;13:45;41,26475
02.01.2024;14:00;41,274
02.01.2024;14:15;41,292
02.01.2024;14:30;41,31
02.01.2024;14:45;41,327999999999996
02.01.2024;15:00;41,346
02.01.2024;15:15;41,433499999999995
02.01.2024;15:30;41,521
02.01.2024;15:45;41,6085
02.01.2024;16:00;41,696
02.01.2024;16:15;41,6325
02.01.2024;16:30;41,569
02.01.2024;16:45;41,5055
02.01.2024;17:00;41,442
02.01.2024;17:15;41,29275
02.01.2024;17:30;41,1435
02.01.2024;17:45;40,99425
02.01.2024;18:00;40,845
02.01.2024;18:15;40,55075
02.01.2024;18:30;40,2565
02.01.2024;18:45;39,96225
02.01.2024;19:00;39,668
02.01.2024;19:15;39,51625
02.01.2024;19:30;39,3645
02.01.2024;19:45;39,21275
02.01.2024;20:00;39,061
02.01.2024;20:15;38,8055
02.01.2024;20:30;38,55
02.01.2024;20:45;38,2945
02.01.2024;21:00;38,039
02.01.2024;21:15;37,86675
02.01.2024;21:30;37,694500000000005
02.01.2024;21:45;37,52225
02.01.2024;22:00;37,35
02.01.2024;22:15;36,53575
02.01.2024;22:30;35,721500000000006
02.01.2024;22:45;34,907250000000005
02.01.2024;23:00;34,093
02.01.2024;23:15;33,90525
02.01.2024;23:30;33,7175
02.01.2024;23:45;33,52975
03.01.2024;00:00;33,342
03.01.2024;00:15;33,31325
03.01.2024;00:30;33,284499999999994
03.01.2024;00:45;33,25575
03.01.2024;01:00;33,227
03.01.2024;01:15;33,225249999999996
03.01.2024;01:30;33,2235
03.01.2024;01:45;33,22175
03.01.2024;02:00;33,22
03.01.2024;02:15;33,21975
03.01.2024;02:30;33,2195
03.01.2024;02:45;33,21925
03.01.2024;03:00;33,219
03.01.2024;03:15;33,219
03.01.2024;03:30;33,219
03.01.2024;03:45;33,219
03.01.2024;04:00;33,219
03.01.2024;04:15;33,21725
03.01.2024;04:30;33,215500000000006
03.01.2024;04:45;33,213750000000005
03.01.2024;05:00;33,212
03.01.2024;05:15;33,27375000000001
03.01.2024;05:30;33,3355
03.01.2024;05:45;33,39725
03.01.2024;06:00;33,459
03.01.2024;06:15;34,4465
03.01.2024;06:30;35,434
03.01.2024;06:45;36,4215
03.01.2024;07:00;37,409
03.01.2024;07:15;37,8845
03.01.2024;07:30;38,36
03.01.2024;07:45;38,835499999999996
03.01.2024;08:00;39,311
03.01.2024;08:15;39,336
03.01.2024;08:30;39,361000000000004
03.01.2024;08:45;39,386
03.01.2024;09:00;39,411
03.01.2024;09:15;39,320750000000004
03.01.2024;09:30;39,2305
03.01.2024;09:45;39,140249999999995
03.01.2024;10:00;39,05
03.01.2024;10:15;38,997249999999994
03.01.2024;10:30;38,9445
03.01.2024;10:45;38,89175
03.01.2024;11:00;38,839
03.01.2024;11:15;38,814
03.01.2024;11:30;38,789
03.01.2024;11:45;38,763999999999996
03.01.2024;12:00;38,739
03.01.2024;12:15;38,75225
03.01.2024;12:30;38,7655
03.01.2024;12:45;38,77875
03.01.2024;13:00;38,792
03.01.2024;13:15;38,953
03.01.2024;13:30;39,114000000000004
03.01.2024;13:45;39,275
03.01.2024;14:00;39,436
03.01.2024;14:15;39,594
03.01.2024;14:30;39,751999999999995
03.01.2024;14:45;39,91
03.01.2024;15:00;40,068
03.01.2024;15:15;40,22825
03.01.2024;15:30;40,3885
03.01.2024;15:45;40,54875
03.01.2024;16:00;40,709
03.01.2024;16:15;40,92625
03.01.2024;16:30;41,1435
03.01.2024;16:45;41,36075
03.01.2024;17:00;41,578
03.01.2024;17:15;41,59525
03.01.2024;17:30;41,6125
03.01.2024;17:45;41,62975
03.01.2024;18:00;41,647
03.01.2024;18:15;41,5485
03.01.2024;18:30;41,45
03.01.2024;18:45;41,3515
03.01.2024;19:00;41,253
03.01.2024;19:15;41,108000000000004
03.01.2024;19:30;40,963
03.01.2024;19:45;40,818
03.01.2024;20:00;40,673
03.01.2024;20:15;40,5275
03.01.2024;20:30;40,382000000000005
03.01.2024;20:45;40,2365
03.01.2024;21:00;40,091
03.01.2024;21:15;40,03075
03.01.2024;21:30;39,9705
03.01.2024;21:45;39,910250000000005
03.01.2024;22:00;39,85
03.01.2024;22:15;39,678
03.01.2024;22:30;39,506
03.01.2024;22:45;39,334
03.01.2024;23:00;39,162
03.01.2024;23:15;39,1415
03.01.2024;23:30;39,120999999999995
03.01.2024;23:45;39,1005
04.01.2024;00:00;39,08
04.01.2024;00:15;38,909
04.01.2024;00:30;38,738
04.01.2024;00:45;38,567
04.01.2024;01:00;38,396
04.01.2024;01:15;38,1345
04.01.2024;01:30;37,873000000000005
04.01.2024;01:45;37,6115
04.01.2024;02:00;37,35
04.01.2024;02:15;36,987
04.01.2024;02:30;36,624
04.01.2024;02:45;36,261
04.01.2024;03:00;35,898
04.01.2024;03:15;36,136
04.01.2024;03:30;36,374
04.01.2024;03:45;36,612
04.01.2024;04:00;36,85
04.01.2024;04:15;37,41825
04.01.2024;04:30;37,9865
04.01.2024;04:45;38,55475
04.01.2024;05:00;39,123
04.01.2024;05:15;39,495999999999995
04.01.2024;05:30;39,869
04.01.2024;05:45;40,242000000000004
04.01.2024;06:00;40,615
04.01.2024;06:15;40,92425
04.01.2024;06:30;41,2335
04.01.2024;06:45;41,54275
04.01.2024;07:00;41,852
04.01.2024;07:15;42,01325
04.01.2024;07:30;42,174499999999995
04.01.2024;07:45;42,33575
04.01.2024;08:00;42,497
04.01.2024;08:15;42,56525
04.01.2024;08:30;42,6335
04.01.2024;08:45;42,701750000000004
04.01.2024;09:00;42,77
04.01.2024;09:15;42,70525000000001
04.01.2024;09:30;42,6405
04.01.2024;09:45;42,57575
04.01.2024;10:00;42,511
04.01.2024;10:15;42,471500000000006
04.01.2024;10:30;42,432
04.01.2024;10:45;42,3925
04.01.2024;11:00;42,353
04.01.2024;11:15;42,25975
04.01.2024;11:30;42,1665
04.01.2024;11:45;42,07325
04.01.2024;12:00;41,98
04.01.2024;12:15;41,9715
04.01.2024;12:30;41,962999999999994
04.01.2024;12:45;41,954499999999996
04.01.2024;13:00;41,946
04.01.2024;13:15;42,09975
04.01.2024;13:30;42,2535
04.01.2024;13:45;42,40725
04.01.2024;14:00;42,561
04.01.2024;14:15;42,72375
04.01.2024;14:30;42,8865
04.01.2024;14:45;43,04925
04.01.2024;15:00;43,212
04.01.2024;15:15;43,38975000000001
04.01.2024;15:30;43,5675
04.01.2024;15:45;43,74525
04.01.2024;16:00;43,923
04.01.2024;16:15;44,6105
04.01.2024;16:30;45,298
04.01.2024;16:45;45,9855
04.01.2024;17:00;46,673
04.01.2024;17:15;46,9585
04.01.2024;17:30;47,244
04.01.2024;17:45;47,5295
04.01.2024;18:00;47,815
04.01.2024;18:15;47,32375
04.01.2024;18:30;46,832499999999996
04.01.2024;18:45;46,34125
04.01.2024;19:00;45,85
04.01.2024;19:15;45,314750000000004
04.01.2024;19:30;44,7795
04.01.2024;19:45;44,24425
04.01.2024;20:00;43,709
04.01.2024;20:15;43,6195
04.01.2024;20:30;43,53
04.01.2024;20:45;43,4405
04.01.2024;21:00;43,351
04.01.2024;21:15;43,22225
04.01.2024;21:30;43,0935
04.01.2024;21:45;42,964749999999995
04.01.2024;22:00;42,836
04.01.2024;22:15;42,685249999999996
04.01.2024;22:30;42,534499999999994
04.01.2024;22:45;42,38375
04.01.2024;23:00;42,233
04.01.2024;23:15;42,164249999999996
04.01.2024;23:30;42,0955
04.01.2024;23:45;42,02675
05.01.2024;00:00;41,958
05.01.2024;00:15;41,81875
05.01.2024;00:30;41,679500000000004
05.01.2024;00:45;41,54025
05.01.2024;01:00;41,401
05.01.2024;01:15;41,313500000000005
05.01.2024;01:30;41,226
05.01.2024;01:45;41,1385
05.01.2024;02:00;41,051
05.01.2024;02:15;40,956
05.01.2024;02:30;40,861000000000004
05.01.2024;02:45;40,766
05.01.2024;03:00;40,671
05.01.2024;03:15;40,692
05.01.2024;03:30;40,713
05.01.2024;03:45;40,734
05.01.2024;04:00;40,755
05.01.2024;04:15;40,804500000000004
05.01.2024;04:30;40,854
05.01.2024;04:45;40,9035
05.01.2024;05:00;40,953
05.01.2024;05:15;41,07725000000001
05.01.2024;05:30;41,2015
05.01.2024;05:45;41,32575
05.01.2024;06:00;41,45
05.01.2024;06:15;41,6
05.01.2024;06:30;41,75
05.01.2024;06:45;41,9
05.01.2024;07:00;42,05
05.01.2024;07:15;42,11425
05.01.2024;07:30;42,1785
05.01.2024;07:45;42,24275
05.01.2024;08:00;42,307
05.01.2024;08:15;42,441
05.01.2024;08:30;42,575
05.01.2024;08:45;42,709
05.01.2024;09:00;42,843
05.01.2024;09:15;42,87675
05.01.2024;09:30;42,9105
05.01.2024;09:45;42,944250000000004
05.01.2024;10:00;42,978
05.01.2024;10:15;43,0265
05.01.2024;10:30;43,075
05.01.2024;10:45;43,1235
05.01.2024;11:00;43,172
05.01.2024;11:15;43,022499999999994
05.01.2024;11:30;42,873
05.01.2024;11:45;42,7235
05.01.2024;12:00;42,574
05.01.2024;12:15;42,5565
05.01.2024;12:30;42,539
05.01.2024;12:45;42,521499999999996
05.01.2024;13:00;42,504
05.01.2024;13:15;42,62575
05.01.2024;13:30;42,7475
05.01.2024;13:45;42,86925
05.01.2024;14:00;42,991
05.01.2024;14:15;43,082
05.01.2024;14:30;43,173
05.01.2024;14:45;43,263999999999996
05.01.2024;15:00;43,355
05.01.2024;15:15;43,428
05.01.2024;15:30;43,501
05.01.2024;15:45;43,574
05.01.2024;16:00;43,647
05.01.2024;16:15;43,75725
05.01.2024;16:30;43,8675
05.01.2024;16:45;43,97775
05.01.2024;17:00;44,088
05.01.2024;17:15;44,11475
05.01.2024;17:30;44,1415
05.01.2024;17:45;44,16825
05.01.2024;18:00;44,195
05.01.2024;18:15;44,082750000000004
05.01.2024;18:30;43,9705
05.01.2024;18:45;43,85825
05.01.2024;19:00;43,746
05.01.2024;19:15;43,64925
05.01.2024;19:30;43,5525
05.01.2024;19:45;43,45575
05.01.2024;20:00;43,359
05.01.2024;20:15;43,2115
05.01.2024;20:30;43,064
05.01.2024;20:45;42,9165
05.01.2024;21:00;42,769
05.01.2024;21:15;42,78725
05.01.2024;21:30;42,805499999999995
05.01.2024;21:45;42,82375
05.01.2024;22:00;42,842
05.01.2024;22:15;42,638999999999996
05.01.2024;22:30;42,436
05.01.2024;22:45;42,233000000000004
05.01.2024;23:00;42,03
05.01.2024;23:15;41,916250000000005
05.01.2024;23:30;41,8025
05.01.2024;23:45;41,68875
06.01.2024;00:00;41,575
06.01.2024;00:15;41,52375
06.01.2024;00:30;41,4725
06.01.2024;00:45;41,42125
06.01.2024;01:00;41,37
06.01.2024;01:15;41,268249999999995
06.01.2024;01:30;41,1665
06.01.2024;01:45;41,064750000000004
06.01.2024;02:00;40,963
06.01.2024;02:15;40,885000000000005
06.01.2024;02:30;40,807
06.01.2024;02:45;40,729
06.01.2024;03:00;40,651
06.01.2024;03:15;40,651
06.01.2024;03:30;40,651
06.01.2024;03:45;40,651
06.01.2024;04:00;40,651
06.01.2024;04:15;40,6905
06.01.2024;04:30;40,730000000000004
06.01.2024;04:45;40,7695
06.01.2024;05:00;40,809
06.01.2024;05:15;40,821749999999994
06.01.2024;05:30;40,8345
06.01.2024;05:45;40,84725
06.01.2024;06:00;40,86
06.01.2024;06:15;41,01725
06.01.2024;06:30;41,174499999999995
06.01.2024;06:45;41,33175
06.01.2024;07:00;41,489
06.01.2024;07:15;41,664249999999996
06.01.2024;07:30;41,8395
06.01.2024;07:45;42,01475
06.01.2024;08:00;42,19
06.01.2024;08:15;42,28575
06.01.2024;08:30;42,3815
06.01.2024;08:45;42,47725
06.01.2024;09:00;42,573
06.01.2024;09:15;42,69975
06.01.2024;09:30;42,826499999999996
06.01.2024;09:45;42,95325
06.01.2024;10:00;43,08
06.01.2024;10:15;43,158249999999995
06.01.2024;10:30;43,2365
06.01.2024;10:45;43,314750000000004
06.01.2024;11:00;43,393
06.01.2024;11:15;43,36125
06.01.2024;11:30;43,329499999999996
06.01.2024;11:45;43,29775
06.01.2024;12:00;43,266
06.01.2024;12:15;43,1675
06.01.2024;12:30;43,069
06.01.2024;12:45;42,9705
06.01.2024;13:00;42,872
06.01.2024;13:15;42,80525
06.01.2024;13:30;42,7385
06.01.2024;13:45;42,671749999999996
06.01.2024;14:00;42,605
06.01.2024;14:15;42,668499999999995
06.01.2024;14:30;42,732
06.01.2024;14:45;42,795500000000004
06.01.2024;15:00;42,859
06.01.2024;15:15;42,978
06.01.2024;15:30;43,097
06.01.2024;15:45;43,216
06.01.2024;16:00;43,335
06.01.2024;16:15;43,4455
06.01.2024;16:30;43,556
06.01.2024;16:45;43,6665
06.01.2024;17:00;43,777
06.01.2024;17:15;43,761
06.01.2024;17:30;43,745000000000005
06.01.2024;17:45;43,729
06.01.2024;18:00;43,713
06.01.2024;18:15;43,59725
06.01.2024;18:30;43,4815
06.01.2024;18:45;43,36575
06.01.2024;19:00;43,25
06.01.2024;19:15;43,0785
06.01.2024;19:30;42,907
06.01.2024;19:45;42,7355
06.01.2024;20:00;42,564
06.01.2024;20:15;42,460499999999996
06.01.2024;20:30;42,357
06.01.2024;20:45;42,2535
06.01.2024;21:00;42,15
06.01.2024;21:15;42,11425
06.01.2024;21:30;42,0785
06.01.2024;21:45;42,04275
06.01.2024;22:00;42,007
06.01.2024;22:15;41,8395
06.01.2024;22:30;41,672
06.01.2024;22:45;41,5045
06.01.2024;23:00;41,337
06.01.2024;23:15;41,44225
06.01.2024;23:30;41,5475
06.01.2024;23:45;41,652750000000005
07.01.2024;00:00;41,758
07.01.2024;00:15;41,6515
07.01.2024;00:30;41,545
07.01.2024;00:45;41,438500000000005
07.01.2024;01:00;41,332
07.01.2024;01:15;41,2555
07.01.2024;01:30;41,179
07.01.2024;01:45;41,102500000000006
07.01.2024;02:00;41,026
07.01.2024;02:15;40,9435
07.01.2024;02:30;40,861000000000004
07.01.2024;02:45;40,7785
07.01.2024;03:00;40,696
07.01.2024;03:15;40,656
07.01.2024;03:30;40,616
07.01.2024;03:45;40,576
07.01.2024;04:00;40,536
07.01.2024;04:15;40,5415
07.01.2024;04:30;40,547
07.01.2024;04:45;40,5525
07.01.2024;05:00;40,558
07.01.2024;05:15;40,6285
07.01.2024;05:30;40,699
07.01.2024;05:45;40,7695
07.01.2024;06:00;40,84
07.01.2024;06:15;40,90975
07.01.2024;06:30;40,9795
07.01.2024;06:45;41,04925
07.01.2024;07:00;41,119
07.01.2024;07:15;41,2215
07.01.2024;07:30;41,324
07.01.2024;07:45;41,426500000000004
07.01.2024;08:00;41,529
07.01.2024;08:15;41,60575
07.01.2024;08:30;41,682500000000005
07.01.2024;08:45;41,75925
07.01.2024;09:00;41,836
07.01.2024;09:15;41,893249999999995
07.01.2024;09:30;41,9505
07.01.2024;09:45;42,00775
07.01.2024;10:00;42,065
07.01.2024;10:15;42,11475
07.01.2024;10:30;42,164500000000004
07.01.2024;10:45;42,21425
07.01.2024;11:00;42,264
07.01.2024;11:15;42,252
07.01.2024;11:30;42,24
07.01.2024;11:45;42,228
07.01.2024;12:00;42,216
07.01.2024;12:15;42,11975
07.01.2024;12:30;42,0235
07.01.2024;12:45;41,92725
07.01.2024;13:00;41,831
07.01.2024;13:15;41,819250000000004
07.01.2024;13:30;41,807500000000005
07.01.2024;13:45;41,79575
07.01.2024;14:00;41,784
07.01.2024;14:15;41,87575
07.01.2024;14:30;41,9675
07.01.2024;14:45;42,059250000000006
07.01.2024;15:00;42,151
07.01.2024;15:15;42,28625
07.01.2024;15:30;42,4215
07.01.2024;15:45;42,55675
07.01.2024;16:00;42,692
07.01.2024;16:15;42,90075
07.01.2024;16:30;43,1095
07.01.2024;16:45;43,31825
07.01.2024;17:00;43,527
07.01.2024;17:15;43,604
07.01.2024;17:30;43,681
07.01.2024;17:45;43,758
07.01.2024;18:00;43,835
07.01.2024;18:15;43,8025
07.01.2024;18:30;43,769999999999996
07.01.2024;18:45;43,7375
07.01.2024;19:00;43,705
07.01.2024;19:15;43,62875
07.01.2024;19:30;43,552499999999995
07.01.2024;19:45;43,47625
07.01.2024;20:00;43,4
07.01.2024;20:15;43,22025
07.01.2024;20:30;43,040499999999994
07.01.2024;20:45;42,860749999999996
07.01.2024;21:00;42,681
07.01.2024;21:15;42,6275
07.01.2024;21:30;42,574
07.01.2024;21:45;42,5205
07.01.2024;22:00;42,467
07.01.2024;22:15;42,28425
07.01.2024;22:30;42,1015
07.01.2024;22:45;41,918749999999996
07.01.2024;23:00;41,736
07.01.2024;23:15;41,815
07.01.2024;23:30;41,894
07.01.2024;23:45;41,973
08.01.2024;00:00;42,052
08.01.2024;00:15;41,9845
08.01.2024;00:30;41,917
08.01.2024;00:45;41,8495
08.01.2024;01:00;41,782
08.01.2024;01:15;41,7195
08.01.2024;01:30;41,657
08.01.2024;01:45;41,5945
08.01.2024;02:00;41,532
08.01.2024;02:15;41,46425
08.01.2024;02:30;41,3965
08.01.2024;02:45;41,32875
08.01.2024;03:00;41,261
08.01.2024;03:15;41,24525
08.01.2024;03:30;41,2295
08.01.2024;03:45;41,213750000000005
08.01.2024;04:00;41,198
08.01.2024;04:15;41,2885
08.01.2024;04:30;41,379000000000005
08.01.2024;04:45;41,469500000000004
08.01.2024;05:00;41,56
08.01.2024;05:15;41,865
08.01.2024;05:30;42,17
08.01.2024;05:45;42,475
08.01.2024;06:00;42,78
08.01.2024;06:15;43,2
08.01.2024;06:30;43,620000000000005
08.01.2024;06:45;44,04
08.01.2024;07:00;44,46
08.01.2024;07:15;44,71025
08.01.2024;07:30;44,960499999999996
08.01.2024;07:45;45,21075
08.01.2024;08:00;45,461
08.01.2024;08:15;45,379
08.01.2024;08:30;45,297
08.01.2024;08:45;45,215
08.01.2024;09:00;45,133
08.01.2024;09:15;44,95225
08.01.2024;09:30;44,7715
08.01.2024;09:45;44,59075
08.01.2024;10:00;44,41
08.01.2024;10:15;44,22
08.01.2024;10:30;44,03
08.01.2024;10:45;43,839999999999996
08.01.2024;11:00;43,65
08.01.2024;11:15;43,4625
08.01.2024;11:30;43,275
08.01.2024;11:45;43,0875
08.01.2024;12:00;42,9
08.01.2024;12:15;42,8275
08.01.2024;12:30;42,754999999999995
08.01.2024;12:45;42,6825
08.01.2024;13:00;42,61
08.01.2024;13:15;42,795
08.01.2024;13:30;42,980000000000004
08.01.2024;13:45;43,165
08.01.2024;14:00;43,35
08.01.2024;14:15;43,5495
08.01.2024;14:30;43,749
08.01.2024;14:45;43,9485
08.01.2024;15:00;44,148
08.01.2024;15:15;44,37025
08.01.2024;15:30;44,5925
08.01.2024;15:45;44,814750000000004
08.01.2024;16:00;45,037
08.01.2024;16:15;45,3435
08.01.2024;16:30;45,65
08.01.2024;16:45;45,9565
08.01.2024;17:00;46,263
08.01.2024;17:15;46,285
08.01.2024;17:30;46,307
08.01.2024;17:45;46,329
08.01.2024;18:00;46,351
08.01.2024;18:15;46,15375
08.01.2024;18:30;45,9565
08.01.2024;18:45;45,759249999999994
08.01.2024;19:00;45,562
08.01.2024;19:15;45,36425
08.01.2024;19:30;45,1665
08.01.2024;19:45;44,96875
08.01.2024;20:00;44,771
08.01.2024;20:15;44,4865
08.01.2024;20:30;44,202
08.01.2024;20:45;43,917500000000004
08.01.2024;21:00;43,633
08.01.2024;21:15;43,56175
08.01.2024;21:30;43,4905
08.01.2024;21:45;43,41925
08.01.2024;22:00;43,348
08.01.2024;22:15;43,13575
08.01.2024;22:30;42,923500000000004
08.01.2024;22:45;42,71125
08.01.2024;23:00;42,499
08.01.2024;23:15;42,41575
08.01.2024;23:30;42,332499999999996
08.01.2024;23:45;42,249249999999996
09.01.2024;00:00;42,166
09.01.2024;00:15;42,138
09.01.2024;00:30;42,11
09.01.2024;00:45;42,082
09.01.2024;01:00;42,054
09.01.2024;01:15;42,003
09.01.2024;01:30;41,952
09.01.2024;01:45;41,901
09.01.2024;02:00;41,85
09.01.2024;02:15;41,828500000000005
09.01.2024;02:30;41,807
09.01.2024;02:45;41,7855
09.01.2024;03:00;41,764
09.01.2024;03:15;41,8035
09.01.2024;03:30;41,843
09.01.2024;03:45;41,8825
09.01.2024;04:00;41,922
09.01.2024;04:15;42,010999999999996
09.01.2024;04:30;42,099999999999994
09.01.2024;04:45;42,189
09.01.2024;05:00;42,278
09.01.2024;05:15;42,75875
09.01.2024;05:30;43,2395
09.01.2024;05:45;43,72025
09.01.2024;06:00;44,201
09.01.2024;06:15;44,58975
09.01.2024;06:30;44,9785
09.01.2024;06:45;45,36725
09.01.2024;07:00;45,756
09.01.2024;07:15;45,9855
09.01.2024;07:30;46,215
09.01.2024;07:45;46,4445
09.01.2024;08:00;46,674
09.01.2024;08:15;46,36575
09.01.2024;08:30;46,057500000000005
09.01.2024;08:45;45,74925
09.01.2024;09:00;45,441
09.01.2024;09:15;45,248000000000005
09.01.2024;09:30;45,055
09.01.2024;09:45;44,861999999999995
09.01.2024;10:00;44,669
09.01.2024;10:15;44,48375
09.01.2024;10:30;44,2985
09.01.2024;10:45;44,113249999999994
09.01.2024;11:00;43,928
09.01.2024;11:15;43,789
09.01.2024;11:30;43,65
09.01.2024;11:45;43,510999999999996
09.01.2024;12:00;43,372
09.01.2024;12:15;43,387
09.01.2024;12:30;43,402
09.01.2024;12:45;43,417
09.01.2024;13:00;43,432
09.01.2024;13:15;43,68375
09.01.2024;13:30;43,935500000000005
09.01.2024;13:45;44,18725
09.01.2024;14:00;44,439
09.01.2024;14:15;44,65175
09.01.2024;14:30;44,8645
09.01.2024;14:45;45,07725
09.01.2024;15:00;45,29
09.01.2024;15:15;45,50125
09.01.2024;15:30;45,7125
09.01.2024;15:45;45,92375
09.01.2024;16:00;46,135
09.01.2024;16:15;46,38475
09.01.2024;16:30;46,6345
09.01.2024;16:45;46,88425
09.01.2024;17:00;47,134
09.01.2024;17:15;47,133
09.01.2024;17:30;47,132000000000005
09.01.2024;17:45;47,131
09.01.2024;18:00;47,13
09.01.2024;18:15;46,945750000000004
09.01.2024;18:30;46,7615
09.01.2024;18:45;46,57725
09.01.2024;19:00;46,393
09.01.2024;19:15;46,13825
09.01.2024;19:30;45,8835
09.01.2024;19:45;45,628750000000004
09.01.2024;20:00;45,374
09.01.2024;20:15;45,160000000000004
09.01.2024;20:30;44,946
09.01.2024;20:45;44,732
09.01.2024;21:00;44,518
09.01.2024;21:15;44,3805
09.01.2024;21:30;44,243
09.01.2024;21:45;44,105500000000006
09.01.2024;22:00;43,968
09.01.2024;22:15;43,740750000000006
09.01.2024;22:30;43,5135
09.01.2024;22:45;43,286249999999995
09.01.2024;23:00;43,059
09.01.2024;23:15;42,864
09.01.2024;23:30;42,669
09.01.2024;23:45;42,474000000000004
10.01.2024;00:00;42,279
10.01.2024;00:15;42,21575
10.01.2024;00:30;42,1525
10.01.2024;00:45;42,08925000000001
10.01.2024;01:00;42,026
10.01.2024;01:15;42,02525
10.01.2024;01:30;42,0245
10.01.2024;01:45;42,02375000000001
10.01.2024;02:00;42,023
10.01.2024;02:15;42,007000000000005
10.01.2024;02:30;41,991
10.01.2024;02:45;41,975
10.01.2024;03:00;41,959
10.01.2024;03:15;41,96425
10.01.2024;03:30;41,9695
10.01.2024;03:45;41,97475
10.01.2024;04:00;41,98
10.01.2024;04:15;42,04875
10.01.2024;04:30;42,1175
10.01.2024;04:45;42,18625
10.01.2024;05:00;42,255
10.01.2024;05:15;42,750750000000004
10.01.2024;05:30;43,2465
10.01.2024;05:45;43,74225
10.01.2024;06:00;44,238
10.01.2024;06:15;44,673249999999996
10.01.2024;06:30;45,1085
10.01.2024;06:45;45,54375
10.01.2024;07:00;45,979
10.01.2024;07:15;46,35375
10.01.2024;07:30;46,7285
10.01.2024;07:45;47,10325
10.01.2024;08:00;47,478
10.01.2024;08:15;47,20575
10.01.2024;08:30;46,9335
10.01.2024;08:45;46,66125
10.01.2024;09:00;46,389
10.01.2024;09:15;46,093250000000005
10.01.2024;09:30;45,7975
10.01.2024;09:45;45,50175
10.01.2024;10:00;45,206
10.01.2024;10:15;44,97025
10.01.2024;10:30;44,7345
10.01.2024;10:45;44,49875
10.01.2024;11:00;44,263
10.01.2024;11:15;44,089999999999996
10.01.2024;11:30;43,917
10.01.2024;11:45;43,744
10.01.2024;12:00;43,571
10.01.2024;12:15;43,656
10.01.2024;12:30;43,741
10.01.2024;12:45;43,826
10.01.2024;13:00;43,911
10.01.2024;13:15;44,0935
10.01.2024;13:30;44,275999999999996
10.01.2024;13:45;44,4585
10.01.2024;14:00;44,641
10.01.2024;14:15;44,91325
10.01.2024;14:30;45,1855
10.01.2024;14:45;45,45775
10.01.2024;15:00;45,73
10.01.2024;15:15;46,001
10.01.2024;15:30;46,272
10.01.2024;15:45;46,543
10.01.2024;16:00;46,814
10.01.2024;16:15;47,04275
10.01.2024;16:30;47,2715
10.01.2024;16:45;47,50025
10.01.2024;17:00;47,729
10.01.2024;17:15;47,63425
10.01.2024;17:30;47,539500000000004
10.01.2024;17:45;47,44475
10.01.2024;18:00;47,35
10.01.2024;18:15;47,15375
10.01.2024;18:30;46,957499999999996
10.01.2024;18:45;46,76125
10.01.2024;19:00;46,565
10.01.2024;19:15;46,26125
10.01.2024;19:30;45,957499999999996
10.01.2024;19:45;45,65375
10.01.2024;20:00;45,35
10.01.2024;20:15;45,094
10.01.2024;20:30;44,838
10.01.2024;20:45;44,582
10.01.2024;21:00;44,326
10.01.2024;21:15;44,19425
10.01.2024;21:30;44,0625
10.01.2024;21:45;43,93075
10.01.2024;22:00;43,799
10.01.2024;22:15;43,5875
10.01.2024;22:30;43,376000000000005
10.01.2024;22:45;43,164500000000004
10.01.2024;23:00;42,953
10.01.2024;23:15;42,846000000000004
10.01.2024;23:30;42,739000000000004
10.01.2024;23:45;42,632
11.01.2024;00:00;42,525
11.01.2024;00:15;42,446
11.01.2024;00:30;42,367000000000004
11.01.2024;00:45;42,288000000000004
11.01.2024;01:00;42,209
11.01.2024;01:15;42,1755
11.01.2024;01:30;42,142
11.01.2024;01:45;42,10850000000001
11.01.2024;02:00;42,075
11.01.2024;02:15;41,953250000000004
11.01.2024;02:30;41,831500000000005
11.01.2024;02:45;41,70975
11.01.2024;03:00;41,588
11.01.2024;03:15;41,57725
11.01.2024;03:30;41,566500000000005
11.01.2024;03:45;41,55575
11.01.2024;04:00;41,545
11.01.2024;04:15;41,73025
11.01.2024;04:30;41,9155
11.01.2024;04:45;42,100750000000005
11.01.2024;05:00;42,286
11.01.2024;05:15;42,603750000000005
11.01.2024;05:30;42,9215
11.01.2024;05:45;43,23925
11.01.2024;06:00;43,557
11.01.2024;06:15;43,92675
11.01.2024;06:30;44,2965
11.01.2024;06:45;44,666250000000005
11.01.2024;07:00;45,036
11.01.2024;07:15;45,6395
11.01.2024;07:30;46,243
11.01.2024;07:45;46,846500000000006
11.01.2024;08:00;47,45
11.01.2024;08:15;47,154
11.01.2024;08:30;46,858000000000004
11.01.2024;08:45;46,562
11.01.2024;09:00;46,266
11.01.2024;09:15;45,87825
11.01.2024;09:30;45,4905
11.01.2024;09:45;45,10275
11.01.2024;10:00;44,715
11.01.2024;10:15;44,53575
11.01.2024;10:30;44,3565
11.01.2024;10:45;44,17725
11.01.2024;11:00;43,998
11.01.2024;11:15;43,820499999999996
11.01.2024;11:30;43,643
11.01.2024;11:45;43,4655
11.01.2024;12:00;43,288
11.01.2024;12:15;43,278499999999994
11.01.2024;12:30;43,269
11.01.2024;12:45;43,2595
11.01.2024;13:00;43,25
11.01.2024;13:15;43,4245
11.01.2024;13:30;43,599000000000004
11.01.2024;13:45;43,7735
11.01.2024;14:00;43,948
11.01.2024;14:15;44,2475
11.01.2024;14:30;44,547
11.01.2024;14:45;44,8465
11.01.2024;15:00;45,146
11.01.2024;15:15;45,63075
11.01.2024;15:30;46,1155
11.01.2024;15:45;46,60025
11.01.2024;16:00;47,085
11.01.2024;16:15;47,4035
11.01.2024;16:30;47,722
11.01.2024;16:45;48,0405
11.01.2024;17:00;48,359
11.01.2024;17:15;48,024
11.01.2024;17:30;47,689
11.01.2024;17:45;47,354
11.01.2024;18:00;47,019
11.01.2024;18:15;46,9095
11.01.2024;18:30;46,8
11.01.2024;18:45;46,6905
11.01.2024;19:00;46,581
11.01.2024;19:15;46,22025
11.01.2024;19:30;45,8595
11.01.2024;19:45;45,49875
11.01.2024;20:00;45,138
11.01.2024;20:15;44,87075
11.01.2024;20:30;44,6035
11.01.2024;20:45;44,33625
11.01.2024;21:00;44,069
11.01.2024;21:15;43,889250000000004
11.01.2024;21:30;43,709500000000006
11.01.2024;21:45;43,52975
11.01.2024;22:00;43,35
11.01.2024;22:15;43,2805
11.01.2024;22:30;43,211
11.01.2024;22:45;43,1415
11.01.2024;23:00;43,072
11.01.2024;23:15;42,917500000000004
11.01.2024;23:30;42,763000000000005
11.01.2024;23:45;42,6085
12.01.2024;00:00;42,454
12.01.2024;00:15;42,3835
12.01.2024;00:30;42,313
12.01.2024;00:45;42,2425
12.01.2024;01:00;42,172
12.01.2024;01:15;42,096999999999994
12.01.2024;01:30;42,022
12.01.2024;01:45;41,947
12.01.2024;02:00;41,872
12.01.2024;02:15;41,85725
12.01.2024;02:30;41,8425
12.01.2024;02:45;41,82775
12.01.2024;03:00;41,813
12.01.2024;03:15;41,80575
12.01.2024;03:30;41,798500000000004
12.01.2024;03:45;41,79125
12.01.2024;04:00;41,784
12.01.2024;04:15;41,808499999999995
12.01.2024;04:30;41,833
12.01.2024;04:45;41,8575
12.01.2024;05:00;41,882
12.01.2024;05:15;42,05175
12.01.2024;05:30;42,2215
12.01.2024;05:45;42,39125
12.01.2024;06:00;42,561
12.01.2024;06:15;43,21225
12.01.2024;06:30;43,8635
12.01.2024;06:45;44,51475
12.01.2024;07:00;45,166
12.01.2024;07:15;45,7305
12.01.2024;07:30;46,295
12.01.2024;07:45;46,8595
12.01.2024;08:00;47,424
12.01.2024;08:15;47,2795
12.01.2024;08:30;47,135
12.01.2024;08:45;46,9905
12.01.2024;09:00;46,846
12.01.2024;09:15;46,52225
12.01.2024;09:30;46,198499999999996
12.01.2024;09:45;45,87475
12.01.2024;10:00;45,551
12.01.2024;10:15;45,369
12.01.2024;10:30;45,187
12.01.2024;10:45;45,005
12.01.2024;11:00;44,823
12.01.2024;11:15;44,62925
12.01.2024;11:30;44,435500000000005
12.01.2024;11:45;44,24175
12.01.2024;12:00;44,048
12.01.2024;12:15;43,950500000000005
12.01.2024;12:30;43,853
12.01.2024;12:45;43,7555
12.01.2024;13:00;43,658
12.01.2024;13:15;43,694500000000005
12.01.2024;13:30;43,731
12.01.2024;13:45;43,7675
12.01.2024;14:00;43,804
12.01.2024;14:15;43,9405
12.01.2024;14:30;44,077
12.01.2024;14:45;44,2135
12.01.2024;15:00;44,35
12.01.2024;15:15;44,6
12.01.2024;15:30;44,85
12.01.2024;15:45;45,1
12.01.2024;16:00;45,35
12.01.2024;16:15;45,5375
12.01.2024;16:30;45,725
12.01.2024;16:45;45,9125
12.01.2024;17:00;46,1
12.01.2024;17:15;46,0625
12.01.2024;17:30;46,025000000000006
12.01.2024;17:45;45,987500000000004
12.01.2024;18:00;45,95
12.01.2024;18:15;45,78675
12.01.2024;18:30;45,6235
12.01.2024;18:45;45,46025
12.01.2024;19:00;45,297
12.01.2024;19:15;45,03
12.01.2024;19:30;44,763
12.01.2024;19:45;44,495999999999995
12.01.2024;20:00;44,229
12.01.2024;20:15;43,97125
12.01.2024;20:30;43,713499999999996
12.01.2024;20:45;43,45575
12.01.2024;21:00;43,198
12.01.2024;21:15;43,07025
12.01.2024;21:30;42,942499999999995
12.01.2024;21:45;42,81475
12.01.2024;22:00;42,687
12.01.2024;22:15;42,487249999999996
12.01.2024;22:30;42,287499999999994
12.01.2024;22:45;42,08775
12.01.2024;23:00;41,888
12.01.2024;23:15;42,0035
12.01.2024;23:30;42,119
12.01.2024;23:45;42,2345
13.01.2024;00:00;42,35
13.01.2024;00:15;42,225
13.01.2024;00:30;42,1
13.01.2024;00:45;41,975
13.01.2024;01:00;41,85
13.01.2024;01:15;41,775
13.01.2024;01:30;41,7
13.01.2024;01:45;41,625
13.01.2024;02:00;41,55
13.01.2024;02:15;41,461749999999995
13.01.2024;02:30;41,3735
13.01.2024;02:45;41,285250000000005
13.01.2024;03:00;41,197
13.01.2024;03:15;41,11025
13.01.2024;03:30;41,0235
13.01.2024;03:45;40,93675
13.01.2024;04:00;40,85
13.01.2024;04:15;40,848
13.01.2024;04:30;40,846000000000004
13.01.2024;04:45;40,844
13.01.2024;05:00;40,842
13.01.2024;05:15;40,921499999999995
13.01.2024;05:30;41,001
13.01.2024;05:45;41,0805
13.01.2024;06:00;41,16
13.01.2024;06:15;41,263
13.01.2024;06:30;41,366
13.01.2024;06:45;41,469
13.01.2024;07:00;41,572
13.01.2024;07:15;41,648
13.01.2024;07:30;41,724000000000004
13.01.2024;07:45;41,8
13.01.2024;08:00;41,876
13.01.2024;08:15;41,622249999999994
13.01.2024;08:30;41,3685
13.01.2024;08:45;41,11475
13.01.2024;09:00;40,861
13.01.2024;09:15;40,838499999999996
13.01.2024;09:30;40,816
13.01.2024;09:45;40,7935
13.01.2024;10:00;40,771
13.01.2024;10:15;40,73375
13.01.2024;10:30;40,6965
13.01.2024;10:45;40,65925
13.01.2024;11:00;40,622
13.01.2024;11:15;40,56275
13.01.2024;11:30;40,5035
13.01.2024;11:45;40,44425
13.01.2024;12:00;40,385
13.01.2024;12:15;40,217999999999996
13.01.2024;12:30;40,051
13.01.2024;12:45;39,884
13.01.2024;13:00;39,717
13.01.2024;13:15;39,823
13.01.2024;13:30;39,929
13.01.2024;13:45;40,035
13.01.2024;14:00;40,141
13.01.2024;14:15;40,1585
13.01.2024;14:30;40,176
13.01.2024;14:45;40,1935
13.01.2024;15:00;40,211
13.01.2024;15:15;40,265249999999995
13.01.2024;15:30;40,3195
13.01.2024;15:45;40,37375
13.01.2024;16:00;40,428
13.01.2024;16:15;40,513999999999996
13.01.2024;16:30;40,599999999999994
13.01.2024;16:45;40,686
13.01.2024;17:00;40,772
13.01.2024;17:15;40,811749999999996
13.01.2024;17:30;40,8515
13.01.2024;17:45;40,89125
13.01.2024;18:00;40,931
13.01.2024;18:15;40,881249999999994
13.01.2024;18:30;40,8315
13.01.2024;18:45;40,78175
13.01.2024;19:00;40,732
13.01.2024;19:15;40,713
13.01.2024;19:30;40,694
13.01.2024;19:45;40,675
13.01.2024;20:00;40,656
13.01.2024;20:15;40,60275
13.01.2024;20:30;40,549499999999995
13.01.2024;20:45;40,496249999999996
13.01.2024;21:00;40,443
13.01.2024;21:15;40,277249999999995
13.01.2024;21:30;40,1115
13.01.2024;21:45;39,945750000000004
13.01.2024;22:00;39,78
13.01.2024;22:15;39,7515
13.01.2024;22:30;39,723
13.01.2024;22:45;39,6945
13.01.2024;23:00;39,666
13.01.2024;23:15;39,6875
13.01.2024;23:30;39,709
13.01.2024;23:45;39,7305
14.01.2024;00:00;39,752
14.01.2024;00:15;39,70425
14.01.2024;00:30;39,6565
14.01.2024;00:45;39,60875
14.01.2024;01:00;39,561
14.01.2024;01:15;39,5815
14.01.2024;01:30;39,602000000000004
14.01.2024;01:45;39,6225
14.01.2024;02:00;39,643
14.01.2024;02:15;39,67
14.01.2024;02:30;39,697
14.01.2024;02:45;39,724
14.01.2024;03:00;39,751
14.01.2024;03:15;39,7675
14.01.2024;03:30;39,784
14.01.2024;03:45;39,8005
14.01.2024;04:00;39,817
14.01.2024;04:15;39,83025
14.01.2024;04:30;39,8435
14.01.2024;04:45;39,85675
14.01.2024;05:00;39,87
14.01.2024;05:15;39,92275
14.01.2024;05:30;39,9755
14.01.2024;05:45;40,02825
14.01.2024;06:00;40,081
14.01.2024;06:15;40,189750000000004
14.01.2024;06:30;40,298500000000004
14.01.2024;06:45;40,40725
14.01.2024;07:00;40,516
14.01.2024;07:15;40,643
14.01.2024;07:30;40,769999999999996
14.01.2024;07:45;40,897
14.01.2024;08:00;41,024
14.01.2024;08:15;41,134
14.01.2024;08:30;41,244
14.01.2024;08:45;41,354
14.01.2024;09:00;41,464
14.01.2024;09:15;41,45125
14.01.2024;09:30;41,4385
14.01.2024;09:45;41,425749999999994
14.01.2024;10:00;41,413
14.01.2024;10:15;41,44325
14.01.2024;10:30;41,4735
14.01.2024;10:45;41,50375
14.01.2024;11:00;41,534
14.01.2024;11:15;41,497749999999996
14.01.2024;11:30;41,4615
14.01.2024;11:45;41,425250000000005
14.01.2024;12:00;41,389
14.01.2024;12:15;41,30525
14.01.2024;12:30;41,221500000000006
14.01.2024;12:45;41,137750000000004
14.01.2024;13:00;41,054
14.01.2024;13:15;41,106750000000005
14.01.2024;13:30;41,1595
14.01.2024;13:45;41,21225
14.01.2024;14:00;41,265
14.01.2024;14:15;41,34425
14.01.2024;14:30;41,423500000000004
14.01.2024;14:45;41,50275
14.01.2024;15:00;41,582
14.01.2024;15:15;41,6895
14.01.2024;15:30;41,797
14.01.2024;15:45;41,9045
14.01.2024;16:00;42,012
14.01.2024;16:15;42,143
14.01.2024;16:30;42,274
14.01.2024;16:45;42,405
14.01.2024;17:00;42,536
14.01.2024;17:15;42,66375
14.01.2024;17:30;42,7915
14.01.2024;17:45;42,91925
14.01.2024;18:00;43,047
14.01.2024;18:15;42,8455
14.01.2024;18:30;42,644
14.01.2024;18:45;42,442499999999995
14.01.2024;19:00;42,241
14.01.2024;19:15;42,04325
14.01.2024;19:30;41,8455
14.01.2024;19:45;41,64775
14.01.2024;20:00;41,45
14.01.2024;20:15;41,39
14.01.2024;20:30;41,33
14.01.2024;20:45;41,27
14.01.2024;21:00;41,21
14.01.2024;21:15;41,12975
14.01.2024;21:30;41,0495
14.01.2024;21:45;40,96925
14.01.2024;22:00;40,889
14.01.2024;22:15;40,684000000000005
14.01.2024;22:30;40,479
14.01.2024;22:45;40,274
14.01.2024;23:00;40,069
14.01.2024;23:15;40,08675
14.01.2024;23:30;40,1045
14.01.2024;23:45;40,12225
15.01.2024;00:00;40,14
15.01.2024;00:15;40,0675
15.01.2024;00:30;39,995000000000005
15.01.2024;00:45;39,9225
15.01.2024;01:00;39,85
15.01.2024;01:15;39,8235
15.01.2024;01:30;39,797
15.01.2024;01:45;39,7705
15.01.2024;02:00;39,744
15.01.2024;02:15;39,6965
15.01.2024;02:30;39,649
15.01.2024;02:45;39,6015
15.01.2024;03:00;39,554
15.01.2024;03:15;39,554
15.01.2024;03:30;39,554
15.01.2024;03:45;39,554
15.01.2024;04:00;39,554
15.01.2024;04:15;39,73425
15.01.2024;04:30;39,914500000000004
15.01.2024;04:45;40,09475
15.01.2024;05:00;40,275
15.01.2024;05:15;40,5425
15.01.2024;05:30;40,81
15.01.2024;05:45;41,0775
15.01.2024;06:00;41,345
15.01.2024;06:15;41,44225
15.01.2024;06:30;41,539500000000004
15.01.2024;06:45;41,63675
15.01.2024;07:00;41,734
15.01.2024;07:15;42,1205
15.01.2024;07:30;42,507000000000005
15.01.2024;07:45;42,8935
15.01.2024;08:00;43,28
15.01.2024;08:15;43,30475
15.01.2024;08:30;43,329499999999996
15.01.2024;08:45;43,35425
15.01.2024;09:00;43,379
15.01.2024;09:15;43,24375
15.01.2024;09:30;43,1085
15.01.2024;09:45;42,97325
15.01.2024;10:00;42,838
15.01.2024;10:15;42,7225
15.01.2024;10:30;42,607
15.01.2024;10:45;42,4915
15.01.2024;11:00;42,376
15.01.2024;11:15;42,215999999999994
15.01.2024;11:30;42,056
15.01.2024;11:45;41,896
15.01.2024;12:00;41,736
15.01.2024;12:15;41,69325
15.01.2024;12:30;41,650499999999994
15.01.2024;12:45;41,607749999999996
15.01.2024;13:00;41,565
15.01.2024;13:15;41,62375
15.01.2024;13:30;41,6825
15.01.2024;13:45;41,741249999999994
15.01.2024;14:00;41,8
15.01.2024;14:15;41,9235
15.01.2024;14:30;42,047
15.01.2024;14:45;42,1705
15.01.2024;15:00;42,294
15.01.2024;15:15;42,495999999999995
15.01.2024;15:30;42,69799999999999
15.01.2024;15:45;42,9
15.01.2024;16:00;43,102
15.01.2024;16:15;43,3255
15.01.2024;16:30;43,549
15.01.2024;16:45;43,7725
15.01.2024;17:00;43,996
15.01.2024;17:15;44,1545
15.01.2024;17:30;44,313
15.01.2024;17:45;44,471500000000006
15.01.2024;18:00;44,63
15.01.2024;18:15;44,569500000000005
15.01.2024;18:30;44,509
15.01.2024;18:45;44,448499999999996
15.01.2024;19:00;44,388
15.01.2024;19:15;44,189
15.01.2024;19:30;43,989999999999995
15.01.2024;19:45;43,791
15.01.2024;20:00;43,592
15.01.2024;20:15;43,326
15.01.2024;20:30;43,06
15.01.2024;20:45;42,794
15.01.2024;21:00;42,528
15.01.2024;21:15;42,470749999999995
15.01.2024;21:30;42,4135
15.01.2024;21:45;42,35625
15.01.2024;22:00;42,299
15.01.2024;22:15;42,2225
15.01.2024;22:30;42,146
15.01.2024;22:45;42,069500000000005
15.01.2024;23:00;41,993
15.01.2024;23:15;41,8685
15.01.2024;23:30;41,744
15.01.2024;23:45;41,6195
16.01.2024;00:00;41,495
16.01.2024;00:15;41,4855
16.01.2024;00:30;41,476
16.01.2024;00:45;41,466499999999996
16.01.2024;01:00;41,457
16.01.2024;01:15;41,42825
16.01.2024;01:30;41,3995
16.01.2024;01:45;41,37075
16.01.2024;02:00;41,342
16.01.2024;02:15;41,29875
16.01.2024;02:30;41,2555
16.01.2024;02:45;41,21225
16.01.2024;03:00;41,169
16.01.2024;03:15;41,13849999999999
16.01.2024;03:30;41,108
16.01.2024;03:45;41,0775
16.01.2024;04:00;41,047
16.01.2024;04:15;41,159
16.01.2024;04:30;41,271
16.01.2024;04:45;41,382999999999996
16.01.2024;05:00;41,495
16.01.2024;05:15;41,8105
16.01.2024;05:30;42,126
16.01.2024;05:45;42,4415
16.01.2024;06:00;42,757
16.01.2024;06:15;43,274499999999996
16.01.2024;06:30;43,792
16.01.2024;06:45;44,3095
16.01.2024;07:00;44,827
16.01.2024;07:15;45,5605
16.01.2024;07:30;46,294
16.01.2024;07:45;47,0275
16.01.2024;08:00;47,761
16.01.2024;08:15;47,62325
16.01.2024;08:30;47,4855
16.01.2024;08:45;47,347750000000005
16.01.2024;09:00;47,21
16.01.2024;09:15;46,795
16.01.2024;09:30;46,379999999999995
16.01.2024;09:45;45,964999999999996
16.01.2024;10:00;45,55
16.01.2024;10:15;45,25
16.01.2024;10:30;44,95
16.01.2024;10:45;44,65
16.01.2024;11:00;44,35
16.01.2024;11:15;44,18575
16.01.2024;11:30;44,0215
16.01.2024;11:45;43,85725
16.01.2024;12:00;43,693
16.01.2024;12:15;43,48175
16.01.2024;12:30;43,2705
16.01.2024;12:45;43,05925
16.01.2024;13:00;42,848
16.01.2024;13:15;42,8735
16.01.2024;13:30;42,899
16.01.2024;13:45;42,9245
16.01.2024;14:00;42,95
16.01.2024;14:15;43,306250000000006
16.01.2024;14:30;43,6625
16.01.2024;14:45;44,01875
16.01.2024;15:00;44,375
16.01.2024;15:15;44,4035
16.01.2024;15:30;44,432
16.01.2024;15:45;44,460499999999996
16.01.2024;16:00;44,489
16.01.2024;16:15;44,908
16.01.2024;16:30;45,327
16.01.2024;16:45;45,745999999999995
16.01.2024;17:00;46,165
16.01.2024;17:15;46,144
16.01.2024;17:30;46,123000000000005
16.01.2024;17:45;46,102000000000004
16.01.2024;18:00;46,081
16.01.2024;18:15;45,6925
16.01.2024;18:30;45,304
16.01.2024;18:45;44,9155
16.01.2024;19:00;44,527
16.01.2024;19:15;44,120000000000005
16.01.2024;19:30;43,713
16.01.2024;19:45;43,306
16.01.2024;20:00;42,899
16.01.2024;20:15;42,667
16.01.2024;20:30;42,435
16.01.2024;20:45;42,202999999999996
16.01.2024;21:00;41,971
16.01.2024;21:15;41,866749999999996
16.01.2024;21:30;41,7625
16.01.2024;21:45;41,65825
16.01.2024;22:00;41,554
16.01.2024;22:15;41,44525
16.01.2024;22:30;41,3365
16.01.2024;22:45;41,22775
16.01.2024;23:00;41,119
16.01.2024;23:15;40,967
16.01.2024;23:30;40,815
16.01.2024;23:45;40,663000000000004
17.01.2024;00:00;40,511
17.01.2024;00:15;40,508750000000006
17.01.2024;00:30;40,5065
17.01.2024;00:45;40,50425
17.01.2024;01:00;40,502
17.01.2024;01:15;40,48125
17.01.2024;01:30;40,460499999999996
17.01.2024;01:45;40,43975
17.01.2024;02:00;40,419
17.01.2024;02:15;40,39525
17.01.2024;02:30;40,3715
17.01.2024;02:45;40,34775
17.01.2024;03:00;40,324
17.01.2024;03:15;40,31725
17.01.2024;03:30;40,3105
17.01.2024;03:45;40,303749999999994
17.01.2024;04:00;40,297
17.01.2024;04:15;40,336749999999995
17.01.2024;04:30;40,3765
17.01.2024;04:45;40,416250000000005
17.01.2024;05:00;40,456
17.01.2024;05:15;40,55675
17.01.2024;05:30;40,6575
17.01.2024;05:45;40,758250000000004
17.01.2024;06:00;40,859
17.01.2024;06:15;41,0915
17.01.2024;06:30;41,324
17.01.2024;06:45;41,5565
17.01.2024;07:00;41,789
17.01.2024;07:15;42,091750000000005
17.01.2024;07:30;42,3945
17.01.2024;07:45;42,69725
17.01.2024;08:00;43,0
17.01.2024;08:15;43,2415
17.01.2024;08:30;43,483000000000004
17.01.2024;08:45;43,7245
17.01.2024;09:00;43,966
17.01.2024;09:15;44,07025
17.01.2024;09:30;44,1745
17.01.2024;09:45;44,27875
17.01.2024;10:00;44,383
17.01.2024;10:15;44,40225
17.01.2024;10:30;44,4215
17.01.2024;10:45;44,44075
17.01.2024;11:00;44,46
17.01.2024;11:15;44,62525
17.01.2024;11:30;44,7905
17.01.2024;11:45;44,95575
17.01.2024;12:00;45,121
17.01.2024;12:15;45,22075
17.01.2024;12:30;45,3205
17.01.2024;12:45;45,42025
17.01.2024;13:00;45,52
17.01.2024;13:15;45,521
17.01.2024;13:30;45,522000000000006
17.01.2024;13:45;45,523
17.01.2024;14:00;45,524
17.01.2024;14:15;45,617000000000004
17.01.2024;14:30;45,71
17.01.2024;14:45;45,803
17.01.2024;15:00;45,896
17.01.2024;15:15;45,9735
17.01.2024;15:30;46,051
17.01.2024;15:45;46,1285
17.01.2024;16:00;46,206
17.01.2024;16:15;46,505
17.01.2024;16:30;46,804
17.01.2024;16:45;47,103
17.01.2024;17:00;47,402
17.01.2024;17:15;46,978750000000005
17.01.2024;17:30;46,5555
17.01.2024;17:45;46,13225
17.01.2024;18:00;45,709
17.01.2024;18:15;45,47625
17.01.2024;18:30;45,2435
17.01.2024;18:45;45,01075
17.01.2024;19:00;44,778
17.01.2024;19:15;44,666
17.01.2024;19:30;44,554
17.01.2024;19:45;44,442
17.01.2024;20:00;44,33
17.01.2024;20:15;44,11225
17.01.2024;20:30;43,8945
17.01.2024;20:45;43,67675
17.01.2024;21:00;43,459
17.01.2024;21:15;43,28875
17.01.2024;21:30;43,1185
17.01.2024;21:45;42,94825
17.01.2024;22:00;42,778
17.01.2024;22:15;42,52525
17.01.2024;22:30;42,2725
17.01.2024;22:45;42,01975
17.01.2024;23:00;41,767
17.01.2024;23:15;41,696
17.01.2024;23:30;41,625
17.01.2024;23:45;41,554
18.01.2024;00:00;41,483
18.01.2024;00:15;41,37975
18.01.2024;00:30;41,2765
18.01.2024;00:45;41,173249999999996
18.01.2024;01:00;41,07
18.01.2024;01:15;41,02225
18.01.2024;01:30;40,9745
18.01.2024;01:45;40,92675
18.01.2024;02:00;40,879
18.01.2024;02:15;40,8695
18.01.2024;02:30;40,86
18.01.2024;02:45;40,8505
18.01.2024;03:00;40,841
18.01.2024;03:15;40,9075
18.01.2024;03:30;40,974000000000004
18.01.2024;03:45;41,0405
18.01.2024;04:00;41,107
18.01.2024;04:15;41,192750000000004
18.01.2024;04:30;41,2785
18.01.2024;04:45;41,36425
18.01.2024;05:00;41,45
18.01.2024;05:15;41,711
18.01.2024;05:30;41,972
18.01.2024;05:45;42,233000000000004
18.01.2024;06:00;42,494
18.01.2024;06:15;42,99675
18.01.2024;06:30;43,4995
18.01.2024;06:45;44,002250000000004
18.01.2024;07:00;44,505
18.01.2024;07:15;44,8635
18.01.2024;07:30;45,222
18.01.2024;07:45;45,5805
18.01.2024;08:00;45,939
18.01.2024;08:15;45,846000000000004
18.01.2024;08:30;45,753
18.01.2024;08:45;45,66
18.01.2024;09:00;45,567
18.01.2024;09:15;45,28525
18.01.2024;09:30;45,0035
18.01.2024;09:45;44,72175
18.01.2024;10:00;44,44
18.01.2024;10:15;44,36625
18.01.2024;10:30;44,292500000000004
18.01.2024;10:45;44,21875
18.01.2024;11:00;44,145
18.01.2024;11:15;43,785000000000004
18.01.2024;11:30;43,425
18.01.2024;11:45;43,065
18.01.2024;12:00;42,705
18.01.2024;12:15;42,55675
18.01.2024;12:30;42,408500000000004
18.01.2024;12:45;42,26025
18.01.2024;13:00;42,112
18.01.2024;13:15;42,08225
18.01.2024;13:30;42,0525
18.01.2024;13:45;42,02275
18.01.2024;14:00;41,993
18.01.2024;14:15;42,188500000000005
18.01.2024;14:30;42,384
18.01.2024;14:45;42,579499999999996
18.01.2024;15:00;42,775
18.01.2024;15:15;42,90675
18.01.2024;15:30;43,0385
18.01.2024;15:45;43,170249999999996
18.01.2024;16:00;43,302
18.01.2024;16:15;43,431
18.01.2024;16:30;43,56
18.01.2024;16:45;43,689
18.01.2024;17:00;43,818
18.01.2024;17:15;43,7825
18.01.2024;17:30;43,747
18.01.2024;17:45;43,7115
18.01.2024;18:00;43,676
18.01.2024;18:15;43,457750000000004
18.01.2024;18:30;43,2395
18.01.2024;18:45;43,021249999999995
18.01.2024;19:00;42,803
18.01.2024;19:15;42,614
18.01.2024;19:30;42,425
18.01.2024;19:45;42,236
18.01.2024;20:00;42,047
18.01.2024;20:15;41,95075
18.01.2024;20:30;41,8545
18.01.2024;20:45;41,75825
18.01.2024;21:00;41,662
18.01.2024;21:15;41,60725
18.01.2024;21:30;41,552499999999995
18.01.2024;21:45;41,497749999999996
18.01.2024;22:00;41,443
18.01.2024;22:15;41,26
18.01.2024;22:30;41,077
18.01.2024;22:45;40,894
18.01.2024;23:00;40,711
18.01.2024;23:15;40,63525
18.01.2024;23:30;40,5595
18.01.2024;23:45;40,48375
19.01.2024;00:00;40,408
19.01.2024;00:15;40,31725
19.01.2024;00:30;40,2265
19.01.2024;00:45;40,13575
19.01.2024;01:00;40,045
19.01.2024;01:15;40,012
19.01.2024;01:30;39,979
19.01.2024;01:45;39,946
19.01.2024;02:00;39,913
19.01.2024;02:15;39,841249999999995
19.01.2024;02:30;39,769499999999994
19.01.2024;02:45;39,69775
19.01.2024;03:00;39,626
19.01.2024;03:15;39,64
19.01.2024;03:30;39,653999999999996
19.01.2024;03:45;39,668
19.01.2024;04:00;39,682
19.01.2024;04:15;39,78575
19.01.2024;04:30;39,8895
19.01.2024;04:45;39,99325
19.01.2024;05:00;40,097
19.01.2024;05:15;40,35875
19.01.2024;05:30;40,6205
19.01.2024;05:45;40,88225
19.01.2024;06:00;41,144
19.01.2024;06:15;41,37475
19.01.2024;06:30;41,6055
19.01.2024;06:45;41,83625
19.01.2024;07:00;42,067
19.01.2024;07:15;42,4945
19.01.2024;07:30;42,922
19.01.2024;07:45;43,3495
19.01.2024;08:00;43,777
19.01.2024;08:15;43,74675
19.01.2024;08:30;43,716499999999996
19.01.2024;08:45;43,68625
19.01.2024;09:00;43,656
19.01.2024;09:15;43,45825
19.01.2024;09:30;43,2605
19.01.2024;09:45;43,06275
19.01.2024;10:00;42,865
19.01.2024;10:15;42,645250000000004
19.01.2024;10:30;42,4255
19.01.2024;10:45;42,205749999999995
19.01.2024;11:00;41,986
19.01.2024;11:15;41,747749999999996
19.01.2024;11:30;41,5095
19.01.2024;11:45;41,27125
19.01.2024;12:00;41,033
19.01.2024;12:15;40,946
19.01.2024;12:30;40,859
19.01.2024;12:45;40,772000000000006
19.01.2024;13:00;40,685
19.01.2024;13:15;40,731500000000004
19.01.2024;13:30;40,778000000000006
19.01.2024;13:45;40,8245
19.01.2024;14:00;40,871
19.01.2024;14:15;40,927
19.01.2024;14:30;40,983000000000004
19.01.2024;14:45;41,039
19.01.2024;15:00;41,095
19.01.2024;15:15;41,275999999999996
19.01.2024;15:30;41,457
19.01.2024;15:45;41,638000000000005
19.01.2024;16:00;41,819
19.01.2024;16:15;42,04175
19.01.2024;16:30;42,2645
19.01.2024;16:45;42,48725
19.01.2024;17:00;42,71
19.01.2024;17:15;42,6625
19.01.2024;17:30;42,615
19.01.2024;17:45;42,5675
19.01.2024;18:00;42,52
19.01.2024;18:15;42,28325
19.01.2024;18:30;42,0465
19.01.2024;18:45;41,80975
19.01.2024;19:00;41,573
19.01.2024;19:15;41,36725
19.01.2024;19:30;41,161500000000004
19.01.2024;19:45;40,95575
19.01.2024;20:00;40,75
19.01.2024;20:15;40,678
19.01.2024;20:30;40,606
19.01.2024;20:45;40,534000000000006
19.01.2024;21:00;40,462
19.01.2024;21:15;40,400000000000006
19.01.2024;21:30;40,338
19.01.2024;21:45;40,275999999999996
19.01.2024;22:00;40,214
19.01.2024;22:15;40,116749999999996
19.01.2024;22:30;40,0195
19.01.2024;22:45;39,922250000000005
19.01.2024;23:00;39,825
19.01.2024;23:15;39,85625
19.01.2024;23:30;39,8875
19.01.2024;23:45;39,91875
20.01.2024;00:00;39,95
20.01.2024;00:15;39,886250000000004
20.01.2024;00:30;39,822500000000005
20.01.2024;00:45;39,75875
20.01.2024;01:00;39,695
20.01.2024;01:15;39,69725
20.01.2024;01:30;39,6995
20.01.2024;01:45;39,701750000000004
20.01.2024;02:00;39,704
20.01.2024;02:15;39,661
20.01.2024;02:30;39,617999999999995
20.01.2024;02:45;39,574999999999996
20.01.2024;03:00;39,532
20.01.2024;03:15;39,53274999999999
20.01.2024;03:30;39,5335
20.01.2024;03:45;39,53425
20.01.2024;04:00;39,535
20.01.2024;04:15;39,5325
20.01.2024;04:30;39,53
20.01.2024;04:45;39,527499999999996
20.01.2024;05:00;39,525
20.01.2024;05:15;39,546
20.01.2024;05:30;39,567
20.01.2024;05:45;39,588
20.01.2024;06:00;39,609
20.01.2024;06:15;39,716750000000005
20.01.2024;06:30;39,8245
20.01.2024;06:45;39,932249999999996
20.01.2024;07:00;40,04
20.01.2024;07:15;40,238
20.01.2024;07:30;40,436
20.01.2024;07:45;40,634
20.01.2024;08:00;40,832
20.01.2024;08:15;40,909
20.01.2024;08:30;40,986000000000004
20.01.2024;08:45;41,063
20.01.2024;09:00;41,14
20.01.2024;09:15;40,9875
20.01.2024;09:30;40,835
20.01.2024;09:45;40,682500000000005
20.01.2024;10:00;40,53
20.01.2024;10:15;40,50425
20.01.2024;10:30;40,4785
20.01.2024;10:45;40,45275
20.01.2024;11:00;40,427
20.01.2024;11:15;40,351
20.01.2024;11:30;40,275
20.01.2024;11:45;40,199
20.01.2024;12:00;40,123
20.01.2024;12:15;40,149249999999995
20.01.2024;12:30;40,1755
20.01.2024;12:45;40,201750000000004
20.01.2024;13:00;40,228
20.01.2024;13:15;40,34325
20.01.2024;13:30;40,4585
20.01.2024;13:45;40,573750000000004
20.01.2024;14:00;40,689
20.01.2024;14:15;40,832
20.01.2024;14:30;40,975
20.01.2024;14:45;41,118
20.01.2024;15:00;41,261
20.01.2024;15:15;41,47825
20.01.2024;15:30;41,6955
20.01.2024;15:45;41,91275
20.01.2024;16:00;42,13
20.01.2024;16:15;42,30825
20.01.2024;16:30;42,48650000000001
20.01.2024;16:45;42,664750000000005
20.01.2024;17:00;42,843
20.01.2024;17:15;42,9665
20.01.2024;17:30;43,09
20.01.2024;17:45;43,2135
20.01.2024;18:00;43,337
20.01.2024;18:15;43,1295
20.01.2024;18:30;42,922
20.01.2024;18:45;42,7145
20.01.2024;19:00;42,507
20.01.2024;19:15;42,266999999999996
20.01.2024;19:30;42,027
20.01.2024;19:45;41,787
20.01.2024;20:00;41,547
20.01.2024;20:15;41,39125
20.01.2024;20:30;41,2355
20.01.2024;20:45;41,07975
20.01.2024;21:00;40,924
20.01.2024;21:15;40,8975
20.01.2024;21:30;40,870999999999995
20.01.2024;21:45;40,8445
20.01.2024;22:00;40,818
20.01.2024;22:15;40,679249999999996
20.01.2024;22:30;40,540499999999994
20.01.2024;22:45;40,40175
20.01.2024;23:00;40,263
20.01.2024;23:15;40,2055
20.01.2024;23:30;40,147999999999996
20.01.2024;23:45;40,0905
21.01.2024;00:00;40,033
21.01.2024;00:15;39,801
21.01.2024;00:30;39,569
21.01.2024;00:45;39,336999999999996
21.01.2024;01:00;39,105
21.01.2024;01:15;39,045
21.01.2024;01:30;38,985
21.01.2024;01:45;38,925
21.01.2024;02:00;38,865
21.01.2024;02:15;38,7585
21.01.2024;02:30;38,652
21.01.2024;02:45;38,545500000000004
21.01.2024;03:00;38,439
21.01.2024;03:15;38,3795
21.01.2024;03:30;38,32
21.01.2024;03:45;38,2605
21.01.2024;04:00;38,201
21.01.2024;04:15;38,1745
21.01.2024;04:30;38,147999999999996
21.01.2024;04:45;38,1215
21.01.2024;05:00;38,095
21.01.2024;05:15;38,047
21.01.2024;05:30;37,998999999999995
21.01.2024;05:45;37,951
21.01.2024;06:00;37,903
21.01.2024;06:15;37,863749999999996
21.01.2024;06:30;37,8245
21.01.2024;06:45;37,785250000000005
21.01.2024;07:00;37,746
21.01.2024;07:15;37,931
21.01.2024;07:30;38,116
21.01.2024;07:45;38,301
21.01.2024;08:00;38,486
21.01.2024;08:15;38,561
21.01.2024;08:30;38,635999999999996
21.01.2024;08:45;38,711
21.01.2024;09:00;38,786
21.01.2024;09:15;38,578500000000005
21.01.2024;09:30;38,371
21.01.2024;09:45;38,1635
21.01.2024;10:00;37,956
21.01.2024;10:15;38,02125
21.01.2024;10:30;38,0865
21.01.2024;10:45;38,15175
21.01.2024;11:00;38,217
21.01.2024;11:15;37,96225
21.01.2024;11:30;37,707499999999996
21.01.2024;11:45;37,45275
21.01.2024;12:00;37,198
21.01.2024;12:15;37,17825
21.01.2024;12:30;37,158500000000004
21.01.2024;12:45;37,13875
21.01.2024;13:00;37,119
21.01.2024;13:15;37,28425
21.01.2024;13:30;37,4495
21.01.2024;13:45;37,61475
21.01.2024;14:00;37,78
21.01.2024;14:15;37,8985
21.01.2024;14:30;38,016999999999996
21.01.2024;14:45;38,1355
21.01.2024;15:00;38,254
21.01.2024;15:15;38,27375
21.01.2024;15:30;38,293499999999995
21.01.2024;15:45;38,31325
21.01.2024;16:00;38,333
21.01.2024;16:15;38,5035
21.01.2024;16:30;38,674
21.01.2024;16:45;38,8445
21.01.2024;17:00;39,015
21.01.2024;17:15;39,135
21.01.2024;17:30;39,254999999999995
21.01.2024;17:45;39,375
21.01.2024;18:00;39,495
21.01.2024;18:15;39,424749999999996
21.01.2024;18:30;39,3545
21.01.2024;18:45;39,28425
21.01.2024;19:00;39,214
21.01.2024;19:15;39,0355
21.01.2024;19:30;38,857
21.01.2024;19:45;38,6785
21.01.2024;20:00;38,5
21.01.2024;20:15;38,524
21.01.2024;20:30;38,548
21.01.2024;20:45;38,571999999999996
21.01.2024;21:00;38,596
21.01.2024;21:15;38,54425
21.01.2024;21:30;38,4925
21.01.2024;21:45;38,44075
21.01.2024;22:00;38,389
21.01.2024;22:15;38,115750000000006
21.01.2024;22:30;37,8425
21.01.2024;22:45;37,56925
21.01.2024;23:00;37,296
21.01.2024;23:15;37,226
21.01.2024;23:30;37,156
21.01.2024;23:45;37,086
22.01.2024;00:00;37,016
22.01.2024;00:15;36,655499999999996
22.01.2024;00:30;36,295
22.01.2024;00:45;35,9345
22.01.2024;01:00;35,574
22.01.2024;01:15;35,4835
22.01.2024;01:30;35,393
22.01.2024;01:45;35,3025
22.01.2024;02:00;35,212
22.01.2024;02:15;34,8725
22.01.2024;02:30;34,533
22.01.2024;02:45;34,1935
22.01.2024;03:00;33,854
22.01.2024;03:15;33,8545
22.01.2024;03:30;33,855000000000004
22.01.2024;03:45;33,8555
22.01.2024;04:00;33,856
22.01.2024;04:15;34,2295
22.01.2024;04:30;34,603
22.01.2024;04:45;34,9765
22.01.2024;05:00;35,35
22.01.2024;05:15;35,8625
22.01.2024;05:30;36,375
22.01.2024;05:45;36,8875
22.01.2024;06:00;37,4
22.01.2024;06:15;37,899249999999995
22.01.2024;06:30;38,3985
22.01.2024;06:45;38,89775
22.01.2024;07:00;39,397
22.01.2024;07:15;39,54725
22.01.2024;07:30;39,6975
22.01.2024;07:45;39,84775
22.01.2024;08:00;39,998
22.01.2024;08:15;39,775499999999994
22.01.2024;08:30;39,553
22.01.2024;08:45;39,3305
22.01.2024;09:00;39,108
22.01.2024;09:15;39,20725
22.01.2024;09:30;39,3065
22.01.2024;09:45;39,40575
22.01.2024;10:00;39,505
22.01.2024;10:15;39,48125
22.01.2024;10:30;39,457499999999996
22.01.2024;10:45;39,433749999999996
22.01.2024;11:00;39,41
22.01.2024;11:15;39,318
22.01.2024;11:30;39,226
22.01.2024;11:45;39,134
22.01.2024;12:00;39,042
22.01.2024;12:15;39,037
22.01.2024;12:30;39,032
22.01.2024;12:45;39,027
22.01.2024;13:00;39,022
22.01.2024;13:15;39,05975
22.01.2024;13:30;39,0975
22.01.2024;13:45;39,13525
22.01.2024;14:00;39,173
22.01.2024;14:15;39,2105
22.01.2024;14:30;39,248000000000005
22.01.2024;14:45;39,2855
22.01.2024;15:00;39,323
22.01.2024;15:15;39,329499999999996
22.01.2024;15:30;39,336
22.01.2024;15:45;39,3425
22.01.2024;16:00;39,349
22.01.2024;16:15;39,622749999999996
22.01.2024;16:30;39,8965
22.01.2024;16:45;40,17025
22.01.2024;17:00;40,444
22.01.2024;17:15;40,60425
22.01.2024;17:30;40,7645
22.01.2024;17:45;40,92475
22.01.2024;18:00;41,085
22.01.2024;18:15;40,951
22.01.2024;18:30;40,817
22.01.2024;18:45;40,683
22.01.2024;19:00;40,549
22.01.2024;19:15;40,4155
22.01.2024;19:30;40,282
22.01.2024;19:45;40,1485
22.01.2024;20:00;40,015
22.01.2024;20:15;39,77375
22.01.2024;20:30;39,5325
22.01.2024;20:45;39,29125
22.01.2024;21:00;39,05
22.01.2024;21:15;39,02225
22.01.2024;21:30;38,9945
22.01.2024;21:45;38,96675
22.01.2024;22:00;38,939
22.01.2024;22:15;38,78875
22.01.2024;22:30;38,6385
22.01.2024;22:45;38,48825
22.01.2024;23:00;38,338
22.01.2024;23:15;37,49675
22.01.2024;23:30;36,6555
22.01.2024;23:45;35,81425
23.01.2024;00:00;34,973
23.01.2024;00:15;34,81975
23.01.2024;00:30;34,6665
23.01.2024;00:45;34,51325
23.01.2024;01:00;34,36
23.01.2024;01:15;34,34175
23.01.2024;01:30;34,323499999999996
23.01.2024;01:45;34,30525
23.01.2024;02:00;34,287
23.01.2024;02:15;34,157
23.01.2024;02:30;34,027
23.01.2024;02:45;33,897000000000006
23.01.2024;03:00;33,767
23.01.2024;03:15;33,91825
23.01.2024;03:30;34,069500000000005
23.01.2024;03:45;34,22075
23.01.2024;04:00;34,372
23.01.2024;04:15;35,09725
23.01.2024;04:30;35,822500000000005
23.01.2024;04:45;36,54775
23.01.2024;05:00;37,273
23.01.2024;05:15;37,78625
23.01.2024;05:30;38,2995
23.01.2024;05:45;38,81275
23.01.2024;06:00;39,326
23.01.2024;06:15;39,7425
23.01.2024;06:30;40,159
23.01.2024;06:45;40,5755
23.01.2024;07:00;40,992
23.01.2024;07:15;40,827
23.01.2024;07:30;40,662
23.01.2024;07:45;40,497
23.01.2024;08:00;40,332
23.01.2024;08:15;40,33475
23.01.2024;08:30;40,337500000000006
23.01.2024;08:45;40,340250000000005
23.01.2024;09:00;40,343
23.01.2024;09:15;40,094
23.01.2024;09:30;39,845
23.01.2024;09:45;39,596000000000004
23.01.2024;10:00;39,347
23.01.2024;10:15;39,34275
23.01.2024;10:30;39,338499999999996
23.01.2024;10:45;39,33425
23.01.2024;11:00;39,33
23.01.2024;11:15;39,3135
23.01.2024;11:30;39,297
23.01.2024;11:45;39,2805
23.01.2024;12:00;39,264
23.01.2024;12:15;39,27125
23.01.2024;12:30;39,2785
23.01.2024;12:45;39,28575
23.01.2024;13:00;39,293
23.01.2024;13:15;39,37475
23.01.2024;13:30;39,4565
23.01.2024;13:45;39,53825
23.01.2024;14:00;39,62
23.01.2024;14:15;39,91825
23.01.2024;14:30;40,216499999999996
23.01.2024;14:45;40,51475
23.01.2024;15:00;40,813
23.01.2024;15:15;40,921
23.01.2024;15:30;41,028999999999996
23.01.2024;15:45;41,137
23.01.2024;16:00;41,245
23.01.2024;16:15;41,311
23.01.2024;16:30;41,376999999999995
23.01.2024;16:45;41,443
23.01.2024;17:00;41,509
23.01.2024;17:15;41,582
23.01.2024;17:30;41,655
23.01.2024;17:45;41,728
23.01.2024;18:00;41,801
23.01.2024;18:15;41,552
23.01.2024;18:30;41,303
23.01.2024;18:45;41,054
23.01.2024;19:00;40,805
23.01.2024;19:15;40,49
23.01.2024;19:30;40,175
23.01.2024;19:45;39,86
23.01.2024;20:00;39,545
23.01.2024;20:15;39,33975
23.01.2024;20:30;39,1345
23.01.2024;20:45;38,929249999999996
23.01.2024;21:00;38,724
23.01.2024;21:15;38,5145
23.01.2024;21:30;38,305
23.01.2024;21:45;38,0955
23.01.2024;22:00;37,886
23.01.2024;22:15;37,5835
23.01.2024;22:30;37,281000000000006
23.01.2024;22:45;36,978500000000004
23.01.2024;23:00;36,676
23.01.2024;23:15;35,92075
23.01.2024;23:30;35,1655
23.01.2024;23:45;34,410250000000005
24.01.2024;00:00;33,655
24.01.2024;00:15;33,578
24.01.2024;00:30;33,501000000000005
24.01.2024;00:45;33,424
24.01.2024;01:00;33,347
24.01.2024;01:15;33,33175
24.01.2024;01:30;33,316500000000005
24.01.2024;01:45;33,30125
24.01.2024;02:00;33,286
24.01.2024;02:15;33,19175
24.01.2024;02:30;33,0975
24.01.2024;02:45;33,00325
24.01.2024;03:00;32,909
24.01.2024;03:15;32,89825
24.01.2024;03:30;32,8875
24.01.2024;03:45;32,87675
24.01.2024;04:00;32,866
24.01.2024;04:15;32,9825
24.01.2024;04:30;33,099000000000004
24.01.2024;04:45;33,2155
24.01.2024;05:00;33,332
24.01.2024;05:15;33,7055
24.01.2024;05:30;34,079
24.01.2024;05:45;34,4525
24.01.2024;06:00;34,826
24.01.2024;06:15;35,50925
24.01.2024;06:30;36,192499999999995
24.01.2024;06:45;36,87575
24.01.2024;07:00;37,559
24.01.2024;07:15;37,79625
24.01.2024;07:30;38,033500000000004
24.01.2024;07:45;38,27075
24.01.2024;08:00;38,508
24.01.2024;08:15;38,487500000000004
24.01.2024;08:30;38,467
24.01.2024;08:45;38,4465
24.01.2024;09:00;38,426
24.01.2024;09:15;38,4095
24.01.2024;09:30;38,393
24.01.2024;09:45;38,3765
24.01.2024;10:00;38,36
24.01.2024;10:15;38,376999999999995
24.01.2024;10:30;38,394
24.01.2024;10:45;38,411
24.01.2024;11:00;38,428
24.01.2024;11:15;38,14149999999999
24.01.2024;11:30;37,855
24.01.2024;11:45;37,5685
24.01.2024;12:00;37,282
24.01.2024;12:15;37,209999999999994
24.01.2024;12:30;37,138
24.01.2024;12:45;37,066
24.01.2024;13:00;36,994
24.01.2024;13:15;37,209
24.01.2024;13:30;37,424
24.01.2024;13:45;37,638999999999996
24.01.2024;14:00;37,854
24.01.2024;14:15;37,976749999999996
24.01.2024;14:30;38,0995
24.01.2024;14:45;38,22225
24.01.2024;15:00;38,345
24.01.2024;15:15;38,36625
24.01.2024;15:30;38,3875
24.01.2024;15:45;38,40875
24.01.2024;16:00;38,43
24.01.2024;16:15;38,51525
24.01.2024;16:30;38,6005
24.01.2024;16:45;38,68575
24.01.2024;17:00;38,771
24.01.2024;17:15;38,74875
24.01.2024;17:30;38,7265
24.01.2024;17:45;38,70425
24.01.2024;18:00;38,682
24.01.2024;18:15;38,60125
24.01.2024;18:30;38,5205
24.01.2024;18:45;38,439750000000004
24.01.2024;19:00;38,359
24.01.2024;19:15;38,16125
24.01.2024;19:30;37,963499999999996
24.01.2024;19:45;37,76575
24.01.2024;20:00;37,568
24.01.2024;20:15;37,5145
24.01.2024;20:30;37,461
24.01.2024;20:45;37,4075
24.01.2024;21:00;37,354
24.01.2024;21:15;37,40325
24.01.2024;21:30;37,4525
24.01.2024;21:45;37,50175
24.01.2024;22:00;37,551
24.01.2024;22:15;37,464
24.01.2024;22:30;37,377
24.01.2024;22:45;37,290000000000006
24.01.2024;23:00;37,203
24.01.2024;23:15;37,34825
24.01.2024;23:30;37,4935
24.01.2024;23:45;37,63875
25.01.2024;00:00;37,784
25.01.2024;00:15;37,802
25.01.2024;00:30;37,82
25.01.2024;00:45;37,838
25.01.2024;01:00;37,856
25.01.2024;01:15;37,813
25.01.2024;01:30;37,769999999999996
25.01.2024;01:45;37,727
25.01.2024;02:00;37,684
25.01.2024;02:15;37,7235
25.01.2024;02:30;37,763
25.01.2024;02:45;37,802499999999995
25.01.2024;03:00;37,842
25.01.2024;03:15;37,8745
25.01.2024;03:30;37,907
25.01.2024;03:45;37,9395
25.01.2024;04:00;37,972
25.01.2024;04:15;38,126000000000005
25.01.2024;04:30;38,28
25.01.2024;04:45;38,434
25.01.2024;05:00;38,588
25.01.2024;05:15;39,006
25.01.2024;05:30;39,424
25.01.2024;05:45;39,842
25.01.2024;06:00;40,26
25.01.2024;06:15;40,473749999999995
25.01.2024;06:30;40,6875
25.01.2024;06:45;40,901250000000005
25.01.2024;07:00;41,115
25.01.2024;07:15;41,4705
25.01.2024;07:30;41,826
25.01.2024;07:45;42,1815
25.01.2024;08:00;42,537
25.01.2024;08:15;42,439499999999995
25.01.2024;08:30;42,342
25.01.2024;08:45;42,2445
25.01.2024;09:00;42,147
25.01.2024;09:15;42,046499999999995
25.01.2024;09:30;41,946
25.01.2024;09:45;41,8455
25.01.2024;10:00;41,745
25.01.2024;10:15;41,61275
25.01.2024;10:30;41,4805
25.01.2024;10:45;41,34825
25.01.2024;11:00;41,216
25.01.2024;11:15;41,12325
25.01.2024;11:30;41,0305
25.01.2024;11:45;40,93775
25.01.2024;12:00;40,845
25.01.2024;12:15;40,91775
25.01.2024;12:30;40,9905
25.01.2024;12:45;41,063250000000004
25.01.2024;13:00;41,136
25.01.2024;13:15;41,36625
25.01.2024;13:30;41,596500000000006
25.01.2024;13:45;41,826750000000004
25.01.2024;14:00;42,057
25.01.2024;14:15;42,228
25.01.2024;14:30;42,399
25.01.2024;14:45;42,57
25.01.2024;15:00;42,741
25.01.2024;15:15;42,95475
25.01.2024;15:30;43,168499999999995
25.01.2024;15:45;43,38225
25.01.2024;16:00;43,596
25.01.2024;16:15;44,119
25.01.2024;16:30;44,641999999999996
25.01.2024;16:45;45,165
25.01.2024;17:00;45,688
25.01.2024;17:15;45,492000000000004
25.01.2024;17:30;45,29600000000001
25.01.2024;17:45;45,1
25.01.2024;18:00;44,904
25.01.2024;18:15;44,48525
25.01.2024;18:30;44,066500000000005
25.01.2024;18:45;43,64775
25.01.2024;19:00;43,229
25.01.2024;19:15;43,036
25.01.2024;19:30;42,843
25.01.2024;19:45;42,65
25.01.2024;20:00;42,457
25.01.2024;20:15;42,338
25.01.2024;20:30;42,219
25.01.2024;20:45;42,1
25.01.2024;21:00;41,981
25.01.2024;21:15;41,834
25.01.2024;21:30;41,687
25.01.2024;21:45;41,54
25.01.2024;22:00;41,393
25.01.2024;22:15;41,261250000000004
25.01.2024;22:30;41,1295
25.01.2024;22:45;40,997749999999996
25.01.2024;23:00;40,866
25.01.2024;23:15;40,557
25.01.2024;23:30;40,248000000000005
25.01.2024;23:45;39,939
26.01.2024;00:00;39,63
26.01.2024;00:15;39,61
26.01.2024;00:30;39,59
26.01.2024;00:45;39,57
26.01.2024;01:00;39,55
26.01.2024;01:15;39,46225
26.01.2024;01:30;39,3745
26.01.2024;01:45;39,28675
26.01.2024;02:00;39,199
26.01.2024;02:15;39,18
26.01.2024;02:30;39,161
26.01.2024;02:45;39,141999999999996
26.01.2024;03:00;39,123
26.01.2024;03:15;39,1065
26.01.2024;03:30;39,09
26.01.2024;03:45;39,0735
26.01.2024;04:00;39,057
26.01.2024;04:15;38,934250000000006
26.01.2024;04:30;38,8115
26.01.2024;04:45;38,68875
26.01.2024;05:00;38,566
26.01.2024;05:15;38,74625
26.01.2024;05:30;38,926500000000004
26.01.2024;05:45;39,10675
26.01.2024;06:00;39,287
26.01.2024;06:15;39,58075
26.01.2024;06:30;39,8745
26.01.2024;06:45;40,16825
26.01.2024;07:00;40,462
26.01.2024;07:15;40,59875
26.01.2024;07:30;40,7355
26.01.2024;07:45;40,87225
26.01.2024;08:00;41,009
26.01.2024;08:15;40,85875
26.01.2024;08:30;40,7085
26.01.2024;08:45;40,55825
26.01.2024;09:00;40,408
26.01.2024;09:15;40,18375
26.01.2024;09:30;39,959500000000006
26.01.2024;09:45;39,73525
26.01.2024;10:00;39,511
26.01.2024;10:15;39,449250000000006
26.01.2024;10:30;39,3875
26.01.2024;10:45;39,32575
26.01.2024;11:00;39,264
26.01.2024;11:15;39,0925
26.01.2024;11:30;38,92100000000001
26.01.2024;11:45;38,749500000000005
26.01.2024;12:00;38,578
26.01.2024;12:15;38,43275
26.01.2024;12:30;38,2875
26.01.2024;12:45;38,142250000000004
26.01.2024;13:00;37,997
26.01.2024;13:15;38,06725
26.01.2024;13:30;38,1375
26.01.2024;13:45;38,20775
26.01.2024;14:00;38,278
26.01.2024;14:15;38,29875
26.01.2024;14:30;38,3195
26.01.2024;14:45;38,34025
26.01.2024;15:00;38,361
26.01.2024;15:15;38,42675
26.01.2024;15:30;38,4925
26.01.2024;15:45;38,55825
26.01.2024;16:00;38,624
26.01.2024;16:15;38,823
26.01.2024;16:30;39,022000000000006
26.01.2024;16:45;39,221000000000004
26.01.2024;17:00;39,42
26.01.2024;17:15;39,37125
26.01.2024;17:30;39,322500000000005
26.01.2024;17:45;39,27375
26.01.2024;18:00;39,225
26.01.2024;18:15;39,380250000000004
26.01.2024;18:30;39,5355
26.01.2024;18:45;39,690749999999994
26.01.2024;19:00;39,846
26.01.2024;19:15;39,6915
26.01.2024;19:30;39,537
26.01.2024;19:45;39,3825
26.01.2024;20:00;39,228
26.01.2024;20:15;39,309
26.01.2024;20:30;39,39
26.01.2024;20:45;39,471000000000004
26.01.2024;21:00;39,552
26.01.2024;21:15;39,491
26.01.2024;21:30;39,43
26.01.2024;21:45;39,369
26.01.2024;22:00;39,308
26.01.2024;22:15;39,2455
26.01.2024;22:30;39,183
26.01.2024;22:45;39,1205
26.01.2024;23:00;39,058
26.01.2024;23:15;39,0185
26.01.2024;23:30;38,979
26.01.2024;23:45;38,939499999999995
27.01.2024;00:00;38,9
27.01.2024;00:15;38,88825
27.01.2024;00:30;38,8765
27.01.2024;00:45;38,86475
27.01.2024;01:00;38,853
27.01.2024;01:15;38,8825
27.01.2024;01:30;38,912
27.01.2024;01:45;38,9415
27.01.2024;02:00;38,971
27.01.2024;02:15;38,94199999999999
27.01.2024;02:30;38,913
27.01.2024;02:45;38,884
27.01.2024;03:00;38,855
27.01.2024;03:15;38,872249999999994
27.01.2024;03:30;38,8895
27.01.2024;03:45;38,90675
27.01.2024;04:00;38,924
27.01.2024;04:15;38,95125
27.01.2024;04:30;38,9785
27.01.2024;04:45;39,00575
27.01.2024;05:00;39,033
27.01.2024;05:15;39,089
27.01.2024;05:30;39,144999999999996
27.01.2024;05:45;39,201
27.01.2024;06:00;39,257
27.01.2024;06:15;39,428
27.01.2024;06:30;39,599000000000004
27.01.2024;06:45;39,77
27.01.2024;07:00;39,941
27.01.2024;07:15;40,1755
27.01.2024;07:30;40,41
27.01.2024;07:45;40,6445
27.01.2024;08:00;40,879
27.01.2024;08:15;40,81075
27.01.2024;08:30;40,7425
27.01.2024;08:45;40,67425
27.01.2024;09:00;40,606
27.01.2024;09:15;40,2935
27.01.2024;09:30;39,981
27.01.2024;09:45;39,6685
27.01.2024;10:00;39,356
27.01.2024;10:15;39,26975
27.01.2024;10:30;39,1835
27.01.2024;10:45;39,09725
27.01.2024;11:00;39,011
27.01.2024;11:15;38,99175
27.01.2024;11:30;38,9725
27.01.2024;11:45;38,95325
27.01.2024;12:00;38,934
27.01.2024;12:15;38,885
27.01.2024;12:30;38,836
27.01.2024;12:45;38,787
27.01.2024;13:00;38,738
27.01.2024;13:15;38,884
27.01.2024;13:30;39,03
27.01.2024;13:45;39,176
27.01.2024;14:00;39,322
27.01.2024;14:15;39,64
27.01.2024;14:30;39,958
27.01.2024;14:45;40,276
27.01.2024;15:00;40,594
27.01.2024;15:15;40,8735
27.01.2024;15:30;41,153000000000006
27.01.2024;15:45;41,432500000000005
27.01.2024;16:00;41,712
27.01.2024;16:15;41,95575
27.01.2024;16:30;42,1995
27.01.2024;16:45;42,44325
27.01.2024;17:00;42,687
27.01.2024;17:15;42,7515
27.01.2024;17:30;42,816
27.01.2024;17:45;42,8805
27.01.2024;18:00;42,945
27.01.2024;18:15;42,8595
27.01.2024;18:30;42,774
27.01.2024;18:45;42,688500000000005
27.01.2024;19:00;42,603
27.01.2024;19:15;42,40025
27.01.2024;19:30;42,197500000000005
27.01.2024;19:45;41,99475
27.01.2024;20:00;41,792
27.01.2024;20:15;41,58325
27.01.2024;20:30;41,3745
27.01.2024;20:45;41,16575
27.01.2024;21:00;40,957
27.01.2024;21:15;40,9545
27.01.2024;21:30;40,952
27.01.2024;21:45;40,9495
27.01.2024;22:00;40,947
27.01.2024;22:15;40,86525
27.01.2024;22:30;40,783500000000004
27.01.2024;22:45;40,70175
27.01.2024;23:00;40,62
27.01.2024;23:15;40,47175
27.01.2024;23:30;40,323499999999996
27.01.2024;23:45;40,17525
28.01.2024;00:00;40,027
28.01.2024;00:15;39,88075
28.01.2024;00:30;39,7345
28.01.2024;00:45;39,58825
28.01.2024;01:00;39,442
28.01.2024;01:15;39,41025
28.01.2024;01:30;39,3785
28.01.2024;01:45;39,34675
28.01.2024;02:00;39,315
28.01.2024;02:15;39,32225
28.01.2024;02:30;39,329499999999996
28.01.2024;02:45;39,33675
28.01.2024;03:00;39,344
28.01.2024;03:15;39,3805
28.01.2024;03:30;39,417
28.01.2024;03:45;39,453500000000005
28.01.2024;04:00;39,49
28.01.2024;04:15;39,55775
28.01.2024;04:30;39,6255
28.01.2024;04:45;39,693250000000006
28.01.2024;05:00;39,761
28.01.2024;05:15;39,6715
28.01.2024;05:30;39,582
28.01.2024;05:45;39,4925
28.01.2024;06:00;39,403
28.01.2024;06:15;39,38075
28.01.2024;06:30;39,3585
28.01.2024;06:45;39,33625
28.01.2024;07:00;39,314
28.01.2024;07:15;39,31375
28.01.2024;07:30;39,313500000000005
28.01.2024;07:45;39,313250000000004
28.01.2024;08:00;39,313
28.01.2024;08:15;39,19925
28.01.2024;08:30;39,085499999999996
28.01.2024;08:45;38,97175
28.01.2024;09:00;38,858
28.01.2024;09:15;38,76
28.01.2024;09:30;38,662
28.01.2024;09:45;38,564
28.01.2024;10:00;38,466
28.01.2024;10:15;38,33075
28.01.2024;10:30;38,195499999999996
28.01.2024;10:45;38,060249999999996
28.01.2024;11:00;37,925
28.01.2024;11:15;37,82075
28.01.2024;11:30;37,716499999999996
28.01.2024;11:45;37,61225
28.01.2024;12:00;37,508
28.01.2024;12:15;37,47075
28.01.2024;12:30;37,4335
28.01.2024;12:45;37,39625
28.01.2024;13:00;37,359
28.01.2024;13:15;37,623000000000005
28.01.2024;13:30;37,887
28.01.2024;13:45;38,150999999999996
28.01.2024;14:00;38,415
28.01.2024;14:15;38,559
28.01.2024;14:30;38,703
28.01.2024;14:45;38,847
28.01.2024;15:00;38,991
28.01.2024;15:15;39,3025
28.01.2024;15:30;39,614000000000004
28.01.2024;15:45;39,9255
28.01.2024;16:00;40,237
28.01.2024;16:15;40,46125
28.01.2024;16:30;40,685500000000005
28.01.2024;16:45;40,90975
28.01.2024;17:00;41,134
28.01.2024;17:15;40,98625
28.01.2024;17:30;40,838499999999996
28.01.2024;17:45;40,69075
28.01.2024;18:00;40,543
28.01.2024;18:15;40,491749999999996
28.01.2024;18:30;40,4405
28.01.2024;18:45;40,389250000000004
28.01.2024;19:00;40,338
28.01.2024;19:15;40,29725
28.01.2024;19:30;40,2565
28.01.2024;19:45;40,21575
28.01.2024;20:00;40,175
28.01.2024;20:15;39,897999999999996
28.01.2024;20:30;39,620999999999995
28.01.2024;20:45;39,344
28.01.2024;21:00;39,067
28.01.2024;21:15;39,1235
28.01.2024;21:30;39,18
28.01.2024;21:45;39,2365
28.01.2024;22:00;39,293
28.01.2024;22:15;39,20725
28.01.2024;22:30;39,1215
28.01.2024;22:45;39,03575
28.01.2024;23:00;38,95
28.01.2024;23:15;38,79925
28.01.2024;23:30;38,6485
28.01.2024;23:45;38,49775
29.01.2024;00:00;38,347
29.01.2024;00:15;38,279250000000005
29.01.2024;00:30;38,2115
29.01.2024;00:45;38,14375
29.01.2024;01:00;38,076
29.01.2024;01:15;38,0975
29.01.2024;01:30;38,119
29.01.2024;01:45;38,1405
29.01.2024;02:00;38,162
29.01.2024;02:15;38,158249999999995
29.01.2024;02:30;38,1545
29.01.2024;02:45;38,15075
29.01.2024;03:00;38,147
29.01.2024;03:15;38,23725
29.01.2024;03:30;38,3275
29.01.2024;03:45;38,41775
29.01.2024;04:00;38,508
29.01.2024;04:15;38,72
29.01.2024;04:30;38,932
29.01.2024;04:45;39,144000000000005
29.01.2024;05:00;39,356
29.01.2024;05:15;39,8545
29.01.2024;05:30;40,353
29.01.2024;05:45;40,8515
29.01.2024;06:00;41,35
29.01.2024;06:15;41,68925
29.01.2024;06:30;42,0285
29.01.2024;06:45;42,36775
29.01.2024;07:00;42,707
29.01.2024;07:15;42,847
29.01.2024;07:30;42,987
29.01.2024;07:45;43,127
29.01.2024;08:00;43,267
29.01.2024;08:15;42,9975
29.01.2024;08:30;42,728
29.01.2024;08:45;42,4585
29.01.2024;09:00;42,189
29.01.2024;09:15;41,951750000000004
29.01.2024;09:30;41,7145
29.01.2024;09:45;41,47725
29.01.2024;10:00;41,24
29.01.2024;10:15;41,04925
29.01.2024;10:30;40,8585
29.01.2024;10:45;40,66775
29.01.2024;11:00;40,477
29.01.2024;11:15;40,45125
29.01.2024;11:30;40,4255
29.01.2024;11:45;40,39975
29.01.2024;12:00;40,374
29.01.2024;12:15;40,49275
29.01.2024;12:30;40,6115
29.01.2024;12:45;40,73025
29.01.2024;13:00;40,849
29.01.2024;13:15;41,038
29.01.2024;13:30;41,227
29.01.2024;13:45;41,416
29.01.2024;14:00;41,605
29.01.2024;14:15;41,981249999999996
29.01.2024;14:30;42,3575
29.01.2024;14:45;42,73375
29.01.2024;15:00;43,11
29.01.2024;15:15;43,38075
29.01.2024;15:30;43,6515
29.01.2024;15:45;43,92225
29.01.2024;16:00;44,193
29.01.2024;16:15;44,66775
29.01.2024;16:30;45,1425
29.01.2024;16:45;45,61725
29.01.2024;17:00;46,092
29.01.2024;17:15;45,839
29.01.2024;17:30;45,586
29.01.2024;17:45;45,333
29.01.2024;18:00;45,08
29.01.2024;18:15;44,835499999999996
29.01.2024;18:30;44,590999999999994
29.01.2024;18:45;44,3465
29.01.2024;19:00;44,102
29.01.2024;19:15;43,713499999999996
29.01.2024;19:30;43,325
29.01.2024;19:45;42,9365
29.01.2024;20:00;42,548
29.01.2024;20:15;42,41825
29.01.2024;20:30;42,2885
29.01.2024;20:45;42,158750000000005
29.01.2024;21:00;42,029
29.01.2024;21:15;41,94475
29.01.2024;21:30;41,8605
29.01.2024;21:45;41,776250000000005
29.01.2024;22:00;41,692
29.01.2024;22:15;41,613749999999996
29.01.2024;22:30;41,5355
29.01.2024;22:45;41,45725
29.01.2024;23:00;41,379
29.01.2024;23:15;41,170249999999996
29.01.2024;23:30;40,9615
29.01.2024;23:45;40,75275
30.01.2024;00:00;40,544
30.01.2024;00:15;40,46525
30.01.2024;00:30;40,3865
30.01.2024;00:45;40,30775
30.01.2024;01:00;40,229
30.01.2024;01:15;40,2435
30.01.2024;01:30;40,257999999999996
30.01.2024;01:45;40,2725
30.01.2024;02:00;40,287
30.01.2024;02:15;40,238749999999996
30.01.2024;02:30;40,1905
30.01.2024;02:45;40,142250000000004
30.01.2024;03:00;40,094
30.01.2024;03:15;40,0875
30.01.2024;03:30;40,081
30.01.2024;03:45;40,0745
30.01.2024;04:00;40,068
30.01.2024;04:15;40,122749999999996
30.01.2024;04:30;40,177499999999995
30.01.2024;04:45;40,23225
30.01.2024;05:00;40,287
30.01.2024;05:15;40,5135
30.01.2024;05:30;40,739999999999995
30.01.2024;05:45;40,966499999999996
30.01.2024;06:00;41,193
30.01.2024;06:15;41,497249999999994
30.01.2024;06:30;41,8015
30.01.2024;06:45;42,10575
30.01.2024;07:00;42,41
30.01.2024;07:15;42,54325
30.01.2024;07:30;42,6765
30.01.2024;07:45;42,809749999999994
30.01.2024;08:00;42,943
30.01.2024;08:15;42,668
30.01.2024;08:30;42,393
30.01.2024;08:45;42,118
30.01.2024;09:00;41,843
30.01.2024;09:15;41,6485
30.01.2024;09:30;41,454
30.01.2024;09:45;41,2595
30.01.2024;10:00;41,065
30.01.2024;10:15;40,88875
30.01.2024;10:30;40,7125
30.01.2024;10:45;40,536249999999995
30.01.2024;11:00;40,36
30.01.2024;11:15;40,31
30.01.2024;11:30;40,26
30.01.2024;11:45;40,209999999999994
30.01.2024;12:00;40,16
30.01.2024;12:15;40,16325
30.01.2024;12:30;40,1665
30.01.2024;12:45;40,16975
30.01.2024;13:00;40,173
30.01.2024;13:15;40,2655
30.01.2024;13:30;40,358000000000004
30.01.2024;13:45;40,4505
30.01.2024;14:00;40,543
30.01.2024;14:15;40,732
30.01.2024;14:30;40,921
30.01.2024;14:45;41,11
30.01.2024;15:00;41,299
30.01.2024;15:15;41,37075
30.01.2024;15:30;41,442499999999995
30.01.2024;15:45;41,51425
30.01.2024;16:00;41,586
30.01.2024;16:15;41,73125
30.01.2024;16:30;41,8765
30.01.2024;16:45;42,02175
30.01.2024;17:00;42,167
30.01.2024;17:15;42,4435
30.01.2024;17:30;42,72
30.01.2024;17:45;42,996500000000005
30.01.2024;18:00;43,273
30.01.2024;18:15;43,09
30.01.2024;18:30;42,907
30.01.2024;18:45;42,724
30.01.2024;19:00;42,541
30.01.2024;19:15;42,39425
30.01.2024;19:30;42,2475
30.01.2024;19:45;42,10075
30.01.2024;20:00;41,954
30.01.2024;20:15;41,753
30.01.2024;20:30;41,552
30.01.2024;20:45;41,351
30.01.2024;21:00;41,15
30.01.2024;21:15;41,07525
30.01.2024;21:30;41,0005
30.01.2024;21:45;40,92575
30.01.2024;22:00;40,851
30.01.2024;22:15;40,7635
30.01.2024;22:30;40,676
30.01.2024;22:45;40,588499999999996
30.01.2024;23:00;40,501
30.01.2024;23:15;40,5065
30.01.2024;23:30;40,512
30.01.2024;23:45;40,5175
31.01.2024;00:00;40,523
31.01.2024;00:15;40,484500000000004
31.01.2024;00:30;40,446
31.01.2024;00:45;40,4075
31.01.2024;01:00;40,369
31.01.2024;01:15;40,3865
31.01.2024;01:30;40,403999999999996
31.01.2024;01:45;40,4215
31.01.2024;02:00;40,439
31.01.2024;02:15;40,41225
31.01.2024;02:30;40,3855
31.01.2024;02:45;40,35875
31.01.2024;03:00;40,332
31.01.2024;03:15;40,315
31.01.2024;03:30;40,298
31.01.2024;03:45;40,281000000000006
31.01.2024;04:00;40,264
31.01.2024;04:15;40,381
31.01.2024;04:30;40,498000000000005
31.01.2024;04:45;40,615
31.01.2024;05:00;40,732
31.01.2024;05:15;41,00775
31.01.2024;05:30;41,283500000000004
31.01.2024;05:45;41,55925
31.01.2024;06:00;41,835
31.01.2024;06:15;42,418
31.01.2024;06:30;43,001000000000005
31.01.2024;06:45;43,584
31.01.2024;07:00;44,167
31.01.2024;07:15;44,461
31.01.2024;07:30;44,755
31.01.2024;07:45;45,04900000000001
31.01.2024;08:00;45,343
31.01.2024;08:15;44,685
31.01.2024;08:30;44,027
31.01.2024;08:45;43,369
31.01.2024;09:00;42,711
31.01.2024;09:15;42,44525
31.01.2024;09:30;42,179500000000004
31.01.2024;09:45;41,91375
31.01.2024;10:00;41,648
31.01.2024;10:15;41,500750000000004
31.01.2024;10:30;41,3535
31.01.2024;10:45;41,20625
31.01.2024;11:00;41,059
31.01.2024;11:15;41,0045
31.01.2024;11:30;40,95
31.01.2024;11:45;40,8955
31.01.2024;12:00;40,841
31.01.2024;12:15;40,65975
31.01.2024;12:30;40,4785
31.01.2024;12:45;40,29725
31.01.2024;13:00;40,116
31.01.2024;13:15;40,09175
31.01.2024;13:30;40,067499999999995
31.01.2024;13:45;40,04325
31.01.2024;14:00;40,019
31.01.2024;14:15;40,2485
31.01.2024;14:30;40,477999999999994
31.01.2024;14:45;40,707499999999996
31.01.2024;15:00;40,937
31.01.2024;15:15;41,080749999999995
31.01.2024;15:30;41,2245
31.01.2024;15:45;41,36825
31.01.2024;16:00;41,512
31.01.2024;16:15;41,66925
31.01.2024;16:30;41,826499999999996
31.01.2024;16:45;41,98375
31.01.2024;17:00;42,141
31.01.2024;17:15;42,11275
31.01.2024;17:30;42,0845
31.01.2024;17:45;42,05625
31.01.2024;18:00;42,028
31.01.2024;18:15;41,69975
31.01.2024;18:30;41,3715
31.01.2024;18:45;41,04325
31.01.2024;19:00;40,715
31.01.2024;19:15;40,5245
31.01.2024;19:30;40,334
31.01.2024;19:45;40,1435
31.01.2024;20:00;39,953
31.01.2024;20:15;39,72625
31.01.2024;20:30;39,4995
31.01.2024;20:45;39,27275
31.01.2024;21:00;39,046
31.01.2024;21:15;38,974000000000004
31.01.2024;21:30;38,902
31.01.2024;21:45;38,83
31.01.2024;22:00;38,758
31.01.2024;22:15;38,39925
31.01.2024;22:30;38,0405
31.01.2024;22:45;37,68175
31.01.2024;23:00;37,323
31.01.2024;23:15;37,50625
31.01.2024;23:30;37,689499999999995
31.01.2024;23:45;37,872749999999996
01.02.2024;00:00;38,056
01.02.2024;00:15;37,9075
01.02.2024;00:30;37,759
01.02.2024;00:45;37,6105
01.02.2024;01:00;37,462
01.02.2024;01:15;37,488
01.02.2024;01:30;37,514
01.02.2024;01:45;37,540000000000006
01.02.2024;02:00;37,566
01.02.2024;02:15;37,58825
01.02.2024;02:30;37,6105
01.02.2024;02:45;37,63275
01.02.2024;03:00;37,655
01.02.2024;03:15;37,7515
01.02.2024;03:30;37,848
01.02.2024;03:45;37,9445
01.02.2024;04:00;38,041
01.02.2024;04:15;38,25175
01.02.2024;04:30;38,4625
01.02.2024;04:45;38,673249999999996
01.02.2024;05:00;38,884
01.02.2024;05:15;39,22575
01.02.2024;05:30;39,567499999999995
01.02.2024;05:45;39,90925
01.02.2024;06:00;40,251
01.02.2024;06:15;40,67875
01.02.2024;06:30;41,1065
01.02.2024;06:45;41,53425
01.02.2024;07:00;41,962
01.02.2024;07:15;42,121500000000005
01.02.2024;07:30;42,281000000000006
01.02.2024;07:45;42,4405
01.02.2024;08:00;42,6
01.02.2024;08:15;42,44475
01.02.2024;08:30;42,289500000000004
01.02.2024;08:45;42,13425
01.02.2024;09:00;41,979
01.02.2024;09:15;41,9135
01.02.2024;09:30;41,848
01.02.2024;09:45;41,7825
01.02.2024;10:00;41,717
01.02.2024;10:15;41,55575
01.02.2024;10:30;41,3945
01.02.2024;10:45;41,23325
01.02.2024;11:00;41,072
01.02.2024;11:15;40,831500000000005
01.02.2024;11:30;40,591
01.02.2024;11:45;40,3505
01.02.2024;12:00;40,11
01.02.2024;12:15;39,8515
01.02.2024;12:30;39,593
01.02.2024;12:45;39,3345
01.02.2024;13:00;39,076
01.02.2024;13:15;39,363
01.02.2024;13:30;39,65
01.02.2024;13:45;39,937
01.02.2024;14:00;40,224
01.02.2024;14:15;40,38225
01.02.2024;14:30;40,540499999999994
01.02.2024;14:45;40,69875
01.02.2024;15:00;40,857
01.02.2024;15:15;40,9065
01.02.2024;15:30;40,956
01.02.2024;15:45;41,0055
01.02.2024;16:00;41,055
01.02.2024;16:15;41,419
01.02.2024;16:30;41,783
01.02.2024;16:45;42,147000000000006
01.02.2024;17:00;42,511
01.02.2024;17:15;42,587500000000006
01.02.2024;17:30;42,664
01.02.2024;17:45;42,7405
01.02.2024;18:00;42,817
01.02.2024;18:15;42,8975
01.02.2024;18:30;42,978
01.02.2024;18:45;43,0585
01.02.2024;19:00;43,139
01.02.2024;19:15;42,941
01.02.2024;19:30;42,743
01.02.2024;19:45;42,545
01.02.2024;20:00;42,347
01.02.2024;20:15;42,18
01.02.2024;20:30;42,013000000000005
01.02.2024;20:45;41,846000000000004
01.02.2024;21:00;41,679
01.02.2024;21:15;41,64375
01.02.2024;21:30;41,6085
01.02.2024;21:45;41,57325
01.02.2024;22:00;41,538
01.02.2024;22:15;41,3255
01.02.2024;22:30;41,113
01.02.2024;22:45;40,9005
01.02.2024;23:00;40,688
01.02.2024;23:15;40,46025
01.02.2024;23:30;40,2325
01.02.2024;23:45;40,00475
02.02.2024;00:00;39,777
02.02.2024;00:15;39,66875
02.02.2024;00:30;39,560500000000005
02.02.2024;00:45;39,45225
02.02.2024;01:00;39,344
02.02.2024;01:15;39,295500000000004
02.02.2024;01:30;39,247
02.02.2024;01:45;39,198499999999996
02.02.2024;02:00;39,15
02.02.2024;02:15;39,06725
02.02.2024;02:30;38,9845
02.02.2024;02:45;38,90175
02.02.2024;03:00;38,819
02.02.2024;03:15;38,7825
02.02.2024;03:30;38,746
02.02.2024;03:45;38,709500000000006
02.02.2024;04:00;38,673
02.02.2024;04:15;38,719
02.02.2024;04:30;38,765
02.02.2024;04:45;38,811
02.02.2024;05:00;38,857
02.02.2024;05:15;39,15375
02.02.2024;05:30;39,4505
02.02.2024;05:45;39,747249999999994
02.02.2024;06:00;40,044
02.02.2024;06:15;40,295249999999996
02.02.2024;06:30;40,546499999999995
02.02.2024;06:45;40,79775
02.02.2024;07:00;41,049
02.02.2024;07:15;41,35725
02.02.2024;07:30;41,665499999999994
02.02.2024;07:45;41,973749999999995
02.02.2024;08:00;42,282
02.02.2024;08:15;42,1965
02.02.2024;08:30;42,111
02.02.2024;08:45;42,025499999999994
02.02.2024;09:00;41,94
02.02.2024;09:15;41,811749999999996
02.02.2024;09:30;41,683499999999995
02.02.2024;09:45;41,55525
02.02.2024;10:00;41,427
02.02.2024;10:15;41,286500000000004
02.02.2024;10:30;41,146
02.02.2024;10:45;41,0055
02.02.2024;11:00;40,865
02.02.2024;11:15;40,60625
02.02.2024;11:30;40,3475
02.02.2024;11:45;40,08875
02.02.2024;12:00;39,83
02.02.2024;12:15;39,623
02.02.2024;12:30;39,416
02.02.2024;12:45;39,209
02.02.2024;13:00;39,002
02.02.2024;13:15;38,95975
02.02.2024;13:30;38,917500000000004
02.02.2024;13:45;38,87525
02.02.2024;14:00;38,833
02.02.2024;14:15;38,7895
02.02.2024;14:30;38,745999999999995
02.02.2024;14:45;38,7025
02.02.2024;15:00;38,659
02.02.2024;15:15;38,65
02.02.2024;15:30;38,641
02.02.2024;15:45;38,632
02.02.2024;16:00;38,623
02.02.2024;16:15;38,76725
02.02.2024;16:30;38,911500000000004
02.02.2024;16:45;39,05575
02.02.2024;17:00;39,2
02.02.2024;17:15;39,46175
02.02.2024;17:30;39,7235
02.02.2024;17:45;39,98525
02.02.2024;18:00;40,247
02.02.2024;18:15;40,10625
02.02.2024;18:30;39,9655
02.02.2024;18:45;39,824749999999995
02.02.2024;19:00;39,684
02.02.2024;19:15;39,477
02.02.2024;19:30;39,269999999999996
02.02.2024;19:45;39,063
02.02.2024;20:00;38,856
02.02.2024;20:15;38,7215
02.02.2024;20:30;38,587
02.02.2024;20:45;38,4525
02.02.2024;21:00;38,318
02.02.2024;21:15;38,226749999999996
02.02.2024;21:30;38,1355
02.02.2024;21:45;38,044250000000005
02.02.2024;22:00;37,953
02.02.2024;22:15;37,703500000000005
02.02.2024;22:30;37,454
02.02.2024;22:45;37,204499999999996
02.02.2024;23:00;36,955
02.02.2024;23:15;36,67225
02.02.2024;23:30;36,3895
02.02.2024;23:45;36,10675
03.02.2024;00:00;35,824
03.02.2024;00:15;35,52675
03.02.2024;00:30;35,2295
03.02.2024;00:45;34,932249999999996
03.02.2024;01:00;34,635
03.02.2024;01:15;34,482
03.02.2024;01:30;34,329
03.02.2024;01:45;34,176
03.02.2024;02:00;34,023
03.02.2024;02:15;34,11750000000001
03.02.2024;02:30;34,212
03.02.2024;02:45;34,3065
03.02.2024;03:00;34,401
03.02.2024;03:15;34,3515
03.02.2024;03:30;34,30200000000001
03.02.2024;03:45;34,252500000000005
03.02.2024;04:00;34,203
03.02.2024;04:15;34,20975
03.02.2024;04:30;34,216499999999996
03.02.2024;04:45;34,22325
03.02.2024;05:00;34,23
03.02.2024;05:15;34,422
03.02.2024;05:30;34,614
03.02.2024;05:45;34,806
03.02.2024;06:00;34,998
03.02.2024;06:15;35,44025
03.02.2024;06:30;35,8825
03.02.2024;06:45;36,32475
03.02.2024;07:00;36,767
03.02.2024;07:15;37,0625
03.02.2024;07:30;37,358000000000004
03.02.2024;07:45;37,6535
03.02.2024;08:00;37,949
03.02.2024;08:15;37,948499999999996
03.02.2024;08:30;37,948
03.02.2024;08:45;37,947500000000005
03.02.2024;09:00;37,947
03.02.2024;09:15;37,688250000000004
03.02.2024;09:30;37,429500000000004
03.02.2024;09:45;37,17075
03.02.2024;10:00;36,912
03.02.2024;10:15;36,782
03.02.2024;10:30;36,652
03.02.2024;10:45;36,522000000000006
03.02.2024;11:00;36,392
03.02.2024;11:15;36,396
03.02.2024;11:30;36,400000000000006
03.02.2024;11:45;36,404
03.02.2024;12:00;36,408
03.02.2024;12:15;36,409
03.02.2024;12:30;36,41
03.02.2024;12:45;36,411
03.02.2024;13:00;36,412
03.02.2024;13:15;36,665
03.02.2024;13:30;36,918
03.02.2024;13:45;37,171
03.02.2024;14:00;37,424
03.02.2024;14:15;37,498
03.02.2024;14:30;37,572
03.02.2024;14:45;37,646
03.02.2024;15:00;37,72
03.02.2024;15:15;37,8615
03.02.2024;15:30;38,003
03.02.2024;15:45;38,1445
03.02.2024;16:00;38,286
03.02.2024;16:15;38,49775
03.02.2024;16:30;38,709500000000006
03.02.2024;16:45;38,92125
03.02.2024;17:00;39,133
03.02.2024;17:15;39,4015
03.02.2024;17:30;39,67
03.02.2024;17:45;39,938500000000005
03.02.2024;18:00;40,207
03.02.2024;18:15;40,142250000000004
03.02.2024;18:30;40,0775
03.02.2024;18:45;40,01275
03.02.2024;19:00;39,948
03.02.2024;19:15;39,65775
03.02.2024;19:30;39,3675
03.02.2024;19:45;39,07725
03.02.2024;20:00;38,787
03.02.2024;20:15;38,708
03.02.2024;20:30;38,629
03.02.2024;20:45;38,55
03.02.2024;21:00;38,471
03.02.2024;21:15;38,461
03.02.2024;21:30;38,45099999999999
03.02.2024;21:45;38,440999999999995
03.02.2024;22:00;38,431
03.02.2024;22:15;38,128499999999995
03.02.2024;22:30;37,82599999999999
03.02.2024;22:45;37,5235
03.02.2024;23:00;37,221
03.02.2024;23:15;37,13575
03.02.2024;23:30;37,0505
03.02.2024;23:45;36,96525
04.02.2024;00:00;36,88
04.02.2024;00:15;36,2485
04.02.2024;00:30;35,617000000000004
04.02.2024;00:45;34,9855
04.02.2024;01:00;34,354
04.02.2024;01:15;34,18375
04.02.2024;01:30;34,0135
04.02.2024;01:45;33,84325
04.02.2024;02:00;33,673
04.02.2024;02:15;33,60925
04.02.2024;02:30;33,545500000000004
04.02.2024;02:45;33,48175
04.02.2024;03:00;33,418
04.02.2024;03:15;33,400999999999996
04.02.2024;03:30;33,384
04.02.2024;03:45;33,367000000000004
04.02.2024;04:00;33,35
04.02.2024;04:15;33,35
04.02.2024;04:30;33,35
04.02.2024;04:45;33,35
04.02.2024;05:00;33,35
04.02.2024;05:15;33,35
04.02.2024;05:30;33,35
04.02.2024;05:45;33,35
04.02.2024;06:00;33,35
04.02.2024;06:15;33,37625
04.02.2024;06:30;33,4025
04.02.2024;06:45;33,42875
04.02.2024;07:00;33,455
04.02.2024;07:15;33,6505
04.02.2024;07:30;33,846000000000004
04.02.2024;07:45;34,0415
04.02.2024;08:00;34,237
04.02.2024;08:15;34,261
04.02.2024;08:30;34,285
04.02.2024;08:45;34,309
04.02.2024;09:00;34,333
04.02.2024;09:15;34,358999999999995
04.02.2024;09:30;34,385
04.02.2024;09:45;34,411
04.02.2024;10:00;34,437
04.02.2024;10:15;34,4855
04.02.2024;10:30;34,534
04.02.2024;10:45;34,582499999999996
04.02.2024;11:00;34,631
04.02.2024;11:15;34,65625
04.02.2024;11:30;34,6815
04.02.2024;11:45;34,70675
04.02.2024;12:00;34,732
04.02.2024;12:15;34,501999999999995
04.02.2024;12:30;34,272
04.02.2024;12:45;34,042
04.02.2024;13:00;33,812
04.02.2024;13:15;33,939499999999995
04.02.2024;13:30;34,067
04.02.2024;13:45;34,194500000000005
04.02.2024;14:00;34,322
04.02.2024;14:15;34,472
04.02.2024;14:30;34,622
04.02.2024;14:45;34,772
04.02.2024;15:00;34,922
04.02.2024;15:15;34,98975
04.02.2024;15:30;35,0575
04.02.2024;15:45;35,125249999999994
04.02.2024;16:00;35,193
04.02.2024;16:15;35,705
04.02.2024;16:30;36,217
04.02.2024;16:45;36,729
04.02.2024;17:00;37,241
04.02.2024;17:15;37,4185
04.02.2024;17:30;37,596000000000004
04.02.2024;17:45;37,7735
04.02.2024;18:00;37,951
04.02.2024;18:15;37,705
04.02.2024;18:30;37,459
04.02.2024;18:45;37,213
04.02.2024;19:00;36,967
04.02.2024;19:15;36,789
04.02.2024;19:30;36,611000000000004
04.02.2024;19:45;36,433
04.02.2024;20:00;36,255
04.02.2024;20:15;36,14175
04.02.2024;20:30;36,0285
04.02.2024;20:45;35,91525
04.02.2024;21:00;35,802
04.02.2024;21:15;35,8
04.02.2024;21:30;35,798
04.02.2024;21:45;35,796
04.02.2024;22:00;35,794
04.02.2024;22:15;35,19725
04.02.2024;22:30;34,6005
04.02.2024;22:45;34,00375
04.02.2024;23:00;33,407
04.02.2024;23:15;33,39275
04.02.2024;23:30;33,3785
04.02.2024;23:45;33,36425
05.02.2024;00:00;33,35
05.02.2024;00:15;33,34925
05.02.2024;00:30;33,3485
05.02.2024;00:45;33,347750000000005
05.02.2024;01:00;33,347
05.02.2024;01:15;33,346000000000004
05.02.2024;01:30;33,345
05.02.2024;01:45;33,344
05.02.2024;02:00;33,343
05.02.2024;02:15;33,3415
05.02.2024;02:30;33,34
05.02.2024;02:45;33,3385
05.02.2024;03:00;33,337
05.02.2024;03:15;33,339
05.02.2024;03:30;33,341
05.02.2024;03:45;33,343
05.02.2024;04:00;33,345
05.02.2024;04:15;33,35675
05.02.2024;04:30;33,3685
05.02.2024;04:45;33,380250000000004
05.02.2024;05:00;33,392
05.02.2024;05:15;34,35575
05.02.2024;05:30;35,319500000000005
05.02.2024;05:45;36,28325
05.02.2024;06:00;37,247
05.02.2024;06:15;37,7455
05.02.2024;06:30;38,244
05.02.2024;06:45;38,7425
05.02.2024;07:00;39,241
05.02.2024;07:15;39,32625
05.02.2024;07:30;39,411500000000004
05.02.2024;07:45;39,49675
05.02.2024;08:00;39,582
05.02.2024;08:15;39,4455
05.02.2024;08:30;39,309
05.02.2024;08:45;39,1725
05.02.2024;09:00;39,036
05.02.2024;09:15;38,93775
05.02.2024;09:30;38,8395
05.02.2024;09:45;38,74125
05.02.2024;10:00;38,643
05.02.2024;10:15;38,3235
05.02.2024;10:30;38,004000000000005
05.02.2024;10:45;37,6845
05.02.2024;11:00;37,365
05.02.2024;11:15;36,5375
05.02.2024;11:30;35,71
05.02.2024;11:45;34,8825
05.02.2024;12:00;34,055
05.02.2024;12:15;33,906
05.02.2024;12:30;33,757000000000005
05.02.2024;12:45;33,608000000000004
05.02.2024;13:00;33,459
05.02.2024;13:15;33,557
05.02.2024;13:30;33,655
05.02.2024;13:45;33,753
05.02.2024;14:00;33,851
05.02.2024;14:15;35,05325
05.02.2024;14:30;36,2555
05.02.2024;14:45;37,45775
05.02.2024;15:00;38,66
05.02.2024;15:15;38,8505
05.02.2024;15:30;39,041
05.02.2024;15:45;39,2315
05.02.2024;16:00;39,422
05.02.2024;16:15;39,61575
05.02.2024;16:30;39,8095
05.02.2024;16:45;40,00325
05.02.2024;17:00;40,197
05.02.2024;17:15;40,204750000000004
05.02.2024;17:30;40,212500000000006
05.02.2024;17:45;40,22025
05.02.2024;18:00;40,228
05.02.2024;18:15;40,054500000000004
05.02.2024;18:30;39,881
05.02.2024;18:45;39,707499999999996
05.02.2024;19:00;39,534
05.02.2024;19:15;39,5
05.02.2024;19:30;39,466
05.02.2024;19:45;39,432
05.02.2024;20:00;39,398
05.02.2024;20:15;39,377250000000004
05.02.2024;20:30;39,3565
05.02.2024;20:45;39,33575
05.02.2024;21:00;39,315
05.02.2024;21:15;39,231249999999996
05.02.2024;21:30;39,147499999999994
05.02.2024;21:45;39,06375
05.02.2024;22:00;38,98
05.02.2024;22:15;38,75775
05.02.2024;22:30;38,5355
05.02.2024;22:45;38,31325
05.02.2024;23:00;38,091
05.02.2024;23:15;37,78175
05.02.2024;23:30;37,4725
05.02.2024;23:45;37,16325
06.02.2024;00:00;36,854
06.02.2024;00:15;36,66925
06.02.2024;00:30;36,4845
06.02.2024;00:45;36,29975
06.02.2024;01:00;36,115
06.02.2024;01:15;35,600750000000005
06.02.2024;01:30;35,0865
06.02.2024;01:45;34,57225
06.02.2024;02:00;34,058
06.02.2024;02:15;33,95775
06.02.2024;02:30;33,8575
06.02.2024;02:45;33,75725
06.02.2024;03:00;33,657
06.02.2024;03:15;33,62875
06.02.2024;03:30;33,6005
06.02.2024;03:45;33,57225
06.02.2024;04:00;33,544
06.02.2024;04:15;33,98
06.02.2024;04:30;34,416
06.02.2024;04:45;34,852
06.02.2024;05:00;35,288
06.02.2024;05:15;36,0535
06.02.2024;05:30;36,819
06.02.2024;05:45;37,5845
06.02.2024;06:00;38,35
06.02.2024;06:15;38,804
06.02.2024;06:30;39,257999999999996
06.02.2024;06:45;39,711999999999996
06.02.2024;07:00;40,166
06.02.2024;07:15;40,012
06.02.2024;07:30;39,858
06.02.2024;07:45;39,70399999999999
06.02.2024;08:00;39,55
06.02.2024;08:15;39,53375
06.02.2024;08:30;39,5175
06.02.2024;08:45;39,50125
06.02.2024;09:00;39,485
06.02.2024;09:15;39,36525
06.02.2024;09:30;39,2455
06.02.2024;09:45;39,12575
06.02.2024;10:00;39,006
06.02.2024;10:15;38,8845
06.02.2024;10:30;38,763000000000005
06.02.2024;10:45;38,6415
06.02.2024;11:00;38,52
06.02.2024;11:15;38,31425
06.02.2024;11:30;38,10850000000001
06.02.2024;11:45;37,902750000000005
06.02.2024;12:00;37,697
06.02.2024;12:15;37,67375
06.02.2024;12:30;37,6505
06.02.2024;12:45;37,627250000000004
06.02.2024;13:00;37,604
06.02.2024;13:15;37,54325
06.02.2024;13:30;37,4825
06.02.2024;13:45;37,421749999999996
06.02.2024;14:00;37,361
06.02.2024;14:15;37,605999999999995
06.02.2024;14:30;37,851
06.02.2024;14:45;38,096000000000004
06.02.2024;15:00;38,341
06.02.2024;15:15;38,50625
06.02.2024;15:30;38,6715
06.02.2024;15:45;38,83675
06.02.2024;16:00;39,002
06.02.2024;16:15;39,163250000000005
06.02.2024;16:30;39,3245
06.02.2024;16:45;39,485749999999996
06.02.2024;17:00;39,647
06.02.2024;17:15;39,62175
06.02.2024;17:30;39,5965
06.02.2024;17:45;39,57125
06.02.2024;18:00;39,546
06.02.2024;18:15;39,525999999999996
06.02.2024;18:30;39,506
06.02.2024;18:45;39,486000000000004
06.02.2024;19:00;39,466
06.02.2024;19:15;39,4155
06.02.2024;19:30;39,365
06.02.2024;19:45;39,3145
06.02.2024;20:00;39,264
06.02.2024;20:15;39,1965
06.02.2024;20:30;39,129000000000005
06.02.2024;20:45;39,0615
06.02.2024;21:00;38,994
06.02.2024;21:15;38,996
06.02.2024;21:30;38,998000000000005
06.02.2024;21:45;39,0
06.02.2024;22:00;39,002
06.02.2024;22:15;38,898
06.02.2024;22:30;38,794
06.02.2024;22:45;38,69
06.02.2024;23:00;38,586
06.02.2024;23:15;38,30625
06.02.2024;23:30;38,0265
06.02.2024;23:45;37,74675
07.02.2024;00:00;37,467
07.02.2024;00:15;37,32575
07.02.2024;00:30;37,1845
07.02.2024;00:45;37,04325
07.02.2024;01:00;36,902
07.02.2024;01:15;36,86775
07.02.2024;01:30;36,8335
07.02.2024;01:45;36,79925
07.02.2024;02:00;36,765
07.02.2024;02:15;37,076
07.02.2024;02:30;37,387
07.02.2024;02:45;37,698
07.02.2024;03:00;38,009
07.02.2024;03:15;38,206
07.02.2024;03:30;38,403
07.02.2024;03:45;38,599999999999994
07.02.2024;04:00;38,797
07.02.2024;04:15;38,926
07.02.2024;04:30;39,055
07.02.2024;04:45;39,184
07.02.2024;05:00;39,313
07.02.2024;05:15;39,693
07.02.2024;05:30;40,073
07.02.2024;05:45;40,453
07.02.2024;06:00;40,833
07.02.2024;06:15;41,129
07.02.2024;06:30;41,425
07.02.2024;06:45;41,721000000000004
07.02.2024;07:00;42,017
07.02.2024;07:15;42,02525
07.02.2024;07:30;42,033500000000004
07.02.2024;07:45;42,04175
07.02.2024;08:00;42,05
07.02.2024;08:15;42,01325
07.02.2024;08:30;41,9765
07.02.2024;08:45;41,93975
07.02.2024;09:00;41,903
07.02.2024;09:15;41,794
07.02.2024;09:30;41,685
07.02.2024;09:45;41,576
07.02.2024;10:00;41,467
07.02.2024;10:15;41,388
07.02.2024;10:30;41,309
07.02.2024;10:45;41,230000000000004
07.02.2024;11:00;41,151
07.02.2024;11:15;41,10025
07.02.2024;11:30;41,0495
07.02.2024;11:45;40,99875
07.02.2024;12:00;40,948
07.02.2024;12:15;41,0295
07.02.2024;12:30;41,111000000000004
07.02.2024;12:45;41,1925
07.02.2024;13:00;41,274
07.02.2024;13:15;41,24275
07.02.2024;13:30;41,2115
07.02.2024;13:45;41,18025
07.02.2024;14:00;41,149
07.02.2024;14:15;41,4045
07.02.2024;14:30;41,66
07.02.2024;14:45;41,9155
07.02.2024;15:00;42,171
07.02.2024;15:15;42,39825
07.02.2024;15:30;42,6255
07.02.2024;15:45;42,85275
07.02.2024;16:00;43,08
07.02.2024;16:15;43,64875
07.02.2024;16:30;44,2175
07.02.2024;16:45;44,786249999999995
07.02.2024;17:00;45,355
07.02.2024;17:15;45,759249999999994
07.02.2024;17:30;46,1635
07.02.2024;17:45;46,567750000000004
07.02.2024;18:00;46,972
07.02.2024;18:15;46,309
07.02.2024;18:30;45,646
07.02.2024;18:45;44,983000000000004
07.02.2024;19:00;44,32
07.02.2024;19:15;44,07525
07.02.2024;19:30;43,8305
07.02.2024;19:45;43,585750000000004
07.02.2024;20:00;43,341
07.02.2024;20:15;43,0345
07.02.2024;20:30;42,728
07.02.2024;20:45;42,4215
07.02.2024;21:00;42,115
07.02.2024;21:15;42,0145
07.02.2024;21:30;41,914
07.02.2024;21:45;41,813500000000005
07.02.2024;22:00;41,713
07.02.2024;22:15;41,6025
07.02.2024;22:30;41,492000000000004
07.02.2024;22:45;41,3815
07.02.2024;23:00;41,271
07.02.2024;23:15;41,133250000000004
07.02.2024;23:30;40,9955
07.02.2024;23:45;40,857749999999996
08.02.2024;00:00;40,72
08.02.2024;00:15;40,707499999999996
08.02.2024;00:30;40,695
08.02.2024;00:45;40,682500000000005
08.02.2024;01:00;40,67
08.02.2024;01:15;40,64375
08.02.2024;01:30;40,6175
08.02.2024;01:45;40,59125
08.02.2024;02:00;40,565
08.02.2024;02:15;40,58475
08.02.2024;02:30;40,6045
08.02.2024;02:45;40,624249999999996
08.02.2024;03:00;40,644
08.02.2024;03:15;40,66175
08.02.2024;03:30;40,679500000000004
08.02.2024;03:45;40,697250000000004
08.02.2024;04:00;40,715
08.02.2024;04:15;40,82
08.02.2024;04:30;40,925
08.02.2024;04:45;41,03
08.02.2024;05:00;41,135
08.02.2024;05:15;41,36575
08.02.2024;05:30;41,5965
08.02.2024;05:45;41,82725
08.02.2024;06:00;42,058
08.02.2024;06:15;42,631
08.02.2024;06:30;43,204
08.02.2024;06:45;43,777
08.02.2024;07:00;44,35
08.02.2024;07:15;44,92875
08.02.2024;07:30;45,5075
08.02.2024;07:45;46,08625
08.02.2024;08:00;46,665
08.02.2024;08:15;46,175
08.02.2024;08:30;45,685
08.02.2024;08:45;45,195
08.02.2024;09:00;44,705
08.02.2024;09:15;44,311
08.02.2024;09:30;43,917
08.02.2024;09:45;43,522999999999996
08.02.2024;10:00;43,129
08.02.2024;10:15;42,980999999999995
08.02.2024;10:30;42,833
08.02.2024;10:45;42,685
08.02.2024;11:00;42,537
08.02.2024;11:15;42,47475
08.02.2024;11:30;42,412499999999994
08.02.2024;11:45;42,350249999999996
08.02.2024;12:00;42,288
08.02.2024;12:15;42,327999999999996
08.02.2024;12:30;42,367999999999995
08.02.2024;12:45;42,408
08.02.2024;13:00;42,448
08.02.2024;13:15;42,546
08.02.2024;13:30;42,644000000000005
08.02.2024;13:45;42,742000000000004
08.02.2024;14:00;42,84
08.02.2024;14:15;42,827
08.02.2024;14:30;42,814
08.02.2024;14:45;42,801
08.02.2024;15:00;42,788
08.02.2024;15:15;42,75375
08.02.2024;15:30;42,7195
08.02.2024;15:45;42,68525
08.02.2024;16:00;42,651
08.02.2024;16:15;42,90075
08.02.2024;16:30;43,1505
08.02.2024;16:45;43,40025
08.02.2024;17:00;43,65
08.02.2024;17:15;43,44175
08.02.2024;17:30;43,2335
08.02.2024;17:45;43,02525
08.02.2024;18:00;42,817
08.02.2024;18:15;42,60175
08.02.2024;18:30;42,3865
08.02.2024;18:45;42,17125
08.02.2024;19:00;41,956
08.02.2024;19:15;41,8845
08.02.2024;19:30;41,813
08.02.2024;19:45;41,7415
08.02.2024;20:00;41,67
08.02.2024;20:15;41,60525
08.02.2024;20:30;41,5405
08.02.2024;20:45;41,475750000000005
08.02.2024;21:00;41,411
08.02.2024;21:15;41,28575
08.02.2024;21:30;41,1605
08.02.2024;21:45;41,03525
08.02.2024;22:00;40,91
08.02.2024;22:15;40,6695
08.02.2024;22:30;40,429
08.02.2024;22:45;40,1885
08.02.2024;23:00;39,948
08.02.2024;23:15;39,80925
08.02.2024;23:30;39,670500000000004
08.02.2024;23:45;39,53175
09.02.2024;00:00;39,393
09.02.2024;00:15;39,3475
09.02.2024;00:30;39,302
09.02.2024;00:45;39,2565
09.02.2024;01:00;39,211
09.02.2024;01:15;39,13925
09.02.2024;01:30;39,067499999999995
09.02.2024;01:45;38,99575
09.02.2024;02:00;38,924
09.02.2024;02:15;38,820750000000004
09.02.2024;02:30;38,7175
09.02.2024;02:45;38,61425
09.02.2024;03:00;38,511
09.02.2024;03:15;38,469750000000005
09.02.2024;03:30;38,4285
09.02.2024;03:45;38,387249999999995
09.02.2024;04:00;38,346
09.02.2024;04:15;38,405
09.02.2024;04:30;38,464
09.02.2024;04:45;38,522999999999996
09.02.2024;05:00;38,582
09.02.2024;05:15;38,751000000000005
09.02.2024;05:30;38,92
09.02.2024;05:45;39,089
09.02.2024;06:00;39,258
09.02.2024;06:15;39,45075
09.02.2024;06:30;39,6435
09.02.2024;06:45;39,83625000000001
09.02.2024;07:00;40,029
09.02.2024;07:15;40,112500000000004
09.02.2024;07:30;40,196
09.02.2024;07:45;40,2795
09.02.2024;08:00;40,363
09.02.2024;08:15;40,319
09.02.2024;08:30;40,275
09.02.2024;08:45;40,230999999999995
09.02.2024;09:00;40,187
09.02.2024;09:15;40,21575
09.02.2024;09:30;40,2445
09.02.2024;09:45;40,27325
09.02.2024;10:00;40,302
09.02.2024;10:15;40,3125
09.02.2024;10:30;40,323
09.02.2024;10:45;40,3335
09.02.2024;11:00;40,344
09.02.2024;11:15;40,29175
09.02.2024;11:30;40,2395
09.02.2024;11:45;40,18725
09.02.2024;12:00;40,135
09.02.2024;12:15;40,13225
09.02.2024;12:30;40,1295
09.02.2024;12:45;40,12675
09.02.2024;13:00;40,124
09.02.2024;13:15;40,261
09.02.2024;13:30;40,397999999999996
09.02.2024;13:45;40,535
09.02.2024;14:00;40,672
09.02.2024;14:15;40,8805
09.02.2024;14:30;41,089
09.02.2024;14:45;41,2975
09.02.2024;15:00;41,506
09.02.2024;15:15;41,72
09.02.2024;15:30;41,934
09.02.2024;15:45;42,148
09.02.2024;16:00;42,362
09.02.2024;16:15;42,49525
09.02.2024;16:30;42,6285
09.02.2024;16:45;42,761750000000006
09.02.2024;17:00;42,895
09.02.2024;17:15;42,895
09.02.2024;17:30;42,895
09.02.2024;17:45;42,895
09.02.2024;18:00;42,895
09.02.2024;18:15;42,685
09.02.2024;18:30;42,475
09.02.2024;18:45;42,265
09.02.2024;19:00;42,055
09.02.2024;19:15;41,88975
09.02.2024;19:30;41,7245
09.02.2024;19:45;41,55925
09.02.2024;20:00;41,394
09.02.2024;20:15;41,263
09.02.2024;20:30;41,132
09.02.2024;20:45;41,001
09.02.2024;21:00;40,87
09.02.2024;21:15;40,86275
09.02.2024;21:30;40,8555
09.02.2024;21:45;40,84825
09.02.2024;22:00;40,841
09.02.2024;22:15;40,74175
09.02.2024;22:30;40,6425
09.02.2024;22:45;40,54325
09.02.2024;23:00;40,444
09.02.2024;23:15;40,248000000000005
09.02.2024;23:30;40,052
09.02.2024;23:45;39,855999999999995
10.02.2024;00:00;39,66
10.02.2024;00:15;39,6845
10.02.2024;00:30;39,709
10.02.2024;00:45;39,7335
10.02.2024;01:00;39,758
10.02.2024;01:15;39,766000000000005
10.02.2024;01:30;39,774
10.02.2024;01:45;39,782
10.02.2024;02:00;39,79
10.02.2024;02:15;39,78975
10.02.2024;02:30;39,789500000000004
10.02.2024;02:45;39,78925
10.02.2024;03:00;39,789
10.02.2024;03:15;39,789500000000004
10.02.2024;03:30;39,79
10.02.2024;03:45;39,790499999999994
10.02.2024;04:00;39,791
10.02.2024;04:15;39,82625
10.02.2024;04:30;39,8615
10.02.2024;04:45;39,89675
10.02.2024;05:00;39,932
10.02.2024;05:15;40,059250000000006
10.02.2024;05:30;40,1865
10.02.2024;05:45;40,31375
10.02.2024;06:00;40,441
10.02.2024;06:15;40,53975
10.02.2024;06:30;40,6385
10.02.2024;06:45;40,73725
10.02.2024;07:00;40,836
10.02.2024;07:15;40,907
10.02.2024;07:30;40,977999999999994
10.02.2024;07:45;41,049
10.02.2024;08:00;41,12
10.02.2024;08:15;41,187
10.02.2024;08:30;41,254
10.02.2024;08:45;41,321
10.02.2024;09:00;41,388
10.02.2024;09:15;41,243249999999996
10.02.2024;09:30;41,0985
10.02.2024;09:45;40,95375
10.02.2024;10:00;40,809
10.02.2024;10:15;40,68
10.02.2024;10:30;40,551
10.02.2024;10:45;40,422
10.02.2024;11:00;40,293
10.02.2024;11:15;40,26475
10.02.2024;11:30;40,2365
10.02.2024;11:45;40,20825
10.02.2024;12:00;40,18
10.02.2024;12:15;40,1405
10.02.2024;12:30;40,101
10.02.2024;12:45;40,061499999999995
10.02.2024;13:00;40,022
10.02.2024;13:15;40,09225
10.02.2024;13:30;40,162499999999994
10.02.2024;13:45;40,232749999999996
10.02.2024;14:00;40,303
10.02.2024;14:15;40,494
10.02.2024;14:30;40,685
10.02.2024;14:45;40,876
10.02.2024;15:00;41,067
10.02.2024;15:15;41,291
10.02.2024;15:30;41,515
10.02.2024;15:45;41,739000000000004
10.02.2024;16:00;41,963
10.02.2024;16:15;42,033500000000004
10.02.2024;16:30;42,104
10.02.2024;16:45;42,174499999999995
10.02.2024;17:00;42,245
10.02.2024;17:15;42,211749999999995
10.02.2024;17:30;42,1785
10.02.2024;17:45;42,145250000000004
10.02.2024;18:00;42,112
10.02.2024;18:15;41,94675
10.02.2024;18:30;41,7815
10.02.2024;18:45;41,61625
10.02.2024;19:00;41,451
10.02.2024;19:15;41,28575
10.02.2024;19:30;41,1205
10.02.2024;19:45;40,95525
10.02.2024;20:00;40,79
10.02.2024;20:15;40,626
10.02.2024;20:30;40,462
10.02.2024;20:45;40,298
10.02.2024;21:00;40,134
10.02.2024;21:15;40,0845
10.02.2024;21:30;40,035
10.02.2024;21:45;39,9855
10.02.2024;22:00;39,936
10.02.2024;22:15;39,876
10.02.2024;22:30;39,816
10.02.2024;22:45;39,756
10.02.2024;23:00;39,696
10.02.2024;23:15;39,4965
10.02.2024;23:30;39,297
10.02.2024;23:45;39,097500000000004
11.02.2024;00:00;38,898
11.02.2024;00:15;38,85275
11.02.2024;00:30;38,807500000000005
11.02.2024;00:45;38,76225
11.02.2024;01:00;38,717
11.02.2024;01:15;38,69025
11.02.2024;01:30;38,6635
11.02.2024;01:45;38,63675
11.02.2024;02:00;38,61
11.02.2024;02:15;38,46575
11.02.2024;02:30;38,3215
11.02.2024;02:45;38,17725
11.02.2024;03:00;38,033
11.02.2024;03:15;37,95325
11.02.2024;03:30;37,8735
11.02.2024;03:45;37,79375
11.02.2024;04:00;37,714
11.02.2024;04:15;37,77925
11.02.2024;04:30;37,8445
11.02.2024;04:45;37,90975
11.02.2024;05:00;37,975
11.02.2024;05:15;38,048500000000004
11.02.2024;05:30;38,122
11.02.2024;05:45;38,195499999999996
11.02.2024;06:00;38,269
11.02.2024;06:15;38,368249999999996
11.02.2024;06:30;38,4675
11.02.2024;06:45;38,56675
11.02.2024;07:00;38,666
11.02.2024;07:15;38,713499999999996
11.02.2024;07:30;38,760999999999996
11.02.2024;07:45;38,8085
11.02.2024;08:00;38,856
11.02.2024;08:15;38,92875
11.02.2024;08:30;39,0015
11.02.2024;08:45;39,07425
11.02.2024;09:00;39,147
11.02.2024;09:15;39,226749999999996
11.02.2024;09:30;39,3065
11.02.2024;09:45;39,386250000000004
11.02.2024;10:00;39,466
11.02.2024;10:15;39,575500000000005
11.02.2024;10:30;39,685
11.02.2024;10:45;39,7945
11.02.2024;11:00;39,904
11.02.2024;11:15;39,880500000000005
11.02.2024;11:30;39,857
11.02.2024;11:45;39,8335
11.02.2024;12:00;39,81
11.02.2024;12:15;39,748000000000005
11.02.2024;12:30;39,686
11.02.2024;12:45;39,623999999999995
11.02.2024;13:00;39,562
11.02.2024;13:15;39,60875
11.02.2024;13:30;39,6555
11.02.2024;13:45;39,70225
11.02.2024;14:00;39,749
11.02.2024;14:15;39,80675
11.02.2024;14:30;39,8645
11.02.2024;14:45;39,92225
11.02.2024;15:00;39,98
11.02.2024;15:15;40,089749999999995
11.02.2024;15:30;40,1995
11.02.2024;15:45;40,30925
11.02.2024;16:00;40,419
11.02.2024;16:15;40,61425
11.02.2024;16:30;40,8095
11.02.2024;16:45;41,00475
11.02.2024;17:00;41,2
11.02.2024;17:15;41,256
11.02.2024;17:30;41,312
11.02.2024;17:45;41,368
11.02.2024;18:00;41,424
11.02.2024;18:15;41,3985
11.02.2024;18:30;41,373000000000005
11.02.2024;18:45;41,347500000000004
11.02.2024;19:00;41,322
11.02.2024;19:15;41,24775
11.02.2024;19:30;41,173500000000004
11.02.2024;19:45;41,09925
11.02.2024;20:00;41,025
11.02.2024;20:15;40,874249999999996
11.02.2024;20:30;40,7235
11.02.2024;20:45;40,57275
11.02.2024;21:00;40,422
11.02.2024;21:15;40,363749999999996
11.02.2024;21:30;40,305499999999995
11.02.2024;21:45;40,24725
11.02.2024;22:00;40,189
11.02.2024;22:15;40,079499999999996
11.02.2024;22:30;39,97
11.02.2024;22:45;39,8605
11.02.2024;23:00;39,751
11.02.2024;23:15;39,759499999999996
11.02.2024;23:30;39,768
11.02.2024;23:45;39,7765
12.02.2024;00:00;39,785
12.02.2024;00:15;39,715999999999994
12.02.2024;00:30;39,647
12.02.2024;00:45;39,578
12.02.2024;01:00;39,509
12.02.2024;01:15;39,4855
12.02.2024;01:30;39,462
12.02.2024;01:45;39,4385
12.02.2024;02:00;39,415
12.02.2024;02:15;39,3835
12.02.2024;02:30;39,352000000000004
12.02.2024;02:45;39,3205
12.02.2024;03:00;39,289
12.02.2024;03:15;39,2845
12.02.2024;03:30;39,28
12.02.2024;03:45;39,2755
12.02.2024;04:00;39,271
12.02.2024;04:15;39,41575
12.02.2024;04:30;39,560500000000005
12.02.2024;04:45;39,70525
12.02.2024;05:00;39,85
12.02.2024;05:15;40,125
12.02.2024;05:30;40,400000000000006
12.02.2024;05:45;40,675000000000004
12.02.2024;06:00;40,95
12.02.2024;06:15;41,18525
12.02.2024;06:30;41,420500000000004
12.02.2024;06:45;41,65575
12.02.2024;07:00;41,891
12.02.2024;07:15;42,35575
12.02.2024;07:30;42,820499999999996
12.02.2024;07:45;43,28525
12.02.2024;08:00;43,75
12.02.2024;08:15;43,5625
12.02.2024;08:30;43,375
12.02.2024;08:45;43,1875
12.02.2024;09:00;43,0
12.02.2024;09:15;42,72425
12.02.2024;09:30;42,448499999999996
12.02.2024;09:45;42,17275
12.02.2024;10:00;41,897
12.02.2024;10:15;41,738749999999996
12.02.2024;10:30;41,5805
12.02.2024;10:45;41,422250000000005
12.02.2024;11:00;41,264
12.02.2024;11:15;40,969750000000005
12.02.2024;11:30;40,6755
12.02.2024;11:45;40,38125
12.02.2024;12:00;40,087
12.02.2024;12:15;39,996500000000005
12.02.2024;12:30;39,906000000000006
12.02.2024;12:45;39,8155
12.02.2024;13:00;39,725
12.02.2024;13:15;39,730000000000004
12.02.2024;13:30;39,735
12.02.2024;13:45;39,739999999999995
12.02.2024;14:00;39,745
12.02.2024;14:15;39,80625
12.02.2024;14:30;39,8675
12.02.2024;14:45;39,92875
12.02.2024;15:00;39,99
12.02.2024;15:15;40,2905
12.02.2024;15:30;40,591
12.02.2024;15:45;40,8915
12.02.2024;16:00;41,192
12.02.2024;16:15;41,579
12.02.2024;16:30;41,966
12.02.2024;16:45;42,353
12.02.2024;17:00;42,74
12.02.2024;17:15;42,792500000000004
12.02.2024;17:30;42,845
12.02.2024;17:45;42,8975
12.02.2024;18:00;42,95
12.02.2024;18:15;42,777
12.02.2024;18:30;42,604
12.02.2024;18:45;42,431000000000004
12.02.2024;19:00;42,258
12.02.2024;19:15;42,009750000000004
12.02.2024;19:30;41,7615
12.02.2024;19:45;41,51325
12.02.2024;20:00;41,265
12.02.2024;20:15;41,07475
12.02.2024;20:30;40,8845
12.02.2024;20:45;40,69425
12.02.2024;21:00;40,504
12.02.2024;21:15;40,362249999999996
12.02.2024;21:30;40,2205
12.02.2024;21:45;40,07875
12.02.2024;22:00;39,937
12.02.2024;22:15;39,83775
12.02.2024;22:30;39,7385
12.02.2024;22:45;39,63925
12.02.2024;23:00;39,54
12.02.2024;23:15;39,70725
12.02.2024;23:30;39,8745
12.02.2024;23:45;40,04175
13.02.2024;00:00;40,209
13.02.2024;00:15;40,1285
13.02.2024;00:30;40,048
13.02.2024;00:45;39,9675
13.02.2024;01:00;39,887
13.02.2024;01:15;39,838
13.02.2024;01:30;39,789
13.02.2024;01:45;39,74
13.02.2024;02:00;39,691
13.02.2024;02:15;39,618
13.02.2024;02:30;39,545
13.02.2024;02:45;39,472
13.02.2024;03:00;39,399
13.02.2024;03:15;39,38825
13.02.2024;03:30;39,3775
13.02.2024;03:45;39,36675
13.02.2024;04:00;39,356
13.02.2024;04:15;39,444250000000004
13.02.2024;04:30;39,5325
13.02.2024;04:45;39,62075
13.02.2024;05:00;39,709
13.02.2024;05:15;39,8865
13.02.2024;05:30;40,064
13.02.2024;05:45;40,2415
13.02.2024;06:00;40,419
13.02.2024;06:15;40,70625
13.02.2024;06:30;40,9935
13.02.2024;06:45;41,28075
13.02.2024;07:00;41,568
13.02.2024;07:15;41,741
13.02.2024;07:30;41,914
13.02.2024;07:45;42,086999999999996
13.02.2024;08:00;42,26
13.02.2024;08:15;41,9105
13.02.2024;08:30;41,561
13.02.2024;08:45;41,2115
13.02.2024;09:00;40,862
13.02.2024;09:15;40,71425
13.02.2024;09:30;40,566500000000005
13.02.2024;09:45;40,41875
13.02.2024;10:00;40,271
13.02.2024;10:15;40,1375
13.02.2024;10:30;40,004000000000005
13.02.2024;10:45;39,8705
13.02.2024;11:00;39,737
13.02.2024;11:15;39,6535
13.02.2024;11:30;39,57
13.02.2024;11:45;39,4865
13.02.2024;12:00;39,403
13.02.2024;12:15;39,396249999999995
13.02.2024;12:30;39,3895
13.02.2024;12:45;39,38275
13.02.2024;13:00;39,376
13.02.2024;13:15;39,446999999999996
13.02.2024;13:30;39,518
13.02.2024;13:45;39,589
13.02.2024;14:00;39,66
13.02.2024;14:15;39,849999999999994
13.02.2024;14:30;40,04
13.02.2024;14:45;40,230000000000004
13.02.2024;15:00;40,42
13.02.2024;15:15;40,6115
13.02.2024;15:30;40,803
13.02.2024;15:45;40,9945
13.02.2024;16:00;41,186
13.02.2024;16:15;41,60225
13.02.2024;16:30;42,0185
13.02.2024;16:45;42,43475
13.02.2024;17:00;42,851
13.02.2024;17:15;42,97275
13.02.2024;17:30;43,0945
13.02.2024;17:45;43,21625
13.02.2024;18:00;43,338
13.02.2024;18:15;43,11575
13.02.2024;18:30;42,8935
13.02.2024;18:45;42,67125
13.02.2024;19:00;42,449
13.02.2024;19:15;42,1235
13.02.2024;19:30;41,798
13.02.2024;19:45;41,4725
13.02.2024;20:00;41,147
13.02.2024;20:15;40,99425
13.02.2024;20:30;40,841499999999996
13.02.2024;20:45;40,68875
13.02.2024;21:00;40,536
13.02.2024;21:15;40,44925
13.02.2024;21:30;40,3625
13.02.2024;21:45;40,27575
13.02.2024;22:00;40,189
13.02.2024;22:15;40,09775
13.02.2024;22:30;40,0065
13.02.2024;22:45;39,91525
13.02.2024;23:00;39,824
13.02.2024;23:15;39,72125
13.02.2024;23:30;39,6185
13.02.2024;23:45;39,51575
14.02.2024;00:00;39,413
14.02.2024;00:15;39,38075
14.02.2024;00:30;39,3485
14.02.2024;00:45;39,31625
14.02.2024;01:00;39,284
14.02.2024;01:15;39,1945
14.02.2024;01:30;39,105000000000004
14.02.2024;01:45;39,0155
14.02.2024;02:00;38,926
14.02.2024;02:15;38,90175
14.02.2024;02:30;38,8775
14.02.2024;02:45;38,85325
14.02.2024;03:00;38,829
14.02.2024;03:15;38,835750000000004
14.02.2024;03:30;38,8425
14.02.2024;03:45;38,84925
14.02.2024;04:00;38,856
14.02.2024;04:15;38,94025
14.02.2024;04:30;39,0245
14.02.2024;04:45;39,10875
14.02.2024;05:00;39,193
14.02.2024;05:15;39,313
14.02.2024;05:30;39,433
14.02.2024;05:45;39,553
14.02.2024;06:00;39,673
14.02.2024;06:15;39,91075
14.02.2024;06:30;40,1485
14.02.2024;06:45;40,386250000000004
14.02.2024;07:00;40,624
14.02.2024;07:15;40,79875
14.02.2024;07:30;40,9735
14.02.2024;07:45;41,148250000000004
14.02.2024;08:00;41,323
14.02.2024;08:15;41,071
14.02.2024;08:30;40,819
14.02.2024;08:45;40,567
14.02.2024;09:00;40,315
14.02.2024;09:15;40,170249999999996
14.02.2024;09:30;40,025499999999994
14.02.2024;09:45;39,88075
14.02.2024;10:00;39,736
14.02.2024;10:15;39,72175
14.02.2024;10:30;39,707499999999996
14.02.2024;10:45;39,69325
14.02.2024;11:00;39,679
14.02.2024;11:15;39,6625
14.02.2024;11:30;39,646
14.02.2024;11:45;39,6295
14.02.2024;12:00;39,613
14.02.2024;12:15;39,64275
14.02.2024;12:30;39,6725
14.02.2024;12:45;39,70225
14.02.2024;13:00;39,732
14.02.2024;13:15;39,86225
14.02.2024;13:30;39,9925
14.02.2024;13:45;40,122749999999996
14.02.2024;14:00;40,253
14.02.2024;14:15;40,333
14.02.2024;14:30;40,413
14.02.2024;14:45;40,493
14.02.2024;15:00;40,573
14.02.2024;15:15;40,73075
14.02.2024;15:30;40,8885
14.02.2024;15:45;41,04625
14.02.2024;16:00;41,204
14.02.2024;16:15;41,314750000000004
14.02.2024;16:30;41,4255
14.02.2024;16:45;41,536249999999995
14.02.2024;17:00;41,647
14.02.2024;17:15;41,762249999999995
14.02.2024;17:30;41,8775
14.02.2024;17:45;41,99275
14.02.2024;18:00;42,108
14.02.2024;18:15;42,030249999999995
14.02.2024;18:30;41,9525
14.02.2024;18:45;41,87475
14.02.2024;19:00;41,797
14.02.2024;19:15;41,597249999999995
14.02.2024;19:30;41,397499999999994
14.02.2024;19:45;41,19775
14.02.2024;20:00;40,998
14.02.2024;20:15;40,827999999999996
14.02.2024;20:30;40,658
14.02.2024;20:45;40,488
14.02.2024;21:00;40,318
14.02.2024;21:15;40,281
14.02.2024;21:30;40,244
14.02.2024;21:45;40,207
14.02.2024;22:00;40,17
14.02.2024;22:15;40,06
14.02.2024;22:30;39,95
14.02.2024;22:45;39,839999999999996
14.02.2024;23:00;39,73
14.02.2024;23:15;39,677749999999996
14.02.2024;23:30;39,6255
14.02.2024;23:45;39,57325
15.02.2024;00:00;39,521
15.02.2024;00:15;39,5065
15.02.2024;00:30;39,492000000000004
15.02.2024;00:45;39,4775
15.02.2024;01:00;39,463
15.02.2024;01:15;39,44225
15.02.2024;01:30;39,4215
15.02.2024;01:45;39,40075
15.02.2024;02:00;39,38
15.02.2024;02:15;39,36625
15.02.2024;02:30;39,352500000000006
15.02.2024;02:45;39,338750000000005
15.02.2024;03:00;39,325
15.02.2024;03:15;39,37975
15.02.2024;03:30;39,4345
15.02.2024;03:45;39,48925
15.02.2024;04:00;39,544
15.02.2024;04:15;39,647
15.02.2024;04:30;39,75
15.02.2024;04:45;39,853
15.02.2024;05:00;39,956
15.02.2024;05:15;40,109750000000005
15.02.2024;05:30;40,2635
15.02.2024;05:45;40,417249999999996
15.02.2024;06:00;40,571
15.02.2024;06:15;40,805
15.02.2024;06:30;41,039
15.02.2024;06:45;41,272999999999996
15.02.2024;07:00;41,507
15.02.2024;07:15;41,534499999999994
15.02.2024;07:30;41,562
15.02.2024;07:45;41,5895
15.02.2024;08:00;41,617
15.02.2024;08:15;41,51925
15.02.2024;08:30;41,421499999999995
15.02.2024;08:45;41,32375
15.02.2024;09:00;41,226
15.02.2024;09:15;41,1115
15.02.2024;09:30;40,997
15.02.2024;09:45;40,8825
15.02.2024;10:00;40,768
15.02.2024;10:15;40,6625
15.02.2024;10:30;40,557
15.02.2024;10:45;40,451499999999996
15.02.2024;11:00;40,346
15.02.2024;11:15;40,26275
15.02.2024;11:30;40,1795
15.02.2024;11:45;40,09625
15.02.2024;12:00;40,013
15.02.2024;12:15;40,001999999999995
15.02.2024;12:30;39,991
15.02.2024;12:45;39,980000000000004
15.02.2024;13:00;39,969
15.02.2024;13:15;40,062
15.02.2024;13:30;40,155
15.02.2024;13:45;40,248000000000005
15.02.2024;14:00;40,341
15.02.2024;14:15;40,4695
15.02.2024;14:30;40,598
15.02.2024;14:45;40,7265
15.02.2024;15:00;40,855
15.02.2024;15:15;40,955
15.02.2024;15:30;41,055
15.02.2024;15:45;41,155
15.02.2024;16:00;41,255
15.02.2024;16:15;41,45375
15.02.2024;16:30;41,6525
15.02.2024;16:45;41,85125
15.02.2024;17:00;42,05
15.02.2024;17:15;42,04774999999999
15.02.2024;17:30;42,0455
15.02.2024;17:45;42,04325
15.02.2024;18:00;42,041
15.02.2024;18:15;41,7585
15.02.2024;18:30;41,476
15.02.2024;18:45;41,1935
15.02.2024;19:00;40,911
15.02.2024;19:15;40,7825
15.02.2024;19:30;40,653999999999996
15.02.2024;19:45;40,5255
15.02.2024;20:00;40,397
15.02.2024;20:15;40,2095
15.02.2024;20:30;40,022
15.02.2024;20:45;39,8345
15.02.2024;21:00;39,647
15.02.2024;21:15;39,65
15.02.2024;21:30;39,653
15.02.2024;21:45;39,656
15.02.2024;22:00;39,659
15.02.2024;22:15;39,5545
15.02.2024;22:30;39,45
15.02.2024;22:45;39,3455
15.02.2024;23:00;39,241
15.02.2024;23:15;39,06225
15.02.2024;23:30;38,8835
15.02.2024;23:45;38,704750000000004
16.02.2024;00:00;38,526
16.02.2024;00:15;38,509
16.02.2024;00:30;38,492000000000004
16.02.2024;00:45;38,475
16.02.2024;01:00;38,458
16.02.2024;01:15;38,429
16.02.2024;01:30;38,4
16.02.2024;01:45;38,370999999999995
16.02.2024;02:00;38,342
16.02.2024;02:15;38,31425
16.02.2024;02:30;38,286500000000004
16.02.2024;02:45;38,25875
16.02.2024;03:00;38,231
16.02.2024;03:15;38,29525
16.02.2024;03:30;38,3595
16.02.2024;03:45;38,42375
16.02.2024;04:00;38,488
16.02.2024;04:15;38,54175
16.02.2024;04:30;38,5955
16.02.2024;04:45;38,64925
16.02.2024;05:00;38,703
16.02.2024;05:15;38,843500000000006
16.02.2024;05:30;38,984
16.02.2024;05:45;39,1245
16.02.2024;06:00;39,265
16.02.2024;06:15;39,521
16.02.2024;06:30;39,777
16.02.2024;06:45;40,033
16.02.2024;07:00;40,289
16.02.2024;07:15;40,31675
16.02.2024;07:30;40,3445
16.02.2024;07:45;40,37225
16.02.2024;08:00;40,4
16.02.2024;08:15;40,2585
16.02.2024;08:30;40,117000000000004
16.02.2024;08:45;39,975500000000004
16.02.2024;09:00;39,834
16.02.2024;09:15;39,572250000000004
16.02.2024;09:30;39,310500000000005
16.02.2024;09:45;39,04875
16.02.2024;10:00;38,787
16.02.2024;10:15;38,75275
16.02.2024;10:30;38,7185
16.02.2024;10:45;38,68425
16.02.2024;11:00;38,65
16.02.2024;11:15;38,63325
16.02.2024;11:30;38,6165
16.02.2024;11:45;38,59975
16.02.2024;12:00;38,583
16.02.2024;12:15;38,582499999999996
16.02.2024;12:30;38,582
16.02.2024;12:45;38,581500000000005
16.02.2024;13:00;38,581
16.02.2024;13:15;38,61775
16.02.2024;13:30;38,6545
16.02.2024;13:45;38,691250000000004
16.02.2024;14:00;38,728
16.02.2024;14:15;38,94825
16.02.2024;14:30;39,1685
16.02.2024;14:45;39,38875
16.02.2024;15:00;39,609
16.02.2024;15:15;39,794
16.02.2024;15:30;39,979
16.02.2024;15:45;40,164
16.02.2024;16:00;40,349
16.02.2024;16:15;40,41374999999999
16.02.2024;16:30;40,4785
16.02.2024;16:45;40,54325
16.02.2024;17:00;40,608
16.02.2024;17:15;40,729
16.02.2024;17:30;40,849999999999994
16.02.2024;17:45;40,971
16.02.2024;18:00;41,092
16.02.2024;18:15;41,076
16.02.2024;18:30;41,06
16.02.2024;18:45;41,044
16.02.2024;19:00;41,028
16.02.2024;19:15;40,920249999999996
16.02.2024;19:30;40,8125
16.02.2024;19:45;40,704750000000004
16.02.2024;20:00;40,597
16.02.2024;20:15;40,520250000000004
16.02.2024;20:30;40,4435
16.02.2024;20:45;40,366749999999996
16.02.2024;21:00;40,29
16.02.2024;21:15;40,25625
16.02.2024;21:30;40,2225
16.02.2024;21:45;40,18875
16.02.2024;22:00;40,155
16.02.2024;22:15;39,95425
16.02.2024;22:30;39,7535
16.02.2024;22:45;39,552749999999996
16.02.2024;23:00;39,352
16.02.2024;23:15;39,28425
16.02.2024;23:30;39,216499999999996
16.02.2024;23:45;39,14875
17.02.2024;00:00;39,081
17.02.2024;00:15;39,07325
17.02.2024;00:30;39,0655
17.02.2024;00:45;39,05775
17.02.2024;01:00;39,05
17.02.2024;01:15;39,022
17.02.2024;01:30;38,994
17.02.2024;01:45;38,966
17.02.2024;02:00;38,938
17.02.2024;02:15;38,9075
17.02.2024;02:30;38,877
17.02.2024;02:45;38,846500000000006
17.02.2024;03:00;38,816
17.02.2024;03:15;38,815
17.02.2024;03:30;38,814
17.02.2024;03:45;38,813
17.02.2024;04:00;38,812
17.02.2024;04:15;38,8335
17.02.2024;04:30;38,855000000000004
17.02.2024;04:45;38,8765
17.02.2024;05:00;38,898
17.02.2024;05:15;38,89025
17.02.2024;05:30;38,8825
17.02.2024;05:45;38,87475
17.02.2024;06:00;38,867
17.02.2024;06:15;38,91025
17.02.2024;06:30;38,9535
17.02.2024;06:45;38,99675
17.02.2024;07:00;39,04
17.02.2024;07:15;39,23975
17.02.2024;07:30;39,439499999999995
17.02.2024;07:45;39,63925
17.02.2024;08:00;39,839
17.02.2024;08:15;39,799
17.02.2024;08:30;39,759
17.02.2024;08:45;39,719
17.02.2024;09:00;39,679
17.02.2024;09:15;39,64725
17.02.2024;09:30;39,6155
17.02.2024;09:45;39,58375
17.02.2024;10:00;39,552
17.02.2024;10:15;39,51875
17.02.2024;10:30;39,4855
17.02.2024;10:45;39,45225
17.02.2024;11:00;39,419
17.02.2024;11:15;39,35825
17.02.2024;11:30;39,2975
17.02.2024;11:45;39,23675
17.02.2024;12:00;39,176
17.02.2024;12:15;39,100750000000005
17.02.2024;12:30;39,0255
17.02.2024;12:45;38,95025
17.02.2024;13:00;38,875
17.02.2024;13:15;38,971000000000004
17.02.2024;13:30;39,067
17.02.2024;13:45;39,163
17.02.2024;14:00;39,259
17.02.2024;14:15;39,5025
17.02.2024;14:30;39,745999999999995
17.02.2024;14:45;39,9895
17.02.2024;15:00;40,233
17.02.2024;15:15;40,388
17.02.2024;15:30;40,543
17.02.2024;15:45;40,698
17.02.2024;16:00;40,853
17.02.2024;16:15;41,1755
17.02.2024;16:30;41,498000000000005
17.02.2024;16:45;41,8205
17.02.2024;17:00;42,143
17.02.2024;17:15;42,69625
17.02.2024;17:30;43,2495
17.02.2024;17:45;43,80275
17.02.2024;18:00;44,356
17.02.2024;18:15;43,8615
17.02.2024;18:30;43,367000000000004
17.02.2024;18:45;42,8725
17.02.2024;19:00;42,378
17.02.2024;19:15;42,14425
17.02.2024;19:30;41,9105
17.02.2024;19:45;41,67675
17.02.2024;20:00;41,443
17.02.2024;20:15;41,284
17.02.2024;20:30;41,125
17.02.2024;20:45;40,966
17.02.2024;21:00;40,807
17.02.2024;21:15;40,753750000000004
17.02.2024;21:30;40,700500000000005
17.02.2024;21:45;40,64725
17.02.2024;22:00;40,594
17.02.2024;22:15;40,51075
17.02.2024;22:30;40,4275
17.02.2024;22:45;40,34425
17.02.2024;23:00;40,261
17.02.2024;23:15;40,09275
17.02.2024;23:30;39,9245
17.02.2024;23:45;39,75625
18.02.2024;00:00;39,588
18.02.2024;00:15;39,39875
18.02.2024;00:30;39,209500000000006
18.02.2024;00:45;39,020250000000004
18.02.2024;01:00;38,831
18.02.2024;01:15;38,746750000000006
18.02.2024;01:30;38,6625
18.02.2024;01:45;38,57825
18.02.2024;02:00;38,494
18.02.2024;02:15;38,466
18.02.2024;02:30;38,438
18.02.2024;02:45;38,41
18.02.2024;03:00;38,382
18.02.2024;03:15;38,37875
18.02.2024;03:30;38,3755
18.02.2024;03:45;38,37225
18.02.2024;04:00;38,369
18.02.2024;04:15;38,326
18.02.2024;04:30;38,283
18.02.2024;04:45;38,24
18.02.2024;05:00;38,197
18.02.2024;05:15;38,13575
18.02.2024;05:30;38,0745
18.02.2024;05:45;38,01325
18.02.2024;06:00;37,952
18.02.2024;06:15;38,02575
18.02.2024;06:30;38,0995
18.02.2024;06:45;38,173249999999996
18.02.2024;07:00;38,247
18.02.2024;07:15;38,204750000000004
18.02.2024;07:30;38,1625
18.02.2024;07:45;38,12025
18.02.2024;08:00;38,078
18.02.2024;08:15;37,97175
18.02.2024;08:30;37,8655
18.02.2024;08:45;37,75925
18.02.2024;09:00;37,653
18.02.2024;09:15;37,588499999999996
18.02.2024;09:30;37,524
18.02.2024;09:45;37,459500000000006
18.02.2024;10:00;37,395
18.02.2024;10:15;37,408750000000005
18.02.2024;10:30;37,4225
18.02.2024;10:45;37,43625
18.02.2024;11:00;37,45
18.02.2024;11:15;37,4275
18.02.2024;11:30;37,405
18.02.2024;11:45;37,3825
18.02.2024;12:00;37,36
18.02.2024;12:15;37,3545
18.02.2024;12:30;37,349000000000004
18.02.2024;12:45;37,3435
18.02.2024;13:00;37,338
18.02.2024;13:15;37,41275
18.02.2024;13:30;37,4875
18.02.2024;13:45;37,56225
18.02.2024;14:00;37,637
18.02.2024;14:15;37,9225
18.02.2024;14:30;38,208
18.02.2024;14:45;38,493500000000004
18.02.2024;15:00;38,779
18.02.2024;15:15;38,993500000000004
18.02.2024;15:30;39,208
18.02.2024;15:45;39,4225
18.02.2024;16:00;39,637
18.02.2024;16:15;39,86525
18.02.2024;16:30;40,0935
18.02.2024;16:45;40,321749999999994
18.02.2024;17:00;40,55
18.02.2024;17:15;40,591499999999996
18.02.2024;17:30;40,632999999999996
18.02.2024;17:45;40,6745
18.02.2024;18:00;40,716
18.02.2024;18:15;40,639250000000004
18.02.2024;18:30;40,5625
18.02.2024;18:45;40,485749999999996
18.02.2024;19:00;40,409
18.02.2024;19:15;40,262
18.02.2024;19:30;40,114999999999995
18.02.2024;19:45;39,967999999999996
18.02.2024;20:00;39,821
18.02.2024;20:15;39,699
18.02.2024;20:30;39,577
18.02.2024;20:45;39,455
18.02.2024;21:00;39,333
18.02.2024;21:15;39,2705
18.02.2024;21:30;39,208
18.02.2024;21:45;39,1455
18.02.2024;22:00;39,083
18.02.2024;22:15;38,99825
18.02.2024;22:30;38,9135
18.02.2024;22:45;38,82875
18.02.2024;23:00;38,744
18.02.2024;23:15;38,4955
18.02.2024;23:30;38,247
18.02.2024;23:45;37,9985
19.02.2024;00:00;37,75
19.02.2024;00:15;37,726
19.02.2024;00:30;37,702
19.02.2024;00:45;37,678000000000004
19.02.2024;01:00;37,654
19.02.2024;01:15;37,68325
19.02.2024;01:30;37,712500000000006
19.02.2024;01:45;37,74175
19.02.2024;02:00;37,771
19.02.2024;02:15;37,7635
19.02.2024;02:30;37,756
19.02.2024;02:45;37,7485
19.02.2024;03:00;37,741
19.02.2024;03:15;37,76625
19.02.2024;03:30;37,7915
19.02.2024;03:45;37,81675
19.02.2024;04:00;37,842
19.02.2024;04:15;38,00825
19.02.2024;04:30;38,174499999999995
19.02.2024;04:45;38,34075
19.02.2024;05:00;38,507
19.02.2024;05:15;38,93275
19.02.2024;05:30;39,3585
19.02.2024;05:45;39,78425
19.02.2024;06:00;40,21
19.02.2024;06:15;40,47225
19.02.2024;06:30;40,7345
19.02.2024;06:45;40,99675
19.02.2024;07:00;41,259
19.02.2024;07:15;41,37775
19.02.2024;07:30;41,4965
19.02.2024;07:45;41,61525
19.02.2024;08:00;41,734
19.02.2024;08:15;41,51375
19.02.2024;08:30;41,2935
19.02.2024;08:45;41,07325
19.02.2024;09:00;40,853
19.02.2024;09:15;40,748000000000005
19.02.2024;09:30;40,643
19.02.2024;09:45;40,538
19.02.2024;10:00;40,433
19.02.2024;10:15;40,3905
19.02.2024;10:30;40,348
19.02.2024;10:45;40,305499999999995
19.02.2024;11:00;40,263
19.02.2024;11:15;40,0965
19.02.2024;11:30;39,93
19.02.2024;11:45;39,7635
19.02.2024;12:00;39,597
19.02.2024;12:15;39,56
19.02.2024;12:30;39,522999999999996
19.02.2024;12:45;39,486
19.02.2024;13:00;39,449
19.02.2024;13:15;39,57325
19.02.2024;13:30;39,6975
19.02.2024;13:45;39,821749999999994
19.02.2024;14:00;39,946
19.02.2024;14:15;40,028999999999996
19.02.2024;14:30;40,111999999999995
19.02.2024;14:45;40,195
19.02.2024;15:00;40,278
19.02.2024;15:15;40,333749999999995
19.02.2024;15:30;40,3895
19.02.2024;15:45;40,44525
19.02.2024;16:00;40,501
19.02.2024;16:15;40,6195
19.02.2024;16:30;40,738
19.02.2024;16:45;40,8565
19.02.2024;17:00;40,975
19.02.2024;17:15;41,510000000000005
19.02.2024;17:30;42,045
19.02.2024;17:45;42,58
19.02.2024;18:00;43,115
19.02.2024;18:15;42,67325
19.02.2024;18:30;42,2315
19.02.2024;18:45;41,78975
19.02.2024;19:00;41,348
19.02.2024;19:15;41,144999999999996
19.02.2024;19:30;40,942
19.02.2024;19:45;40,739000000000004
19.02.2024;20:00;40,536
19.02.2024;20:15;40,42625
19.02.2024;20:30;40,316500000000005
19.02.2024;20:45;40,20675
19.02.2024;21:00;40,097
19.02.2024;21:15;40,067
19.02.2024;21:30;40,037
19.02.2024;21:45;40,007
19.02.2024;22:00;39,977
19.02.2024;22:15;39,797
19.02.2024;22:30;39,617
19.02.2024;22:45;39,437
19.02.2024;23:00;39,257
19.02.2024;23:15;39,23175
19.02.2024;23:30;39,2065
19.02.2024;23:45;39,18125
20.02.2024;00:00;39,156
20.02.2024;00:15;39,0625
20.02.2024;00:30;38,968999999999994
20.02.2024;00:45;38,875499999999995
20.02.2024;01:00;38,782
20.02.2024;01:15;38,772999999999996
20.02.2024;01:30;38,763999999999996
20.02.2024;01:45;38,755
20.02.2024;02:00;38,746
20.02.2024;02:15;38,734
20.02.2024;02:30;38,722
20.02.2024;02:45;38,71
20.02.2024;03:00;38,698
20.02.2024;03:15;38,68575
20.02.2024;03:30;38,673500000000004
20.02.2024;03:45;38,66125
20.02.2024;04:00;38,649
20.02.2024;04:15;38,694
20.02.2024;04:30;38,739000000000004
20.02.2024;04:45;38,784
20.02.2024;05:00;38,829
20.02.2024;05:15;39,2225
20.02.2024;05:30;39,616
20.02.2024;05:45;40,0095
20.02.2024;06:00;40,403
20.02.2024;06:15;40,84975
20.02.2024;06:30;41,296499999999995
20.02.2024;06:45;41,743249999999996
20.02.2024;07:00;42,19
20.02.2024;07:15;42,25225
20.02.2024;07:30;42,314499999999995
20.02.2024;07:45;42,37675
20.02.2024;08:00;42,439
20.02.2024;08:15;42,1305
20.02.2024;08:30;41,822
20.02.2024;08:45;41,5135
20.02.2024;09:00;41,205
20.02.2024;09:15;40,98725
20.02.2024;09:30;40,7695
20.02.2024;09:45;40,55175
20.02.2024;10:00;40,334
20.02.2024;10:15;40,11
20.02.2024;10:30;39,886
20.02.2024;10:45;39,662000000000006
20.02.2024;11:00;39,438
20.02.2024;11:15;39,254000000000005
20.02.2024;11:30;39,07
20.02.2024;11:45;38,885999999999996
20.02.2024;12:00;38,702
20.02.2024;12:15;38,649499999999996
20.02.2024;12:30;38,596999999999994
20.02.2024;12:45;38,5445
20.02.2024;13:00;38,492
20.02.2024;13:15;38,50125
20.02.2024;13:30;38,5105
20.02.2024;13:45;38,51975
20.02.2024;14:00;38,529
20.02.2024;14:15;38,63825
20.02.2024;14:30;38,7475
20.02.2024;14:45;38,856750000000005
20.02.2024;15:00;38,966
20.02.2024;15:15;39,139
20.02.2024;15:30;39,312
20.02.2024;15:45;39,485
20.02.2024;16:00;39,658
20.02.2024;16:15;39,844500000000004
20.02.2024;16:30;40,031000000000006
20.02.2024;16:45;40,2175
20.02.2024;17:00;40,404
20.02.2024;17:15;40,42175
20.02.2024;17:30;40,4395
20.02.2024;17:45;40,45725
20.02.2024;18:00;40,475
20.02.2024;18:15;40,5305
20.02.2024;18:30;40,586
20.02.2024;18:45;40,6415
20.02.2024;19:00;40,697
20.02.2024;19:15;40,572250000000004
20.02.2024;19:30;40,447500000000005
20.02.2024;19:45;40,32275
20.02.2024;20:00;40,198
20.02.2024;20:15;40,01925
20.02.2024;20:30;39,8405
20.02.2024;20:45;39,66175
20.02.2024;21:00;39,483
20.02.2024;21:15;39,371249999999996
20.02.2024;21:30;39,2595
20.02.2024;21:45;39,14775
20.02.2024;22:00;39,036
20.02.2024;22:15;38,93375
20.02.2024;22:30;38,831500000000005
20.02.2024;22:45;38,72925
20.02.2024;23:00;38,627
20.02.2024;23:15;38,574
20.02.2024;23:30;38,521
20.02.2024;23:45;38,468
21.02.2024;00:00;38,415
21.02.2024;00:15;38,3605
21.02.2024;00:30;38,306
21.02.2024;00:45;38,2515
21.02.2024;01:00;38,197
21.02.2024;01:15;38,15625
21.02.2024;01:30;38,1155
21.02.2024;01:45;38,07475
21.02.2024;02:00;38,034
21.02.2024;02:15;37,98225
21.02.2024;02:30;37,930499999999995
21.02.2024;02:45;37,87875
21.02.2024;03:00;37,827
21.02.2024;03:15;37,8425
21.02.2024;03:30;37,858000000000004
21.02.2024;03:45;37,8735
21.02.2024;04:00;37,889
21.02.2024;04:15;38,005
21.02.2024;04:30;38,121
21.02.2024;04:45;38,237
21.02.2024;05:00;38,353
21.02.2024;05:15;38,752250000000004
21.02.2024;05:30;39,1515
21.02.2024;05:45;39,55075
21.02.2024;06:00;39,95
21.02.2024;06:15;40,3335
21.02.2024;06:30;40,717
21.02.2024;06:45;41,100500000000004
21.02.2024;07:00;41,484
21.02.2024;07:15;41,57825
21.02.2024;07:30;41,6725
21.02.2024;07:45;41,76675
21.02.2024;08:00;41,861
21.02.2024;08:15;41,491749999999996
21.02.2024;08:30;41,1225
21.02.2024;08:45;40,75325
21.02.2024;09:00;40,384
21.02.2024;09:15;40,228
21.02.2024;09:30;40,072
21.02.2024;09:45;39,916
21.02.2024;10:00;39,76
21.02.2024;10:15;39,667249999999996
21.02.2024;10:30;39,5745
21.02.2024;10:45;39,481750000000005
21.02.2024;11:00;39,389
21.02.2024;11:15;39,2045
21.02.2024;11:30;39,02
21.02.2024;11:45;38,8355
21.02.2024;12:00;38,651
21.02.2024;12:15;38,60625
21.02.2024;12:30;38,5615
21.02.2024;12:45;38,51675
21.02.2024;13:00;38,472
21.02.2024;13:15;38,53575
21.02.2024;13:30;38,5995
21.02.2024;13:45;38,66325
21.02.2024;14:00;38,727
21.02.2024;14:15;39,022749999999995
21.02.2024;14:30;39,3185
21.02.2024;14:45;39,61425
21.02.2024;15:00;39,91
21.02.2024;15:15;40,018
21.02.2024;15:30;40,126
21.02.2024;15:45;40,233999999999995
21.02.2024;16:00;40,342
21.02.2024;16:15;40,33475
21.02.2024;16:30;40,3275
21.02.2024;16:45;40,32025
21.02.2024;17:00;40,313
21.02.2024;17:15;40,28675
21.02.2024;17:30;40,2605
21.02.2024;17:45;40,23425
21.02.2024;18:00;40,208
21.02.2024;18:15;40,02825
21.02.2024;18:30;39,8485
21.02.2024;18:45;39,668749999999996
21.02.2024;19:00;39,489
21.02.2024;19:15;39,257
21.02.2024;19:30;39,025
21.02.2024;19:45;38,793
21.02.2024;20:00;38,561
21.02.2024;20:15;38,40775
21.02.2024;20:30;38,2545
21.02.2024;20:45;38,10125
21.02.2024;21:00;37,948
21.02.2024;21:15;37,84125
21.02.2024;21:30;37,7345
21.02.2024;21:45;37,62775
21.02.2024;22:00;37,521
21.02.2024;22:15;37,35875
21.02.2024;22:30;37,1965
21.02.2024;22:45;37,03425
21.02.2024;23:00;36,872
21.02.2024;23:15;36,75325
21.02.2024;23:30;36,6345
21.02.2024;23:45;36,51575
22.02.2024;00:00;36,397
22.02.2024;00:15;36,3105
22.02.2024;00:30;36,224000000000004
22.02.2024;00:45;36,1375
22.02.2024;01:00;36,051
22.02.2024;01:15;36,0525
22.02.2024;01:30;36,054
22.02.2024;01:45;36,0555
22.02.2024;02:00;36,057
22.02.2024;02:15;36,079
22.02.2024;02:30;36,101
22.02.2024;02:45;36,123000000000005
22.02.2024;03:00;36,145
22.02.2024;03:15;36,37125
22.02.2024;03:30;36,5975
22.02.2024;03:45;36,82375
22.02.2024;04:00;37,05
22.02.2024;04:15;37,32625
22.02.2024;04:30;37,6025
22.02.2024;04:45;37,87875
22.02.2024;05:00;38,155
22.02.2024;05:15;38,606
22.02.2024;05:30;39,057
22.02.2024;05:45;39,508
22.02.2024;06:00;39,959
22.02.2024;06:15;40,22
22.02.2024;06:30;40,481
22.02.2024;06:45;40,742000000000004
22.02.2024;07:00;41,003
22.02.2024;07:15;41,1375
22.02.2024;07:30;41,272
22.02.2024;07:45;41,406499999999994
22.02.2024;08:00;41,541
22.02.2024;08:15;41,3455
22.02.2024;08:30;41,15
22.02.2024;08:45;40,954499999999996
22.02.2024;09:00;40,759
22.02.2024;09:15;40,7055
22.02.2024;09:30;40,652
22.02.2024;09:45;40,5985
22.02.2024;10:00;40,545
22.02.2024;10:15;40,459500000000006
22.02.2024;10:30;40,374
22.02.2024;10:45;40,2885
22.02.2024;11:00;40,203
22.02.2024;11:15;40,209
22.02.2024;11:30;40,215
22.02.2024;11:45;40,221
22.02.2024;12:00;40,227
22.02.2024;12:15;40,23224999999999
22.02.2024;12:30;40,2375
22.02.2024;12:45;40,24275
22.02.2024;13:00;40,248
22.02.2024;13:15;40,13975
22.02.2024;13:30;40,031499999999994
22.02.2024;13:45;39,923249999999996
22.02.2024;14:00;39,815
22.02.2024;14:15;39,817499999999995
22.02.2024;14:30;39,82
22.02.2024;14:45;39,822500000000005
22.02.2024;15:00;39,825
22.02.2024;15:15;39,7875
22.02.2024;15:30;39,75
22.02.2024;15:45;39,7125
22.02.2024;16:00;39,675
22.02.2024;16:15;39,63775
22.02.2024;16:30;39,6005
22.02.2024;16:45;39,563250000000004
22.02.2024;17:00;39,526
22.02.2024;17:15;39,47975
22.02.2024;17:30;39,4335
22.02.2024;17:45;39,38725
22.02.2024;18:00;39,341
22.02.2024;18:15;39,15375
22.02.2024;18:30;38,966499999999996
22.02.2024;18:45;38,77925
22.02.2024;19:00;38,592
22.02.2024;19:15;38,342749999999995
22.02.2024;19:30;38,0935
22.02.2024;19:45;37,84425
22.02.2024;20:00;37,595
22.02.2024;20:15;37,14575
22.02.2024;20:30;36,6965
22.02.2024;20:45;36,24725
22.02.2024;21:00;35,798
22.02.2024;21:15;35,4875
22.02.2024;21:30;35,177
22.02.2024;21:45;34,8665
22.02.2024;22:00;34,556
22.02.2024;22:15;34,30225
22.02.2024;22:30;34,0485
22.02.2024;22:45;33,79474999999999
22.02.2024;23:00;33,541
22.02.2024;23:15;33,724
22.02.2024;23:30;33,907
22.02.2024;23:45;34,09
23.02.2024;00:00;34,273
23.02.2024;00:15;34,069
23.02.2024;00:30;33,865
23.02.2024;00:45;33,661
23.02.2024;01:00;33,457
23.02.2024;01:15;33,46
23.02.2024;01:30;33,463
23.02.2024;01:45;33,466
23.02.2024;02:00;33,469
23.02.2024;02:15;33,441500000000005
23.02.2024;02:30;33,414
23.02.2024;02:45;33,3865
23.02.2024;03:00;33,359
23.02.2024;03:15;33,35725
23.02.2024;03:30;33,3555
23.02.2024;03:45;33,35375
23.02.2024;04:00;33,352
23.02.2024;04:15;33,35375
23.02.2024;04:30;33,3555
23.02.2024;04:45;33,35725
23.02.2024;05:00;33,359
23.02.2024;05:15;34,34875
23.02.2024;05:30;35,338499999999996
23.02.2024;05:45;36,32825
23.02.2024;06:00;37,318
23.02.2024;06:15;37,7525
23.02.2024;06:30;38,187
23.02.2024;06:45;38,6215
23.02.2024;07:00;39,056
23.02.2024;07:15;39,113249999999994
23.02.2024;07:30;39,1705
23.02.2024;07:45;39,22775
23.02.2024;08:00;39,285
23.02.2024;08:15;39,0935
23.02.2024;08:30;38,902
23.02.2024;08:45;38,710499999999996
23.02.2024;09:00;38,519
23.02.2024;09:15;38,39275
23.02.2024;09:30;38,2665
23.02.2024;09:45;38,14025
23.02.2024;10:00;38,014
23.02.2024;10:15;37,889250000000004
23.02.2024;10:30;37,7645
23.02.2024;10:45;37,63975
23.02.2024;11:00;37,515
23.02.2024;11:15;37,401250000000005
23.02.2024;11:30;37,2875
23.02.2024;11:45;37,17375
23.02.2024;12:00;37,06
23.02.2024;12:15;36,972500000000004
23.02.2024;12:30;36,885000000000005
23.02.2024;12:45;36,7975
23.02.2024;13:00;36,71
23.02.2024;13:15;36,847
23.02.2024;13:30;36,984
23.02.2024;13:45;37,121
23.02.2024;14:00;37,258
23.02.2024;14:15;37,518750000000004
23.02.2024;14:30;37,7795
23.02.2024;14:45;38,04025
23.02.2024;15:00;38,301
23.02.2024;15:15;38,64025
23.02.2024;15:30;38,9795
23.02.2024;15:45;39,31875
23.02.2024;16:00;39,658
23.02.2024;16:15;39,926
23.02.2024;16:30;40,194
23.02.2024;16:45;40,461999999999996
23.02.2024;17:00;40,73
23.02.2024;17:15;41,046
23.02.2024;17:30;41,361999999999995
23.02.2024;17:45;41,678
23.02.2024;18:00;41,994
23.02.2024;18:15;41,93325
23.02.2024;18:30;41,8725
23.02.2024;18:45;41,811749999999996
23.02.2024;19:00;41,751
23.02.2024;19:15;41,474999999999994
23.02.2024;19:30;41,199
23.02.2024;19:45;40,923
23.02.2024;20:00;40,647
23.02.2024;20:15;40,554249999999996
23.02.2024;20:30;40,4615
23.02.2024;20:45;40,368750000000006
23.02.2024;21:00;40,276
23.02.2024;21:15;40,244
23.02.2024;21:30;40,212
23.02.2024;21:45;40,18000000000001
23.02.2024;22:00;40,148
23.02.2024;22:15;40,076
23.02.2024;22:30;40,004000000000005
23.02.2024;22:45;39,932
23.02.2024;23:00;39,86
23.02.2024;23:15;39,89425
23.02.2024;23:30;39,9285
23.02.2024;23:45;39,96275
24.02.2024;00:00;39,997
24.02.2024;00:15;39,93275
24.02.2024;00:30;39,8685
24.02.2024;00:45;39,80425
24.02.2024;01:00;39,74
24.02.2024;01:15;39,63
24.02.2024;01:30;39,519999999999996
24.02.2024;01:45;39,41
24.02.2024;02:00;39,3
24.02.2024;02:15;39,192499999999995
24.02.2024;02:30;39,084999999999994
24.02.2024;02:45;38,9775
24.02.2024;03:00;38,87
24.02.2024;03:15;38,87475
24.02.2024;03:30;38,8795
24.02.2024;03:45;38,88425
24.02.2024;04:00;38,889
24.02.2024;04:15;38,93175
24.02.2024;04:30;38,974500000000006
24.02.2024;04:45;39,017250000000004
24.02.2024;05:00;39,06
24.02.2024;05:15;39,17425
24.02.2024;05:30;39,2885
24.02.2024;05:45;39,402750000000005
24.02.2024;06:00;39,517
24.02.2024;06:15;39,628
24.02.2024;06:30;39,739000000000004
24.02.2024;06:45;39,85
24.02.2024;07:00;39,961
24.02.2024;07:15;39,91825
24.02.2024;07:30;39,8755
24.02.2024;07:45;39,83275
24.02.2024;08:00;39,79
24.02.2024;08:15;39,62
24.02.2024;08:30;39,45
24.02.2024;08:45;39,28
24.02.2024;09:00;39,11
24.02.2024;09:15;38,899
24.02.2024;09:30;38,688
24.02.2024;09:45;38,477
24.02.2024;10:00;38,266
24.02.2024;10:15;38,183
24.02.2024;10:30;38,099999999999994
24.02.2024;10:45;38,016999999999996
24.02.2024;11:00;37,934
24.02.2024;11:15;37,796
24.02.2024;11:30;37,658
24.02.2024;11:45;37,519999999999996
24.02.2024;12:00;37,382
24.02.2024;12:15;37,1795
24.02.2024;12:30;36,977000000000004
24.02.2024;12:45;36,7745
24.02.2024;13:00;36,572
24.02.2024;13:15;36,706500000000005
24.02.2024;13:30;36,841
24.02.2024;13:45;36,9755
24.02.2024;14:00;37,11
24.02.2024;14:15;37,295
24.02.2024;14:30;37,480000000000004
24.02.2024;14:45;37,665
24.02.2024;15:00;37,85
24.02.2024;15:15;38,12375
24.02.2024;15:30;38,3975
24.02.2024;15:45;38,67125
24.02.2024;16:00;38,945
24.02.2024;16:15;39,338
24.02.2024;16:30;39,731
24.02.2024;16:45;40,124
24.02.2024;17:00;40,517
24.02.2024;17:15;40,72525
24.02.2024;17:30;40,9335
24.02.2024;17:45;41,14175
24.02.2024;18:00;41,35
24.02.2024;18:15;41,20325
24.02.2024;18:30;41,0565
24.02.2024;18:45;40,90975
24.02.2024;19:00;40,763
24.02.2024;19:15;40,539
24.02.2024;19:30;40,315
24.02.2024;19:45;40,090999999999994
24.02.2024;20:00;39,867
24.02.2024;20:15;39,73625
24.02.2024;20:30;39,6055
24.02.2024;20:45;39,47475
24.02.2024;21:00;39,344
24.02.2024;21:15;39,251000000000005
24.02.2024;21:30;39,158
24.02.2024;21:45;39,065
24.02.2024;22:00;38,972
24.02.2024;22:15;38,8715
24.02.2024;22:30;38,771
24.02.2024;22:45;38,670500000000004
24.02.2024;23:00;38,57
24.02.2024;23:15;38,679249999999996
24.02.2024;23:30;38,7885
24.02.2024;23:45;38,89775
25.02.2024;00:00;39,007
25.02.2024;00:15;38,97875
25.02.2024;00:30;38,9505
25.02.2024;00:45;38,92225
25.02.2024;01:00;38,894
25.02.2024;01:15;38,8925
25.02.2024;01:30;38,891
25.02.2024;01:45;38,8895
25.02.2024;02:00;38,888
25.02.2024;02:15;38,87575
25.02.2024;02:30;38,8635
25.02.2024;02:45;38,85125
25.02.2024;03:00;38,839
25.02.2024;03:15;38,8465
25.02.2024;03:30;38,854
25.02.2024;03:45;38,8615
25.02.2024;04:00;38,869
25.02.2024;04:15;38,866
25.02.2024;04:30;38,863
25.02.2024;04:45;38,86
25.02.2024;05:00;38,857
25.02.2024;05:15;38,897999999999996
25.02.2024;05:30;38,939
25.02.2024;05:45;38,980000000000004
25.02.2024;06:00;39,021
25.02.2024;06:15;39,10125
25.02.2024;06:30;39,1815
25.02.2024;06:45;39,26175
25.02.2024;07:00;39,342
25.02.2024;07:15;39,3835
25.02.2024;07:30;39,425
25.02.2024;07:45;39,4665
25.02.2024;08:00;39,508
25.02.2024;08:15;39,514
25.02.2024;08:30;39,519999999999996
25.02.2024;08:45;39,525999999999996
25.02.2024;09:00;39,532
25.02.2024;09:15;39,39425
25.02.2024;09:30;39,2565
25.02.2024;09:45;39,11875
25.02.2024;10:00;38,981
25.02.2024;10:15;38,92625
25.02.2024;10:30;38,8715
25.02.2024;10:45;38,81675
25.02.2024;11:00;38,762
25.02.2024;11:15;38,659
25.02.2024;11:30;38,556
25.02.2024;11:45;38,453
25.02.2024;12:00;38,35
25.02.2024;12:15;38,250750000000004
25.02.2024;12:30;38,1515
25.02.2024;12:45;38,05225
25.02.2024;13:00;37,953
25.02.2024;13:15;38,04825
25.02.2024;13:30;38,1435
25.02.2024;13:45;38,23875
25.02.2024;14:00;38,334
25.02.2024;14:15;38,463
25.02.2024;14:30;38,592
25.02.2024;14:45;38,721000000000004
25.02.2024;15:00;38,85
25.02.2024;15:15;39,17
25.02.2024;15:30;39,49
25.02.2024;15:45;39,81
25.02.2024;16:00;40,13
25.02.2024;16:15;40,48975
25.02.2024;16:30;40,849500000000006
25.02.2024;16:45;41,209250000000004
25.02.2024;17:00;41,569
25.02.2024;17:15;41,856500000000004
25.02.2024;17:30;42,144000000000005
25.02.2024;17:45;42,4315
25.02.2024;18:00;42,719
25.02.2024;18:15;42,35625
25.02.2024;18:30;41,9935
25.02.2024;18:45;41,63075
25.02.2024;19:00;41,268
25.02.2024;19:15;41,03825
25.02.2024;19:30;40,808499999999995
25.02.2024;19:45;40,57875
25.02.2024;20:00;40,349
25.02.2024;20:15;40,247249999999994
25.02.2024;20:30;40,1455
25.02.2024;20:45;40,04375
25.02.2024;21:00;39,942
25.02.2024;21:15;39,92475
25.02.2024;21:30;39,9075
25.02.2024;21:45;39,890249999999995
25.02.2024;22:00;39,873
25.02.2024;22:15;39,70175
25.02.2024;22:30;39,5305
25.02.2024;22:45;39,35925
25.02.2024;23:00;39,188
25.02.2024;23:15;39,17425
25.02.2024;23:30;39,1605
25.02.2024;23:45;39,146750000000004
26.02.2024;00:00;39,133
26.02.2024;00:15;39,10775
26.02.2024;00:30;39,082499999999996
26.02.2024;00:45;39,057249999999996
26.02.2024;01:00;39,032
26.02.2024;01:15;39,004
26.02.2024;01:30;38,976
26.02.2024;01:45;38,948
26.02.2024;02:00;38,92
26.02.2024;02:15;38,822500000000005
26.02.2024;02:30;38,725
26.02.2024;02:45;38,6275
26.02.2024;03:00;38,53
26.02.2024;03:15;38,5675
26.02.2024;03:30;38,605000000000004
26.02.2024;03:45;38,6425
26.02.2024;04:00;38,68
26.02.2024;04:15;38,795500000000004
26.02.2024;04:30;38,911
26.02.2024;04:45;39,0265
26.02.2024;05:00;39,142
26.02.2024;05:15;39,444500000000005
26.02.2024;05:30;39,747
26.02.2024;05:45;40,049499999999995
26.02.2024;06:00;40,352
26.02.2024;06:15;40,599
26.02.2024;06:30;40,846000000000004
26.02.2024;06:45;41,093
26.02.2024;07:00;41,34
26.02.2024;07:15;41,3825
26.02.2024;07:30;41,425
26.02.2024;07:45;41,4675
26.02.2024;08:00;41,51
26.02.2024;08:15;41,315749999999994
26.02.2024;08:30;41,1215
26.02.2024;08:45;40,92725
26.02.2024;09:00;40,733
26.02.2024;09:15;40,5535
26.02.2024;09:30;40,373999999999995
26.02.2024;09:45;40,1945
26.02.2024;10:00;40,015
26.02.2024;10:15;39,9745
26.02.2024;10:30;39,934
26.02.2024;10:45;39,8935
26.02.2024;11:00;39,853
26.02.2024;11:15;39,68775
26.02.2024;11:30;39,5225
26.02.2024;11:45;39,35725
26.02.2024;12:00;39,192
26.02.2024;12:15;39,18625
26.02.2024;12:30;39,180499999999995
26.02.2024;12:45;39,174749999999996
26.02.2024;13:00;39,169
26.02.2024;13:15;39,2465
26.02.2024;13:30;39,324
26.02.2024;13:45;39,4015
26.02.2024;14:00;39,479
26.02.2024;14:15;39,570499999999996
26.02.2024;14:30;39,662
26.02.2024;14:45;39,7535
26.02.2024;15:00;39,845
26.02.2024;15:15;39,971
26.02.2024;15:30;40,096999999999994
26.02.2024;15:45;40,223
26.02.2024;16:00;40,349
26.02.2024;16:15;40,524249999999995
26.02.2024;16:30;40,6995
26.02.2024;16:45;40,87475
26.02.2024;17:00;41,05
26.02.2024;17:15;41,257999999999996
26.02.2024;17:30;41,465999999999994
26.02.2024;17:45;41,674
26.02.2024;18:00;41,882
26.02.2024;18:15;41,774249999999995
26.02.2024;18:30;41,6665
26.02.2024;18:45;41,55875
26.02.2024;19:00;41,451
26.02.2024;19:15;41,231
26.02.2024;19:30;41,010999999999996
26.02.2024;19:45;40,791
26.02.2024;20:00;40,571
26.02.2024;20:15;40,408
26.02.2024;20:30;40,245
26.02.2024;20:45;40,081999999999994
26.02.2024;21:00;39,919
26.02.2024;21:15;39,907
26.02.2024;21:30;39,894999999999996
26.02.2024;21:45;39,883
26.02.2024;22:00;39,871
26.02.2024;22:15;39,759750000000004
26.02.2024;22:30;39,6485
26.02.2024;22:45;39,53725
26.02.2024;23:00;39,426
26.02.2024;23:15;39,347500000000004
26.02.2024;23:30;39,269000000000005
26.02.2024;23:45;39,1905
27.02.2024;00:00;39,112
27.02.2024;00:15;39,11025
27.02.2024;00:30;39,1085
27.02.2024;00:45;39,10675
27.02.2024;01:00;39,105
27.02.2024;01:15;39,099999999999994
27.02.2024;01:30;39,095
27.02.2024;01:45;39,09
27.02.2024;02:00;39,085
27.02.2024;02:15;39,073
27.02.2024;02:30;39,061
27.02.2024;02:45;39,049
27.02.2024;03:00;39,037
27.02.2024;03:15;39,049
27.02.2024;03:30;39,061
27.02.2024;03:45;39,073
27.02.2024;04:00;39,085
27.02.2024;04:15;39,22875
27.02.2024;04:30;39,3725
27.02.2024;04:45;39,51625
27.02.2024;05:00;39,66
27.02.2024;05:15;39,94025
27.02.2024;05:30;40,2205
27.02.2024;05:45;40,50075
27.02.2024;06:00;40,781
27.02.2024;06:15;41,314
27.02.2024;06:30;41,846999999999994
27.02.2024;06:45;42,379999999999995
27.02.2024;07:00;42,913
27.02.2024;07:15;42,91674999999999
27.02.2024;07:30;42,9205
27.02.2024;07:45;42,92425
27.02.2024;08:00;42,928
27.02.2024;08:15;42,553749999999994
27.02.2024;08:30;42,1795
27.02.2024;08:45;41,80525
27.02.2024;09:00;41,431
27.02.2024;09:15;41,128499999999995
27.02.2024;09:30;40,82599999999999
27.02.2024;09:45;40,5235
27.02.2024;10:00;40,221
27.02.2024;10:15;40,1265
27.02.2024;10:30;40,032
27.02.2024;10:45;39,9375
27.02.2024;11:00;39,843
27.02.2024;11:15;39,70125
27.02.2024;11:30;39,5595
27.02.2024;11:45;39,417750000000005
27.02.2024;12:00;39,276
27.02.2024;12:15;39,27575
27.02.2024;12:30;39,2755
27.02.2024;12:45;39,27525
27.02.2024;13:00;39,275
27.02.2024;13:15;39,4115
27.02.2024;13:30;39,548
27.02.2024;13:45;39,6845
27.02.2024;14:00;39,821
27.02.2024;14:15;40,00475
27.02.2024;14:30;40,1885
27.02.2024;14:45;40,372249999999994
27.02.2024;15:00;40,556
27.02.2024;15:15;40,75
27.02.2024;15:30;40,944
27.02.2024;15:45;41,138
27.02.2024;16:00;41,332
27.02.2024;16:15;41,787
27.02.2024;16:30;42,242000000000004
27.02.2024;16:45;42,697
27.02.2024;17:00;43,152
27.02.2024;17:15;43,4965
27.02.2024;17:30;43,841
27.02.2024;17:45;44,185500000000005
27.02.2024;18:00;44,53
27.02.2024;18:15;44,36425
27.02.2024;18:30;44,198499999999996
27.02.2024;18:45;44,03275
27.02.2024;19:00;43,867
27.02.2024;19:15;43,34675
27.02.2024;19:30;42,826499999999996
27.02.2024;19:45;42,30625
27.02.2024;20:00;41,786
27.02.2024;20:15;41,48625
27.02.2024;20:30;41,1865
27.02.2024;20:45;40,886750000000006
27.02.2024;21:00;40,587
27.02.2024;21:15;40,5345
27.02.2024;21:30;40,482
27.02.2024;21:45;40,429500000000004
27.02.2024;22:00;40,377
27.02.2024;22:15;40,2445
27.02.2024;22:30;40,112
27.02.2024;22:45;39,9795
27.02.2024;23:00;39,847
27.02.2024;23:15;39,731750000000005
27.02.2024;23:30;39,6165
27.02.2024;23:45;39,50125
28.02.2024;00:00;39,386
28.02.2024;00:15;39,362
28.02.2024;00:30;39,338
28.02.2024;00:45;39,314
28.02.2024;01:00;39,29
28.02.2024;01:15;39,338499999999996
28.02.2024;01:30;39,387
28.02.2024;01:45;39,435500000000005
28.02.2024;02:00;39,484
28.02.2024;02:15;39,537
28.02.2024;02:30;39,59
28.02.2024;02:45;39,643
28.02.2024;03:00;39,696
28.02.2024;03:15;39,702999999999996
28.02.2024;03:30;39,709999999999994
28.02.2024;03:45;39,717
28.02.2024;04:00;39,724
28.02.2024;04:15;39,8165
28.02.2024;04:30;39,909
28.02.2024;04:45;40,0015
28.02.2024;05:00;40,094
28.02.2024;05:15;40,2655
28.02.2024;05:30;40,437
28.02.2024;05:45;40,6085
28.02.2024;06:00;40,78
28.02.2024;06:15;41,39475
28.02.2024;06:30;42,0095
28.02.2024;06:45;42,624249999999996
28.02.2024;07:00;43,239
28.02.2024;07:15;43,379
28.02.2024;07:30;43,519
28.02.2024;07:45;43,659
28.02.2024;08:00;43,799
28.02.2024;08:15;43,32325
28.02.2024;08:30;42,8475
28.02.2024;08:45;42,37175
28.02.2024;09:00;41,896
28.02.2024;09:15;41,60925
28.02.2024;09:30;41,322500000000005
28.02.2024;09:45;41,03575
28.02.2024;10:00;40,749
28.02.2024;10:15;40,588
28.02.2024;10:30;40,427
28.02.2024;10:45;40,266
28.02.2024;11:00;40,105
28.02.2024;11:15;40,0145
28.02.2024;11:30;39,924
28.02.2024;11:45;39,8335
28.02.2024;12:00;39,743
28.02.2024;12:15;39,66275
28.02.2024;12:30;39,582499999999996
28.02.2024;12:45;39,50225
28.02.2024;13:00;39,422
28.02.2024;13:15;39,44175
28.02.2024;13:30;39,4615
28.02.2024;13:45;39,481249999999996
28.02.2024;14:00;39,501
28.02.2024;14:15;39,724
28.02.2024;14:30;39,947
28.02.2024;14:45;40,17
28.02.2024;15:00;40,393
28.02.2024;15:15;40,50625
28.02.2024;15:30;40,6195
28.02.2024;15:45;40,732749999999996
28.02.2024;16:00;40,846
28.02.2024;16:15;41,298
28.02.2024;16:30;41,75
28.02.2024;16:45;42,202
28.02.2024;17:00;42,654
28.02.2024;17:15;42,659000000000006
28.02.2024;17:30;42,664
28.02.2024;17:45;42,669
28.02.2024;18:00;42,674
28.02.2024;18:15;42,30025
28.02.2024;18:30;41,926500000000004
28.02.2024;18:45;41,55275
28.02.2024;19:00;41,179
28.02.2024;19:15;40,85775
28.02.2024;19:30;40,536500000000004
28.02.2024;19:45;40,21525
28.02.2024;20:00;39,894
28.02.2024;20:15;39,82275
28.02.2024;20:30;39,7515
28.02.2024;20:45;39,68025
28.02.2024;21:00;39,609
28.02.2024;21:15;39,64475
28.02.2024;21:30;39,6805
28.02.2024;21:45;39,71625
28.02.2024;22:00;39,752
28.02.2024;22:15;39,5295
28.02.2024;22:30;39,307
28.02.2024;22:45;39,084500000000006
28.02.2024;23:00;38,862
28.02.2024;23:15;38,86892
28.02.2024;23:30;38,875840000000004
28.02.2024;23:45;38,882760000000005
01.03.2024;00:00;39,554
01.03.2024;00:15;39,5385
01.03.2024;00:30;39,522999999999996
01.03.2024;00:45;39,5075
01.03.2024;01:00;39,492
01.03.2024;01:15;39,41
01.03.2024;01:30;39,328
01.03.2024;01:45;39,246
01.03.2024;02:00;39,164
01.03.2024;02:15;39,15625
01.03.2024;02:30;39,1485
01.03.2024;02:45;39,140750000000004
01.03.2024;03:00;39,133
01.03.2024;03:15;39,14475
01.03.2024;03:30;39,1565
01.03.2024;03:45;39,16825
01.03.2024;04:00;39,18
01.03.2024;04:15;39,28475
01.03.2024;04:30;39,3895
01.03.2024;04:45;39,494249999999994
01.03.2024;05:00;39,599
01.03.2024;05:15;39,82625
01.03.2024;05:30;40,0535
01.03.2024;05:45;40,28075
01.03.2024;06:00;40,508
01.03.2024;06:15;40,7025
01.03.2024;06:30;40,897000000000006
01.03.2024;06:45;41,0915
01.03.2024;07:00;41,286
01.03.2024;07:15;41,39675
01.03.2024;07:30;41,5075
01.03.2024;07:45;41,61825
01.03.2024;08:00;41,729
01.03.2024;08:15;41,53125
01.03.2024;08:30;41,3335
01.03.2024;08:45;41,13575
01.03.2024;09:00;40,938
01.03.2024;09:15;40,704
01.03.2024;09:30;40,47
01.03.2024;09:45;40,236000000000004
01.03.2024;10:00;40,002
01.03.2024;10:15;39,958
01.03.2024;10:30;39,914
01.03.2024;10:45;39,870000000000005
01.03.2024;11:00;39,826
01.03.2024;11:15;39,784
01.03.2024;11:30;39,742000000000004
01.03.2024;11:45;39,7
01.03.2024;12:00;39,658
01.03.2024;12:15;39,69675
01.03.2024;12:30;39,7355
01.03.2024;12:45;39,77425
01.03.2024;13:00;39,813
01.03.2024;13:15;39,875
01.03.2024;13:30;39,937
01.03.2024;13:45;39,999
01.03.2024;14:00;40,061
01.03.2024;14:15;40,1975
01.03.2024;14:30;40,334
01.03.2024;14:45;40,4705
01.03.2024;15:00;40,607
01.03.2024;15:15;40,76625
01.03.2024;15:30;40,9255
01.03.2024;15:45;41,08475
01.03.2024;16:00;41,244
01.03.2024;16:15;41,5055
01.03.2024;16:30;41,766999999999996
01.03.2024;16:45;42,0285
01.03.2024;17:00;42,29
01.03.2024;17:15;42,39825
01.03.2024;17:30;42,5065
01.03.2024;17:45;42,61475
01.03.2024;18:00;42,723
01.03.2024;18:15;42,5595
01.03.2024;18:30;42,396
01.03.2024;18:45;42,2325
01.03.2024;19:00;42,069
01.03.2024;19:15;41,8265
01.03.2024;19:30;41,584
01.03.2024;19:45;41,341499999999996
01.03.2024;20:00;41,099
01.03.2024;20:15;40,95225
01.03.2024;20:30;40,805499999999995
01.03.2024;20:45;40,65875
01.03.2024;21:00;40,512
01.03.2024;21:15;40,473
01.03.2024;21:30;40,434
01.03.2024;21:45;40,395
01.03.2024;22:00;40,356
01.03.2024;22:15;40,264250000000004
01.03.2024;22:30;40,1725
01.03.2024;22:45;40,080749999999995
01.03.2024;23:00;39,989
01.03.2024;23:15;39,827999999999996
01.03.2024;23:30;39,667
01.03.2024;23:45;39,506
02.03.2024;00:00;39,345
02.03.2024;00:15;39,247
02.03.2024;00:30;39,149
02.03.2024;00:45;39,051
02.03.2024;01:00;38,953
02.03.2024;01:15;38,95275
02.03.2024;01:30;38,9525
02.03.2024;01:45;38,95225
02.03.2024;02:00;38,952
02.03.2024;02:15;38,9385
02.03.2024;02:30;38,925
02.03.2024;02:45;38,911500000000004
02.03.2024;03:00;38,898
02.03.2024;03:15;38,883
02.03.2024;03:30;38,868
02.03.2024;03:45;38,853
02.03.2024;04:00;38,838
02.03.2024;04:15;38,86575
02.03.2024;04:30;38,8935
02.03.2024;04:45;38,92125
02.03.2024;05:00;38,949
02.03.2024;05:15;38,96375
02.03.2024;05:30;38,9785
02.03.2024;05:45;38,99325
02.03.2024;06:00;39,008
02.03.2024;06:15;39,11025
02.03.2024;06:30;39,212500000000006
02.03.2024;06:45;39,314750000000004
02.03.2024;07:00;39,417
02.03.2024;07:15;39,49425
02.03.2024;07:30;39,5715
02.03.2024;07:45;39,64875
02.03.2024;08:00;39,726
02.03.2024;08:15;39,77575
02.03.2024;08:30;39,8255
02.03.2024;08:45;39,875249999999994
02.03.2024;09:00;39,925
02.03.2024;09:15;39,792249999999996
02.03.2024;09:30;39,659499999999994
02.03.2024;09:45;39,52675
02.03.2024;10:00;39,394
02.03.2024;10:15;39,3625
02.03.2024;10:30;39,331
02.03.2024;10:45;39,2995
02.03.2024;11:00;39,268
02.03.2024;11:15;39,18425
02.03.2024;11:30;39,1005
02.03.2024;11:45;39,01675
02.03.2024;12:00;38,933
02.03.2024;12:15;38,90975
02.03.2024;12:30;38,8865
02.03.2024;12:45;38,86325
02.03.2024;13:00;38,84
02.03.2024;13:15;38,964
02.03.2024;13:30;39,088
02.03.2024;13:45;39,212
02.03.2024;14:00;39,336
02.03.2024;14:15;39,4915
02.03.2024;14:30;39,647
02.03.2024;14:45;39,802499999999995
02.03.2024;15:00;39,958
02.03.2024;15:15;40,131
02.03.2024;15:30;40,304
02.03.2024;15:45;40,477
02.03.2024;16:00;40,65
02.03.2024;16:15;40,84075
02.03.2024;16:30;41,031499999999994
02.03.2024;16:45;41,222249999999995
02.03.2024;17:00;41,413
02.03.2024;17:15;41,737249999999996
02.03.2024;17:30;42,061499999999995
02.03.2024;17:45;42,38575
02.03.2024;18:00;42,71
02.03.2024;18:15;42,6175
02.03.2024;18:30;42,525000000000006
02.03.2024;18:45;42,432500000000005
02.03.2024;19:00;42,34
02.03.2024;19:15;42,017
02.03.2024;19:30;41,694
02.03.2024;19:45;41,371
02.03.2024;20:00;41,048
02.03.2024;20:15;40,868750000000006
02.03.2024;20:30;40,6895
02.03.2024;20:45;40,51025
02.03.2024;21:00;40,331
02.03.2024;21:15;40,10925
02.03.2024;21:30;39,8875
02.03.2024;21:45;39,66575
02.03.2024;22:00;39,444
02.03.2024;22:15;39,29525
02.03.2024;22:30;39,1465
02.03.2024;22:45;38,997749999999996
02.03.2024;23:00;38,849
02.03.2024;23:15;38,836749999999995
02.03.2024;23:30;38,8245
02.03.2024;23:45;38,81225
03.03.2024;00:00;38,8
03.03.2024;00:15;38,77825
03.03.2024;00:30;38,7565
03.03.2024;00:45;38,73475
03.03.2024;01:00;38,713
03.03.2024;01:15;38,71725
03.03.2024;01:30;38,7215
03.03.2024;01:45;38,72575
03.03.2024;02:00;38,73
03.03.2024;02:15;38,77475
03.03.2024;02:30;38,8195
03.03.2024;02:45;38,86425
03.03.2024;03:00;38,909
03.03.2024;03:15;38,902
03.03.2024;03:30;38,894999999999996
03.03.2024;03:45;38,888
03.03.2024;04:00;38,881
03.03.2024;04:15;38,89375
03.03.2024;04:30;38,9065
03.03.2024;04:45;38,919250000000005
03.03.2024;05:00;38,932
03.03.2024;05:15;38,9365
03.03.2024;05:30;38,941
03.03.2024;05:45;38,9455
03.03.2024;06:00;38,95
03.03.2024;06:15;38,972
03.03.2024;06:30;38,994
03.03.2024;06:45;39,016
03.03.2024;07:00;39,038
03.03.2024;07:15;38,98524999999999
03.03.2024;07:30;38,9325
03.03.2024;07:45;38,87975
03.03.2024;08:00;38,827
03.03.2024;08:15;38,8075
03.03.2024;08:30;38,788
03.03.2024;08:45;38,7685
03.03.2024;09:00;38,749
03.03.2024;09:15;38,6995
03.03.2024;09:30;38,650000000000006
03.03.2024;09:45;38,600500000000004
03.03.2024;10:00;38,551
03.03.2024;10:15;38,48725
03.03.2024;10:30;38,423500000000004
03.03.2024;10:45;38,35975
03.03.2024;11:00;38,296
03.03.2024;11:15;38,24725
03.03.2024;11:30;38,198499999999996
03.03.2024;11:45;38,14975
03.03.2024;12:00;38,101
03.03.2024;12:15;37,976
03.03.2024;12:30;37,851
03.03.2024;12:45;37,726
03.03.2024;13:00;37,601
03.03.2024;13:15;37,70925
03.03.2024;13:30;37,817499999999995
03.03.2024;13:45;37,92575
03.03.2024;14:00;38,034
03.03.2024;14:15;38,21625
03.03.2024;14:30;38,3985
03.03.2024;14:45;38,580749999999995
03.03.2024;15:00;38,763
03.03.2024;15:15;38,91675
03.03.2024;15:30;39,070499999999996
03.03.2024;15:45;39,22425
03.03.2024;16:00;39,378
03.03.2024;16:15;39,7605
03.03.2024;16:30;40,143
03.03.2024;16:45;40,5255
03.03.2024;17:00;40,908
03.03.2024;17:15;41,1275
03.03.2024;17:30;41,347
03.03.2024;17:45;41,566500000000005
03.03.2024;18:00;41,786
03.03.2024;18:15;41,851
03.03.2024;18:30;41,916
03.03.2024;18:45;41,981
03.03.2024;19:00;42,046
03.03.2024;19:15;41,917
03.03.2024;19:30;41,788
03.03.2024;19:45;41,659
03.03.2024;20:00;41,53
03.03.2024;20:15;41,36
03.03.2024;20:30;41,19
03.03.2024;20:45;41,02
03.03.2024;21:00;40,85
03.03.2024;21:15;40,7795
03.03.2024;21:30;40,709
03.03.2024;21:45;40,6385
03.03.2024;22:00;40,568
03.03.2024;22:15;40,574
03.03.2024;22:30;40,58
03.03.2024;22:45;40,586
03.03.2024;23:00;40,592
03.03.2024;23:15;40,50975
03.03.2024;23:30;40,427499999999995
03.03.2024;23:45;40,34525
04.03.2024;00:00;40,263
04.03.2024;00:15;40,23225
04.03.2024;00:30;40,201499999999996
04.03.2024;00:45;40,17075
04.03.2024;01:00;40,14
04.03.2024;01:15;40,12775
04.03.2024;01:30;40,1155
04.03.2024;01:45;40,10325
04.03.2024;02:00;40,091
04.03.2024;02:15;40,06125
04.03.2024;02:30;40,0315
04.03.2024;02:45;40,00175
04.03.2024;03:00;39,972
04.03.2024;03:15;39,95625
04.03.2024;03:30;39,9405
04.03.2024;03:45;39,92475
04.03.2024;04:00;39,909
04.03.2024;04:15;40,04
04.03.2024;04:30;40,171
04.03.2024;04:45;40,302
04.03.2024;05:00;40,433
04.03.2024;05:15;40,69175
04.03.2024;05:30;40,950500000000005
04.03.2024;05:45;41,209250000000004
04.03.2024;06:00;41,468
04.03.2024;06:15;41,855250000000005
04.03.2024;06:30;42,24250000000001
04.03.2024;06:45;42,62975
04.03.2024;07:00;43,017
04.03.2024;07:15;43,1745
04.03.2024;07:30;43,332
04.03.2024;07:45;43,4895
04.03.2024;08:00;43,647
04.03.2024;08:15;43,19825
04.03.2024;08:30;42,7495
04.03.2024;08:45;42,300749999999994
04.03.2024;09:00;41,852
04.03.2024;09:15;41,52475
04.03.2024;09:30;41,1975
04.03.2024;09:45;40,87025
04.03.2024;10:00;40,543
04.03.2024;10:15;40,367
04.03.2024;10:30;40,191
04.03.2024;10:45;40,015
04.03.2024;11:00;39,839
04.03.2024;11:15;39,815
04.03.2024;11:30;39,791
04.03.2024;11:45;39,767
04.03.2024;12:00;39,743
04.03.2024;12:15;39,672250000000005
04.03.2024;12:30;39,6015
04.03.2024;12:45;39,53075
04.03.2024;13:00;39,46
04.03.2024;13:15;39,495000000000005
04.03.2024;13:30;39,53
04.03.2024;13:45;39,565
04.03.2024;14:00;39,6
04.03.2024;14:15;39,784
04.03.2024;14:30;39,968
04.03.2024;14:45;40,152
04.03.2024;15:00;40,336
04.03.2024;15:15;40,48825
04.03.2024;15:30;40,6405
04.03.2024;15:45;40,79275
04.03.2024;16:00;40,945
04.03.2024;16:15;41,311
04.03.2024;16:30;41,677
04.03.2024;16:45;42,043
04.03.2024;17:00;42,409
04.03.2024;17:15;42,77375
04.03.2024;17:30;43,1385
04.03.2024;17:45;43,50325
04.03.2024;18:00;43,868
04.03.2024;18:15;43,716750000000005
04.03.2024;18:30;43,5655
04.03.2024;18:45;43,414249999999996
04.03.2024;19:00;43,263
04.03.2024;19:15;42,79775
04.03.2024;19:30;42,332499999999996
04.03.2024;19:45;41,86725
04.03.2024;20:00;41,402
04.03.2024;20:15;41,17375
04.03.2024;20:30;40,945499999999996
04.03.2024;20:45;40,71725
04.03.2024;21:00;40,489
04.03.2024;21:15;40,39149999999999
04.03.2024;21:30;40,294
04.03.2024;21:45;40,1965
04.03.2024;22:00;40,099
04.03.2024;22:15;40,01
04.03.2024;22:30;39,921
04.03.2024;22:45;39,832
04.03.2024;23:00;39,743
04.03.2024;23:15;39,69375
04.03.2024;23:30;39,6445
04.03.2024;23:45;39,59525
05.03.2024;00:00;39,546
05.03.2024;00:15;39,53875
05.03.2024;00:30;39,5315
05.03.2024;00:45;39,52425
05.03.2024;01:00;39,517
05.03.2024;01:15;39,5085
05.03.2024;01:30;39,5
05.03.2024;01:45;39,4915
05.03.2024;02:00;39,483
05.03.2024;02:15;39,44625
05.03.2024;02:30;39,409499999999994
05.03.2024;02:45;39,372749999999996
05.03.2024;03:00;39,336
05.03.2024;03:15;39,3535
05.03.2024;03:30;39,370999999999995
05.03.2024;03:45;39,3885
05.03.2024;04:00;39,406
05.03.2024;04:15;39,43375
05.03.2024;04:30;39,4615
05.03.2024;04:45;39,48925
05.03.2024;05:00;39,517
05.03.2024;05:15;39,7635
05.03.2024;05:30;40,010000000000005
05.03.2024;05:45;40,2565
05.03.2024;06:00;40,503
05.03.2024;06:15;40,69675
05.03.2024;06:30;40,8905
05.03.2024;06:45;41,08425
05.03.2024;07:00;41,278
05.03.2024;07:15;41,3715
05.03.2024;07:30;41,465
05.03.2024;07:45;41,5585
05.03.2024;08:00;41,652
05.03.2024;08:15;41,5015
05.03.2024;08:30;41,351
05.03.2024;08:45;41,2005
05.03.2024;09:00;41,05
05.03.2024;09:15;40,90375
05.03.2024;09:30;40,7575
05.03.2024;09:45;40,61125
05.03.2024;10:00;40,465
05.03.2024;10:15;40,42925
05.03.2024;10:30;40,3935
05.03.2024;10:45;40,35775
05.03.2024;11:00;40,322
05.03.2024;11:15;40,22925
05.03.2024;11:30;40,1365
05.03.2024;11:45;40,04375
05.03.2024;12:00;39,951
05.03.2024;12:15;39,9465
05.03.2024;12:30;39,942
05.03.2024;12:45;39,9375
05.03.2024;13:00;39,933
05.03.2024;13:15;40,0275
05.03.2024;13:30;40,122
05.03.2024;13:45;40,216499999999996
05.03.2024;14:00;40,311
05.03.2024;14:15;40,3375
05.03.2024;14:30;40,364000000000004
05.03.2024;14:45;40,3905
05.03.2024;15:00;40,417
05.03.2024;15:15;40,55725
05.03.2024;15:30;40,697500000000005
05.03.2024;15:45;40,83775
05.03.2024;16:00;40,978
05.03.2024;16:15;41,12275
05.03.2024;16:30;41,2675
05.03.2024;16:45;41,41225
05.03.2024;17:00;41,557
05.03.2024;17:15;42,11475
05.03.2024;17:30;42,6725
05.03.2024;17:45;43,23025
05.03.2024;18:00;43,788
05.03.2024;18:15;44,003249999999994
05.03.2024;18:30;44,2185
05.03.2024;18:45;44,43375
05.03.2024;19:00;44,649
05.03.2024;19:15;44,15225
05.03.2024;19:30;43,6555
05.03.2024;19:45;43,15875
05.03.2024;20:00;42,662
05.03.2024;20:15;42,40425
05.03.2024;20:30;42,1465
05.03.2024;20:45;41,88875
05.03.2024;21:00;41,631
05.03.2024;21:15;41,46275
05.03.2024;21:30;41,2945
05.03.2024;21:45;41,12625
05.03.2024;22:00;40,958
05.03.2024;22:15;40,851749999999996
05.03.2024;22:30;40,7455
05.03.2024;22:45;40,639250000000004
05.03.2024;23:00;40,533
05.03.2024;23:15;40,51225
05.03.2024;23:30;40,4915
05.03.2024;23:45;40,47075
06.03.2024;00:00;40,45
06.03.2024;00:15;40,4425
06.03.2024;00:30;40,435
06.03.2024;00:45;40,4275
06.03.2024;01:00;40,42
06.03.2024;01:15;40,414
06.03.2024;01:30;40,408
06.03.2024;01:45;40,402
06.03.2024;02:00;40,396
06.03.2024;02:15;40,378
06.03.2024;02:30;40,36
06.03.2024;02:45;40,342
06.03.2024;03:00;40,324
06.03.2024;03:15;40,342
06.03.2024;03:30;40,36
06.03.2024;03:45;40,378
06.03.2024;04:00;40,396
06.03.2024;04:15;40,48225
06.03.2024;04:30;40,5685
06.03.2024;04:45;40,65475
06.03.2024;05:00;40,741
06.03.2024;05:15;40,99275
06.03.2024;05:30;41,2445
06.03.2024;05:45;41,496249999999996
06.03.2024;06:00;41,748
06.03.2024;06:15;42,314499999999995
06.03.2024;06:30;42,881
06.03.2024;06:45;43,447500000000005
06.03.2024;07:00;44,014
06.03.2024;07:15;44,0655
06.03.2024;07:30;44,117000000000004
06.03.2024;07:45;44,1685
06.03.2024;08:00;44,22
06.03.2024;08:15;43,68275
06.03.2024;08:30;43,1455
06.03.2024;08:45;42,60825
06.03.2024;09:00;42,071
06.03.2024;09:15;41,78875
06.03.2024;09:30;41,5065
06.03.2024;09:45;41,22425
06.03.2024;10:00;40,942
06.03.2024;10:15;40,8445
06.03.2024;10:30;40,747
06.03.2024;10:45;40,6495
06.03.2024;11:00;40,552
06.03.2024;11:15;40,48525
06.03.2024;11:30;40,418499999999995
06.03.2024;11:45;40,351749999999996
06.03.2024;12:00;40,285
06.03.2024;12:15;40,2835
06.03.2024;12:30;40,282
06.03.2024;12:45;40,2805
06.03.2024;13:00;40,279
06.03.2024;13:15;40,31275
06.03.2024;13:30;40,346500000000006
06.03.2024;13:45;40,380250000000004
06.03.2024;14:00;40,414
06.03.2024;14:15;40,4545
06.03.2024;14:30;40,495000000000005
06.03.2024;14:45;40,5355
06.03.2024;15:00;40,576
06.03.2024;15:15;40,796
06.03.2024;15:30;41,016000000000005
06.03.2024;15:45;41,236000000000004
06.03.2024;16:00;41,456
06.03.2024;16:15;41,929500000000004
06.03.2024;16:30;42,403000000000006
06.03.2024;16:45;42,8765
06.03.2024;17:00;43,35
06.03.2024;17:15;43,8395
06.03.2024;17:30;44,329
06.03.2024;17:45;44,8185
06.03.2024;18:00;45,308
06.03.2024;18:15;45,29975
06.03.2024;18:30;45,2915
06.03.2024;18:45;45,283249999999995
06.03.2024;19:00;45,275
06.03.2024;19:15;44,62875
06.03.2024;19:30;43,9825
06.03.2024;19:45;43,33625
06.03.2024;20:00;42,69
06.03.2024;20:15;42,35875
06.03.2024;20:30;42,0275
06.03.2024;20:45;41,69625
06.03.2024;21:00;41,365
06.03.2024;21:15;41,31075
06.03.2024;21:30;41,2565
06.03.2024;21:45;41,20225000000001
06.03.2024;22:00;41,148
06.03.2024;22:15;41,057
06.03.2024;22:30;40,966
06.03.2024;22:45;40,875
06.03.2024;23:00;40,784
06.03.2024;23:15;40,75875
06.03.2024;23:30;40,7335
06.03.2024;23:45;40,70825
07.03.2024;00:00;40,683
07.03.2024;00:15;40,65775
07.03.2024;00:30;40,6325
07.03.2024;00:45;40,60725
07.03.2024;01:00;40,582
07.03.2024;01:15;40,5325
07.03.2024;01:30;40,483000000000004
07.03.2024;01:45;40,4335
07.03.2024;02:00;40,384
07.03.2024;02:15;40,34325
07.03.2024;02:30;40,302499999999995
07.03.2024;02:45;40,26175
07.03.2024;03:00;40,221
07.03.2024;03:15;40,250499999999995
07.03.2024;03:30;40,28
07.03.2024;03:45;40,3095
07.03.2024;04:00;40,339
07.03.2024;04:15;40,42
07.03.2024;04:30;40,501
07.03.2024;04:45;40,581999999999994
07.03.2024;05:00;40,663
07.03.2024;05:15;40,9415
07.03.2024;05:30;41,22
07.03.2024;05:45;41,4985
07.03.2024;06:00;41,777
07.03.2024;06:15;42,25025
07.03.2024;06:30;42,7235
07.03.2024;06:45;43,19675
07.03.2024;07:00;43,67
07.03.2024;07:15;43,5075
07.03.2024;07:30;43,345
07.03.2024;07:45;43,182500000000005
07.03.2024;08:00;43,02
07.03.2024;08:15;42,579750000000004
07.03.2024;08:30;42,1395
07.03.2024;08:45;41,69925
07.03.2024;09:00;41,259
07.03.2024;09:15;41,0645
07.03.2024;09:30;40,870000000000005
07.03.2024;09:45;40,6755
07.03.2024;10:00;40,481
07.03.2024;10:15;40,35225
07.03.2024;10:30;40,2235
07.03.2024;10:45;40,094750000000005
07.03.2024;11:00;39,966
07.03.2024;11:15;39,85425
07.03.2024;11:30;39,7425
07.03.2024;11:45;39,63075
07.03.2024;12:00;39,519
07.03.2024;12:15;39,48325
07.03.2024;12:30;39,4475
07.03.2024;12:45;39,41175
07.03.2024;13:00;39,376
07.03.2024;13:15;39,452749999999995
07.03.2024;13:30;39,5295
07.03.2024;13:45;39,60625
07.03.2024;14:00;39,683
07.03.2024;14:15;39,75075
07.03.2024;14:30;39,8185
07.03.2024;14:45;39,886250000000004
07.03.2024;15:00;39,954
07.03.2024;15:15;40,051
07.03.2024;15:30;40,147999999999996
07.03.2024;15:45;40,245
07.03.2024;16:00;40,342
07.03.2024;16:15;40,824
07.03.2024;16:30;41,306
07.03.2024;16:45;41,788000000000004
07.03.2024;17:00;42,27
07.03.2024;17:15;42,68275
07.03.2024;17:30;43,0955
07.03.2024;17:45;43,508250000000004
07.03.2024;18:00;43,921
07.03.2024;18:15;43,53575
07.03.2024;18:30;43,1505
07.03.2024;18:45;42,76525
07.03.2024;19:00;42,38
07.03.2024;19:15;42,18475
07.03.2024;19:30;41,9895
07.03.2024;19:45;41,79425
07.03.2024;20:00;41,599
07.03.2024;20:15;41,3705
07.03.2024;20:30;41,141999999999996
07.03.2024;20:45;40,9135
07.03.2024;21:00;40,685
07.03.2024;21:15;40,684250000000006
07.03.2024;21:30;40,6835
07.03.2024;21:45;40,68275
07.03.2024;22:00;40,682
07.03.2024;22:15;40,542
07.03.2024;22:30;40,402
07.03.2024;22:45;40,262
07.03.2024;23:00;40,122
07.03.2024;23:15;40,14025
07.03.2024;23:30;40,158500000000004
07.03.2024;23:45;40,17675
08.03.2024;00:00;40,195
08.03.2024;00:15;40,15775
08.03.2024;00:30;40,1205
08.03.2024;00:45;40,08325
08.03.2024;01:00;40,046
08.03.2024;01:15;40,04725
08.03.2024;01:30;40,048500000000004
08.03.2024;01:45;40,04975
08.03.2024;02:00;40,051
08.03.2024;02:15;40,0255
08.03.2024;02:30;40,0
08.03.2024;02:45;39,9745
08.03.2024;03:00;39,949
08.03.2024;03:15;39,95675
08.03.2024;03:30;39,9645
08.03.2024;03:45;39,972249999999995
08.03.2024;04:00;39,98
08.03.2024;04:15;40,000249999999994
08.03.2024;04:30;40,0205
08.03.2024;04:45;40,04075
08.03.2024;05:00;40,061
08.03.2024;05:15;40,456
08.03.2024;05:30;40,851
08.03.2024;05:45;41,245999999999995
08.03.2024;06:00;41,641
08.03.2024;06:15;41,94475
08.03.2024;06:30;42,2485
08.03.2024;06:45;42,55225
08.03.2024;07:00;42,856
08.03.2024;07:15;42,701750000000004
08.03.2024;07:30;42,5475
08.03.2024;07:45;42,393249999999995
08.03.2024;08:00;42,239
08.03.2024;08:15;41,87575
08.03.2024;08:30;41,5125
08.03.2024;08:45;41,14925
08.03.2024;09:00;40,786
08.03.2024;09:15;40,36675
08.03.2024;09:30;39,947500000000005
08.03.2024;09:45;39,52825
08.03.2024;10:00;39,109
08.03.2024;10:15;38,9705
08.03.2024;10:30;38,832
08.03.2024;10:45;38,6935
08.03.2024;11:00;38,555
08.03.2024;11:15;37,798
08.03.2024;11:30;37,041
08.03.2024;11:45;36,284
08.03.2024;12:00;35,527
08.03.2024;12:15;35,08925
08.03.2024;12:30;34,6515
08.03.2024;12:45;34,213750000000005
08.03.2024;13:00;33,776
08.03.2024;13:15;34,2745
08.03.2024;13:30;34,773
08.03.2024;13:45;35,2715
08.03.2024;14:00;35,77
08.03.2024;14:15;36,17125
08.03.2024;14:30;36,572500000000005
08.03.2024;14:45;36,97375
08.03.2024;15:00;37,375
08.03.2024;15:15;37,76225
08.03.2024;15:30;38,1495
08.03.2024;15:45;38,53675
08.03.2024;16:00;38,924
08.03.2024;16:15;39,33
08.03.2024;16:30;39,736000000000004
08.03.2024;16:45;40,142
08.03.2024;17:00;40,548
08.03.2024;17:15;40,8425
08.03.2024;17:30;41,137
08.03.2024;17:45;41,4315
08.03.2024;18:00;41,726
08.03.2024;18:15;41,6315
08.03.2024;18:30;41,537
08.03.2024;18:45;41,442499999999995
08.03.2024;19:00;41,348
08.03.2024;19:15;41,135
08.03.2024;19:30;40,922
08.03.2024;19:45;40,709
08.03.2024;20:00;40,496
08.03.2024;20:15;40,332
08.03.2024;20:30;40,168000000000006
08.03.2024;20:45;40,004000000000005
08.03.2024;21:00;39,84
08.03.2024;21:15;39,843250000000005
08.03.2024;21:30;39,846500000000006
08.03.2024;21:45;39,84975
08.03.2024;22:00;39,853
08.03.2024;22:15;39,7245
08.03.2024;22:30;39,596000000000004
08.03.2024;22:45;39,4675
08.03.2024;23:00;39,339
08.03.2024;23:15;39,25575
08.03.2024;23:30;39,1725
08.03.2024;23:45;39,08925
09.03.2024;00:00;39,006
09.03.2024;00:15;38,96475
09.03.2024;00:30;38,923500000000004
09.03.2024;00:45;38,88225
09.03.2024;01:00;38,841
09.03.2024;01:15;38,81125
09.03.2024;01:30;38,7815
09.03.2024;01:45;38,75175
09.03.2024;02:00;38,722
09.03.2024;02:15;38,693
09.03.2024;02:30;38,664
09.03.2024;02:45;38,635000000000005
09.03.2024;03:00;38,606
09.03.2024;03:15;38,507000000000005
09.03.2024;03:30;38,408
09.03.2024;03:45;38,309
09.03.2024;04:00;38,21
09.03.2024;04:15;38,189750000000004
09.03.2024;04:30;38,1695
09.03.2024;04:45;38,149249999999995
09.03.2024;05:00;38,129
09.03.2024;05:15;38,196
09.03.2024;05:30;38,263
09.03.2024;05:45;38,33
09.03.2024;06:00;38,397
09.03.2024;06:15;38,461749999999995
09.03.2024;06:30;38,5265
09.03.2024;06:45;38,59125
09.03.2024;07:00;38,656
09.03.2024;07:15;38,656
09.03.2024;07:30;38,656
09.03.2024;07:45;38,656
09.03.2024;08:00;38,656
09.03.2024;08:15;38,5325
09.03.2024;08:30;38,409
09.03.2024;08:45;38,2855
09.03.2024;09:00;38,162
09.03.2024;09:15;37,7825
09.03.2024;09:30;37,403
09.03.2024;09:45;37,0235
09.03.2024;10:00;36,644
09.03.2024;10:15;35,8255
09.03.2024;10:30;35,007
09.03.2024;10:45;34,1885
09.03.2024;11:00;33,37
09.03.2024;11:15;33,33625
09.03.2024;11:30;33,302499999999995
09.03.2024;11:45;33,26875
09.03.2024;12:00;33,235
09.03.2024;12:15;33,13825
09.03.2024;12:30;33,0415
09.03.2024;12:45;32,94475
09.03.2024;13:00;32,848
09.03.2024;13:15;32,9725
09.03.2024;13:30;33,096999999999994
09.03.2024;13:45;33,2215
09.03.2024;14:00;33,346
09.03.2024;14:15;34,05175
09.03.2024;14:30;34,75749999999999
09.03.2024;14:45;35,463249999999995
09.03.2024;15:00;36,169
09.03.2024;15:15;36,780249999999995
09.03.2024;15:30;37,39149999999999
09.03.2024;15:45;38,00275
09.03.2024;16:00;38,614
09.03.2024;16:15;39,03525
09.03.2024;16:30;39,4565
09.03.2024;16:45;39,87775
09.03.2024;17:00;40,299
09.03.2024;17:15;40,51225
09.03.2024;17:30;40,7255
09.03.2024;17:45;40,93875
09.03.2024;18:00;41,152
09.03.2024;18:15;41,07625
09.03.2024;18:30;41,0005
09.03.2024;18:45;40,924749999999996
09.03.2024;19:00;40,849
09.03.2024;19:15;40,65575
09.03.2024;19:30;40,4625
09.03.2024;19:45;40,26925
09.03.2024;20:00;40,076
09.03.2024;20:15;39,90625
09.03.2024;20:30;39,7365
09.03.2024;20:45;39,56675
09.03.2024;21:00;39,397
09.03.2024;21:15;39,3985
09.03.2024;21:30;39,4
09.03.2024;21:45;39,4015
09.03.2024;22:00;39,403
09.03.2024;22:15;39,322
09.03.2024;22:30;39,241
09.03.2024;22:45;39,16
09.03.2024;23:00;39,079
09.03.2024;23:15;38,863
09.03.2024;23:30;38,647000000000006
09.03.2024;23:45;38,431000000000004
10.03.2024;00:00;38,215
10.03.2024;00:15;38,15025
10.03.2024;00:30;38,0855
10.03.2024;00:45;38,02075000000001
10.03.2024;01:00;37,956
10.03.2024;01:15;37,829
10.03.2024;01:30;37,702
10.03.2024;01:45;37,575
10.03.2024;02:00;37,448
10.03.2024;02:15;37,31225
10.03.2024;02:30;37,176500000000004
10.03.2024;02:45;37,04075
10.03.2024;03:00;36,905
10.03.2024;03:15;36,826
10.03.2024;03:30;36,747
10.03.2024;03:45;36,668
10.03.2024;04:00;36,589
10.03.2024;04:15;36,58625
10.03.2024;04:30;36,5835
10.03.2024;04:45;36,58075
10.03.2024;05:00;36,578
10.03.2024;05:15;36,618750000000006
10.03.2024;05:30;36,6595
10.03.2024;05:45;36,70025
10.03.2024;06:00;36,741
10.03.2024;06:15;36,8805
10.03.2024;06:30;37,019999999999996
10.03.2024;06:45;37,1595
10.03.2024;07:00;37,299
10.03.2024;07:15;37,182249999999996
10.03.2024;07:30;37,0655
10.03.2024;07:45;36,948750000000004
10.03.2024;08:00;36,832
10.03.2024;08:15;36,59275
10.03.2024;08:30;36,3535
10.03.2024;08:45;36,11425
10.03.2024;09:00;35,875
10.03.2024;09:15;35,3025
10.03.2024;09:30;34,730000000000004
10.03.2024;09:45;34,1575
10.03.2024;10:00;33,585
10.03.2024;10:15;33,52375
10.03.2024;10:30;33,462500000000006
10.03.2024;10:45;33,401250000000005
10.03.2024;11:00;33,34
10.03.2024;11:15;33,136500000000005
10.03.2024;11:30;32,93300000000001
10.03.2024;11:45;32,7295
10.03.2024;12:00;32,526
10.03.2024;12:15;32,4825
10.03.2024;12:30;32,439
10.03.2024;12:45;32,3955
10.03.2024;13:00;32,352
10.03.2024;13:15;32,58875
10.03.2024;13:30;32,8255
10.03.2024;13:45;33,06225
10.03.2024;14:00;33,299
10.03.2024;14:15;33,672
10.03.2024;14:30;34,045
10.03.2024;14:45;34,418
10.03.2024;15:00;34,791
10.03.2024;15:15;35,62975
10.03.2024;15:30;36,4685
10.03.2024;15:45;37,307249999999996
10.03.2024;16:00;38,146
10.03.2024;16:15;38,34625
10.03.2024;16:30;38,5465
10.03.2024;16:45;38,746750000000006
10.03.2024;17:00;38,947
10.03.2024;17:15;39,206500000000005
10.03.2024;17:30;39,466
10.03.2024;17:45;39,7255
10.03.2024;18:00;39,985
10.03.2024;18:15;39,88425
10.03.2024;18:30;39,783500000000004
10.03.2024;18:45;39,68275
10.03.2024;19:00;39,582
10.03.2024;19:15;39,4525
10.03.2024;19:30;39,323
10.03.2024;19:45;39,1935
10.03.2024;20:00;39,064
10.03.2024;20:15;38,979
10.03.2024;20:30;38,894
10.03.2024;20:45;38,809
10.03.2024;21:00;38,724
10.03.2024;21:15;38,707499999999996
10.03.2024;21:30;38,691
10.03.2024;21:45;38,6745
10.03.2024;22:00;38,658
10.03.2024;22:15;38,63225
10.03.2024;22:30;38,6065
10.03.2024;22:45;38,58075
10.03.2024;23:00;38,555
10.03.2024;23:15;38,477000000000004
10.03.2024;23:30;38,399
10.03.2024;23:45;38,321
11.03.2024;00:00;38,243
11.03.2024;00:15;38,253
11.03.2024;00:30;38,263000000000005
11.03.2024;00:45;38,273
11.03.2024;01:00;38,283
11.03.2024;01:15;38,305
11.03.2024;01:30;38,327
11.03.2024;01:45;38,349000000000004
11.03.2024;02:00;38,371
11.03.2024;02:15;38,347750000000005
11.03.2024;02:30;38,3245
11.03.2024;02:45;38,301249999999996
11.03.2024;03:00;38,278
11.03.2024;03:15;38,29575
11.03.2024;03:30;38,3135
11.03.2024;03:45;38,33125
11.03.2024;04:00;38,349
11.03.2024;04:15;38,50675
11.03.2024;04:30;38,6645
11.03.2024;04:45;38,82225
11.03.2024;05:00;38,98
11.03.2024;05:15;39,4885
11.03.2024;05:30;39,997
11.03.2024;05:45;40,5055
11.03.2024;06:00;41,014
11.03.2024;06:15;41,163000000000004
11.03.2024;06:30;41,312
11.03.2024;06:45;41,461
11.03.2024;07:00;41,61
11.03.2024;07:15;41,68475
11.03.2024;07:30;41,7595
11.03.2024;07:45;41,83425
11.03.2024;08:00;41,909
11.03.2024;08:15;41,7805
11.03.2024;08:30;41,652
11.03.2024;08:45;41,5235
11.03.2024;09:00;41,395
11.03.2024;09:15;41,16375
11.03.2024;09:30;40,932500000000005
11.03.2024;09:45;40,70125
11.03.2024;10:00;40,47
11.03.2024;10:15;40,31575
11.03.2024;10:30;40,161500000000004
11.03.2024;10:45;40,00725
11.03.2024;11:00;39,853
11.03.2024;11:15;39,747
11.03.2024;11:30;39,641000000000005
11.03.2024;11:45;39,535000000000004
11.03.2024;12:00;39,429
11.03.2024;12:15;39,5655
11.03.2024;12:30;39,702
11.03.2024;12:45;39,8385
11.03.2024;13:00;39,975
11.03.2024;13:15;39,99375
11.03.2024;13:30;40,0125
11.03.2024;13:45;40,03125
11.03.2024;14:00;40,05
11.03.2024;14:15;40,211749999999995
11.03.2024;14:30;40,3735
11.03.2024;14:45;40,535250000000005
11.03.2024;15:00;40,697
11.03.2024;15:15;40,865
11.03.2024;15:30;41,033
11.03.2024;15:45;41,201
11.03.2024;16:00;41,369
11.03.2024;16:15;41,649
11.03.2024;16:30;41,929
11.03.2024;16:45;42,208999999999996
11.03.2024;17:00;42,489
11.03.2024;17:15;42,72175
11.03.2024;17:30;42,954499999999996
11.03.2024;17:45;43,18725
11.03.2024;18:00;43,42
11.03.2024;18:15;43,60275
11.03.2024;18:30;43,7855
11.03.2024;18:45;43,968250000000005
11.03.2024;19:00;44,151
11.03.2024;19:15;43,6505
11.03.2024;19:30;43,150000000000006
11.03.2024;19:45;42,6495
11.03.2024;20:00;42,149
11.03.2024;20:15;41,867000000000004
11.03.2024;20:30;41,585
11.03.2024;20:45;41,303
11.03.2024;21:00;41,021
11.03.2024;21:15;40,97925
11.03.2024;21:30;40,9375
11.03.2024;21:45;40,89575
11.03.2024;22:00;40,854
11.03.2024;22:15;40,655
11.03.2024;22:30;40,456
11.03.2024;22:45;40,257
11.03.2024;23:00;40,058
11.03.2024;23:15;40,110749999999996
11.03.2024;23:30;40,1635
11.03.2024;23:45;40,21625
12.03.2024;00:00;40,269
12.03.2024;00:15;40,17825
12.03.2024;00:30;40,0875
12.03.2024;00:45;39,99675
12.03.2024;01:00;39,906
12.03.2024;01:15;39,92975
12.03.2024;01:30;39,9535
12.03.2024;01:45;39,97725
12.03.2024;02:00;40,001
12.03.2024;02:15;39,96825
12.03.2024;02:30;39,9355
12.03.2024;02:45;39,90275
12.03.2024;03:00;39,87
12.03.2024;03:15;39,9045
12.03.2024;03:30;39,939
12.03.2024;03:45;39,9735
12.03.2024;04:00;40,008
12.03.2024;04:15;40,127750000000006
12.03.2024;04:30;40,2475
12.03.2024;04:45;40,36725
12.03.2024;05:00;40,487
12.03.2024;05:15;40,87925
12.03.2024;05:30;41,2715
12.03.2024;05:45;41,66375
12.03.2024;06:00;42,056
12.03.2024;06:15;42,29325
12.03.2024;06:30;42,5305
12.03.2024;06:45;42,76775
12.03.2024;07:00;43,005
12.03.2024;07:15;43,11075
12.03.2024;07:30;43,216499999999996
12.03.2024;07:45;43,32225
12.03.2024;08:00;43,428
12.03.2024;08:15;43,25375
12.03.2024;08:30;43,079499999999996
12.03.2024;08:45;42,90525
12.03.2024;09:00;42,731
12.03.2024;09:15;42,52125
12.03.2024;09:30;42,3115
12.03.2024;09:45;42,10175
12.03.2024;10:00;41,892
12.03.2024;10:15;41,7735
12.03.2024;10:30;41,655
12.03.2024;10:45;41,536500000000004
12.03.2024;11:00;41,418
12.03.2024;11:15;41,362
12.03.2024;11:30;41,306
12.03.2024;11:45;41,25
12.03.2024;12:00;41,194
12.03.2024;12:15;41,1895
12.03.2024;12:30;41,185
12.03.2024;12:45;41,1805
12.03.2024;13:00;41,176
12.03.2024;13:15;41,195
12.03.2024;13:30;41,214
12.03.2024;13:45;41,233000000000004
12.03.2024;14:00;41,252
12.03.2024;14:15;41,435
12.03.2024;14:30;41,618
12.03.2024;14:45;41,801
12.03.2024;15:00;41,984
12.03.2024;15:15;42,365750000000006
12.03.2024;15:30;42,7475
12.03.2024;15:45;43,12925
12.03.2024;16:00;43,511
12.03.2024;16:15;43,797250000000005
12.03.2024;16:30;44,0835
12.03.2024;16:45;44,369749999999996
12.03.2024;17:00;44,656
12.03.2024;17:15;45,2025
12.03.2024;17:30;45,748999999999995
12.03.2024;17:45;46,2955
12.03.2024;18:00;46,842
12.03.2024;18:15;46,58325
12.03.2024;18:30;46,3245
12.03.2024;18:45;46,06575
12.03.2024;19:00;45,807
12.03.2024;19:15;45,12975
12.03.2024;19:30;44,4525
12.03.2024;19:45;43,77525
12.03.2024;20:00;43,098
12.03.2024;20:15;42,75175
12.03.2024;20:30;42,4055
12.03.2024;20:45;42,05925
12.03.2024;21:00;41,713
12.03.2024;21:15;41,5955
12.03.2024;21:30;41,478
12.03.2024;21:45;41,3605
12.03.2024;22:00;41,243
12.03.2024;22:15;41,028000000000006
12.03.2024;22:30;40,813
12.03.2024;22:45;40,598
12.03.2024;23:00;40,383
12.03.2024;23:15;40,223
12.03.2024;23:30;40,063
12.03.2024;23:45;39,903000000000006
13.03.2024;00:00;39,743
13.03.2024;00:15;39,70225
13.03.2024;00:30;39,661500000000004
13.03.2024;00:45;39,62075
13.03.2024;01:00;39,58
13.03.2024;01:15;39,56725
13.03.2024;01:30;39,554500000000004
13.03.2024;01:45;39,54175
13.03.2024;02:00;39,529
13.03.2024;02:15;39,5185
13.03.2024;02:30;39,508
13.03.2024;02:45;39,4975
13.03.2024;03:00;39,487
13.03.2024;03:15;39,55275
13.03.2024;03:30;39,6185
13.03.2024;03:45;39,68425
13.03.2024;04:00;39,75
13.03.2024;04:15;39,82
13.03.2024;04:30;39,89
13.03.2024;04:45;39,96
13.03.2024;05:00;40,03
13.03.2024;05:15;40,293
13.03.2024;05:30;40,556
13.03.2024;05:45;40,819
13.03.2024;06:00;41,082
13.03.2024;06:15;41,35575
13.03.2024;06:30;41,6295
13.03.2024;06:45;41,90325
13.03.2024;07:00;42,177
13.03.2024;07:15;42,218
13.03.2024;07:30;42,259
13.03.2024;07:45;42,3
13.03.2024;08:00;42,341
13.03.2024;08:15;42,036
13.03.2024;08:30;41,731
13.03.2024;08:45;41,426
13.03.2024;09:00;41,121
13.03.2024;09:15;40,88
13.03.2024;09:30;40,638999999999996
13.03.2024;09:45;40,397999999999996
13.03.2024;10:00;40,157
13.03.2024;10:15;40,076499999999996
13.03.2024;10:30;39,995999999999995
13.03.2024;10:45;39,9155
13.03.2024;11:00;39,835
13.03.2024;11:15;39,829
13.03.2024;11:30;39,823
13.03.2024;11:45;39,817
13.03.2024;12:00;39,811
13.03.2024;12:15;39,8165
13.03.2024;12:30;39,822
13.03.2024;12:45;39,8275
13.03.2024;13:00;39,833
13.03.2024;13:15;39,81125
13.03.2024;13:30;39,789500000000004
13.03.2024;13:45;39,76775
13.03.2024;14:00;39,746
13.03.2024;14:15;39,843
13.03.2024;14:30;39,94
13.03.2024;14:45;40,037
13.03.2024;15:00;40,134
13.03.2024;15:15;40,276250000000005
13.03.2024;15:30;40,4185
13.03.2024;15:45;40,56075
13.03.2024;16:00;40,703
13.03.2024;16:15;41,112500000000004
13.03.2024;16:30;41,522000000000006
13.03.2024;16:45;41,9315
13.03.2024;17:00;42,341
13.03.2024;17:15;42,538250000000005
13.03.2024;17:30;42,7355
13.03.2024;17:45;42,93275
13.03.2024;18:00;43,13
13.03.2024;18:15;43,044000000000004
13.03.2024;18:30;42,958
13.03.2024;18:45;42,872
13.03.2024;19:00;42,786
13.03.2024;19:15;42,3515
13.03.2024;19:30;41,917
13.03.2024;19:45;41,4825
13.03.2024;20:00;41,048
13.03.2024;20:15;40,794
13.03.2024;20:30;40,54
13.03.2024;20:45;40,286
13.03.2024;21:00;40,032
13.03.2024;21:15;40,06425
13.03.2024;21:30;40,0965
13.03.2024;21:45;40,12875
13.03.2024;22:00;40,161
13.03.2024;22:15;40,05525
13.03.2024;22:30;39,9495
13.03.2024;22:45;39,84375
13.03.2024;23:00;39,738
13.03.2024;23:15;39,72325
13.03.2024;23:30;39,7085
13.03.2024;23:45;39,69375
14.03.2024;00:00;39,679
14.03.2024;00:15;39,51925
14.03.2024;00:30;39,3595
14.03.2024;00:45;39,19975
14.03.2024;01:00;39,04
14.03.2024;01:15;39,055499999999995
14.03.2024;01:30;39,071
14.03.2024;01:45;39,0865
14.03.2024;02:00;39,102
14.03.2024;02:15;39,089
14.03.2024;02:30;39,07599999999999
14.03.2024;02:45;39,062999999999995
14.03.2024;03:00;39,05
14.03.2024;03:15;39,16
14.03.2024;03:30;39,269999999999996
14.03.2024;03:45;39,38
14.03.2024;04:00;39,49
14.03.2024;04:15;39,55675
14.03.2024;04:30;39,6235
14.03.2024;04:45;39,69025
14.03.2024;05:00;39,757
14.03.2024;05:15;40,031499999999994
14.03.2024;05:30;40,306
14.03.2024;05:45;40,5805
14.03.2024;06:00;40,855
14.03.2024;06:15;41,18025
14.03.2024;06:30;41,5055
14.03.2024;06:45;41,830749999999995
14.03.2024;07:00;42,156
14.03.2024;07:15;42,00425
14.03.2024;07:30;41,8525
14.03.2024;07:45;41,70075
14.03.2024;08:00;41,549
14.03.2024;08:15;41,141999999999996
14.03.2024;08:30;40,735
14.03.2024;08:45;40,328
14.03.2024;09:00;39,921
14.03.2024;09:15;39,63625
14.03.2024;09:30;39,3515
14.03.2024;09:45;39,06675
14.03.2024;10:00;38,782
14.03.2024;10:15;38,73325
14.03.2024;10:30;38,6845
14.03.2024;10:45;38,63575
14.03.2024;11:00;38,587
14.03.2024;11:15;38,5985
14.03.2024;11:30;38,61
14.03.2024;11:45;38,621500000000005
14.03.2024;12:00;38,633
14.03.2024;12:15;38,541250000000005
14.03.2024;12:30;38,4495
14.03.2024;12:45;38,357749999999996
14.03.2024;13:00;38,266
14.03.2024;13:15;38,358
14.03.2024;13:30;38,45
14.03.2024;13:45;38,542
14.03.2024;14:00;38,634
14.03.2024;14:15;38,78575
14.03.2024;14:30;38,9375
14.03.2024;14:45;39,08925
14.03.2024;15:00;39,241
14.03.2024;15:15;39,5985
14.03.2024;15:30;39,956
14.03.2024;15:45;40,3135
14.03.2024;16:00;40,671
14.03.2024;16:15;41,116749999999996
14.03.2024;16:30;41,5625
14.03.2024;16:45;42,008250000000004
14.03.2024;17:00;42,454
14.03.2024;17:15;43,04725
14.03.2024;17:30;43,6405
14.03.2024;17:45;44,23375
14.03.2024;18:00;44,827
14.03.2024;18:15;44,23375
14.03.2024;18:30;43,6405
14.03.2024;18:45;43,04725
14.03.2024;19:00;42,454
14.03.2024;19:15;42,03025
14.03.2024;19:30;41,6065
14.03.2024;19:45;41,18275
14.03.2024;20:00;40,759
14.03.2024;20:15;40,4725
14.03.2024;20:30;40,186
14.03.2024;20:45;39,8995
14.03.2024;21:00;39,613
14.03.2024;21:15;39,53775
14.03.2024;21:30;39,4625
14.03.2024;21:45;39,387249999999995
14.03.2024;22:00;39,312
14.03.2024;22:15;39,113
14.03.2024;22:30;38,914
14.03.2024;22:45;38,714999999999996
14.03.2024;23:00;38,516
14.03.2024;23:15;38,43425
14.03.2024;23:30;38,3525
14.03.2024;23:45;38,27075
15.03.2024;00:00;38,189
15.03.2024;00:15;38,14375
15.03.2024;00:30;38,0985
15.03.2024;00:45;38,053250000000006
15.03.2024;01:00;38,008
15.03.2024;01:15;37,98275
15.03.2024;01:30;37,957499999999996
15.03.2024;01:45;37,932249999999996
15.03.2024;02:00;37,907
15.03.2024;02:15;37,866499999999995
15.03.2024;02:30;37,82599999999999
15.03.2024;02:45;37,7855
15.03.2024;03:00;37,745
15.03.2024;03:15;37,82025
15.03.2024;03:30;37,8955
15.03.2024;03:45;37,970749999999995
15.03.2024;04:00;38,046
15.03.2024;04:15;38,10575
15.03.2024;04:30;38,165499999999994
15.03.2024;04:45;38,225249999999996
15.03.2024;05:00;38,285
15.03.2024;05:15;38,607749999999996
15.03.2024;05:30;38,930499999999995
15.03.2024;05:45;39,25325
15.03.2024;06:00;39,576
15.03.2024;06:15;39,75775
15.03.2024;06:30;39,939499999999995
15.03.2024;06:45;40,121249999999996
15.03.2024;07:00;40,303
15.03.2024;07:15;40,2835
15.03.2024;07:30;40,263999999999996
15.03.2024;07:45;40,2445
15.03.2024;08:00;40,225
15.03.2024;08:15;39,85125
15.03.2024;08:30;39,4775
15.03.2024;08:45;39,10375
15.03.2024;09:00;38,73
15.03.2024;09:15;38,549
15.03.2024;09:30;38,367999999999995
15.03.2024;09:45;38,187
15.03.2024;10:00;38,006
15.03.2024;10:15;37,823750000000004
15.03.2024;10:30;37,6415
15.03.2024;10:45;37,45925
15.03.2024;11:00;37,277
15.03.2024;11:15;37,25375
15.03.2024;11:30;37,2305
15.03.2024;11:45;37,20725
15.03.2024;12:00;37,184
15.03.2024;12:15;37,14725
15.03.2024;12:30;37,1105
15.03.2024;12:45;37,07375
15.03.2024;13:00;37,037
15.03.2024;13:15;37,2385
15.03.2024;13:30;37,44
15.03.2024;13:45;37,6415
15.03.2024;14:00;37,843
15.03.2024;14:15;38,008500000000005
15.03.2024;14:30;38,17400000000001
15.03.2024;14:45;38,3395
15.03.2024;15:00;38,505
15.03.2024;15:15;38,883750000000006
15.03.2024;15:30;39,2625
15.03.2024;15:45;39,64125
15.03.2024;16:00;40,02
15.03.2024;16:15;40,5255
15.03.2024;16:30;41,031000000000006
15.03.2024;16:45;41,536500000000004
15.03.2024;17:00;42,042
15.03.2024;17:15;41,91975
15.03.2024;17:30;41,7975
15.03.2024;17:45;41,67525
15.03.2024;18:00;41,553
15.03.2024;18:15;41,702
15.03.2024;18:30;41,851
15.03.2024;18:45;42,0
15.03.2024;19:00;42,149
15.03.2024;19:15;41,55575
15.03.2024;19:30;40,962500000000006
15.03.2024;19:45;40,36925
15.03.2024;20:00;39,776
15.03.2024;20:15;39,5535
15.03.2024;20:30;39,331
15.03.2024;20:45;39,10850000000001
15.03.2024;21:00;38,886
15.03.2024;21:15;38,91075
15.03.2024;21:30;38,935500000000005
15.03.2024;21:45;38,96025
15.03.2024;22:00;38,985
15.03.2024;22:15;38,8095
15.03.2024;22:30;38,634
15.03.2024;22:45;38,4585
15.03.2024;23:00;38,283
15.03.2024;23:15;38,15275
15.03.2024;23:30;38,0225
15.03.2024;23:45;37,892250000000004
16.03.2024;00:00;37,762
16.03.2024;00:15;37,70925
16.03.2024;00:30;37,6565
16.03.2024;00:45;37,603750000000005
16.03.2024;01:00;37,551
16.03.2024;01:15;37,518
16.03.2024;01:30;37,485
16.03.2024;01:45;37,452
16.03.2024;02:00;37,419
16.03.2024;02:15;37,37375
16.03.2024;02:30;37,3285
16.03.2024;02:45;37,283249999999995
16.03.2024;03:00;37,238
16.03.2024;03:15;37,232749999999996
16.03.2024;03:30;37,2275
16.03.2024;03:45;37,22225
16.03.2024;04:00;37,217
16.03.2024;04:15;37,25875
16.03.2024;04:30;37,3005
16.03.2024;04:45;37,34225
16.03.2024;05:00;37,384
16.03.2024;05:15;37,557
16.03.2024;05:30;37,730000000000004
16.03.2024;05:45;37,903
16.03.2024;06:00;38,076
16.03.2024;06:15;38,17725
16.03.2024;06:30;38,2785
16.03.2024;06:45;38,37975
16.03.2024;07:00;38,481
16.03.2024;07:15;38,50425
16.03.2024;07:30;38,5275
16.03.2024;07:45;38,55075
16.03.2024;08:00;38,574
16.03.2024;08:15;38,44325
16.03.2024;08:30;38,3125
16.03.2024;08:45;38,18175
16.03.2024;09:00;38,051
16.03.2024;09:15;37,99775
16.03.2024;09:30;37,944500000000005
16.03.2024;09:45;37,89125
16.03.2024;10:00;37,838
16.03.2024;10:15;37,7565
16.03.2024;10:30;37,675
16.03.2024;10:45;37,5935
16.03.2024;11:00;37,512
16.03.2024;11:15;37,389
16.03.2024;11:30;37,266000000000005
16.03.2024;11:45;37,143
16.03.2024;12:00;37,02
16.03.2024;12:15;36,628
16.03.2024;12:30;36,236000000000004
16.03.2024;12:45;35,844
16.03.2024;13:00;35,452
16.03.2024;13:15;35,20125
16.03.2024;13:30;34,9505
16.03.2024;13:45;34,699749999999995
16.03.2024;14:00;34,449
16.03.2024;14:15;34,9495
16.03.2024;14:30;35,45
16.03.2024;14:45;35,9505
16.03.2024;15:00;36,451
16.03.2024;15:15;36,85025
16.03.2024;15:30;37,2495
16.03.2024;15:45;37,64875
16.03.2024;16:00;38,048
16.03.2024;16:15;38,6755
16.03.2024;16:30;39,303
16.03.2024;16:45;39,9305
16.03.2024;17:00;40,558
16.03.2024;17:15;40,798249999999996
16.03.2024;17:30;41,0385
16.03.2024;17:45;41,27875
16.03.2024;18:00;41,519
16.03.2024;18:15;41,6595
16.03.2024;18:30;41,8
16.03.2024;18:45;41,9405
16.03.2024;19:00;42,081
16.03.2024;19:15;41,884750000000004
16.03.2024;19:30;41,688500000000005
16.03.2024;19:45;41,49225
16.03.2024;20:00;41,296
16.03.2024;20:15;41,13425
16.03.2024;20:30;40,9725
16.03.2024;20:45;40,81075
16.03.2024;21:00;40,649
16.03.2024;21:15;40,632000000000005
16.03.2024;21:30;40,615
16.03.2024;21:45;40,598
16.03.2024;22:00;40,581
16.03.2024;22:15;40,45075
16.03.2024;22:30;40,3205
16.03.2024;22:45;40,190250000000006
16.03.2024;23:00;40,06
16.03.2024;23:15;40,00725
16.03.2024;23:30;39,954499999999996
16.03.2024;23:45;39,90175
17.03.2024;00:00;39,849
17.03.2024;00:15;39,7365
17.03.2024;00:30;39,623999999999995
17.03.2024;00:45;39,5115
17.03.2024;01:00;39,399
17.03.2024;01:15;39,286
17.03.2024;01:30;39,173
17.03.2024;01:45;39,06
17.03.2024;02:00;38,947
17.03.2024;02:15;39,0165
17.03.2024;02:30;39,086
17.03.2024;02:45;39,1555
17.03.2024;03:00;39,225
17.03.2024;03:15;39,2675
17.03.2024;03:30;39,31
17.03.2024;03:45;39,352500000000006
17.03.2024;04:00;39,395
17.03.2024;04:15;39,396
17.03.2024;04:30;39,397000000000006
17.03.2024;04:45;39,398
17.03.2024;05:00;39,399
17.03.2024;05:15;39,451750000000004
17.03.2024;05:30;39,5045
17.03.2024;05:45;39,557249999999996
17.03.2024;06:00;39,61
17.03.2024;06:15;39,46
17.03.2024;06:30;39,31
17.03.2024;06:45;39,16
17.03.2024;07:00;39,01
17.03.2024;07:15;38,8595
17.03.2024;07:30;38,709
17.03.2024;07:45;38,5585
17.03.2024;08:00;38,408
17.03.2024;08:15;38,32225
17.03.2024;08:30;38,2365
17.03.2024;08:45;38,15075
17.03.2024;09:00;38,065
17.03.2024;09:15;38,021249999999995
17.03.2024;09:30;37,9775
17.03.2024;09:45;37,93375
17.03.2024;10:00;37,89
17.03.2024;10:15;37,90275
17.03.2024;10:30;37,9155
17.03.2024;10:45;37,928250000000006
17.03.2024;11:00;37,941
17.03.2024;11:15;37,8385
17.03.2024;11:30;37,736000000000004
17.03.2024;11:45;37,6335
17.03.2024;12:00;37,531
17.03.2024;12:15;37,4895
17.03.2024;12:30;37,448
17.03.2024;12:45;37,4065
17.03.2024;13:00;37,365
17.03.2024;13:15;37,56275
17.03.2024;13:30;37,7605
17.03.2024;13:45;37,95825
17.03.2024;14:00;38,156
17.03.2024;14:15;38,3575
17.03.2024;14:30;38,559
17.03.2024;14:45;38,7605
17.03.2024;15:00;38,962
17.03.2024;15:15;39,353
17.03.2024;15:30;39,744
17.03.2024;15:45;40,135000000000005
17.03.2024;16:00;40,526
17.03.2024;16:15;40,868
17.03.2024;16:30;41,21
17.03.2024;16:45;41,552
17.03.2024;17:00;41,894
17.03.2024;17:15;42,11575
17.03.2024;17:30;42,3375
17.03.2024;17:45;42,55925
17.03.2024;18:00;42,781
17.03.2024;18:15;42,6305
17.03.2024;18:30;42,480000000000004
17.03.2024;18:45;42,3295
17.03.2024;19:00;42,179
17.03.2024;19:15;41,919000000000004
17.03.2024;19:30;41,659000000000006
17.03.2024;19:45;41,399
17.03.2024;20:00;41,139
17.03.2024;20:15;41,0
17.03.2024;20:30;40,861000000000004
17.03.2024;20:45;40,722
17.03.2024;21:00;40,583
17.03.2024;21:15;40,57725
17.03.2024;21:30;40,5715
17.03.2024;21:45;40,56575
17.03.2024;22:00;40,56
17.03.2024;22:15;40,40525
17.03.2024;22:30;40,2505
17.03.2024;22:45;40,09575
17.03.2024;23:00;39,941
17.03.2024;23:15;39,89625
17.03.2024;23:30;39,8515
17.03.2024;23:45;39,80675
18.03.2024;00:00;39,762
18.03.2024;00:15;39,5875
18.03.2024;00:30;39,413
18.03.2024;00:45;39,2385
18.03.2024;01:00;39,064
18.03.2024;01:15;39,09325
18.03.2024;01:30;39,1225
18.03.2024;01:45;39,15175
18.03.2024;02:00;39,181
18.03.2024;02:15;39,20775
18.03.2024;02:30;39,2345
18.03.2024;02:45;39,26125
18.03.2024;03:00;39,288
18.03.2024;03:15;39,413
18.03.2024;03:30;39,538
18.03.2024;03:45;39,663
18.03.2024;04:00;39,788
18.03.2024;04:15;39,948499999999996
18.03.2024;04:30;40,108999999999995
18.03.2024;04:45;40,2695
18.03.2024;05:00;40,43
18.03.2024;05:15;40,818
18.03.2024;05:30;41,206
18.03.2024;05:45;41,594
18.03.2024;06:00;41,982
18.03.2024;06:15;42,27075
18.03.2024;06:30;42,5595
18.03.2024;06:45;42,84825
18.03.2024;07:00;43,137
18.03.2024;07:15;43,051500000000004
18.03.2024;07:30;42,966
18.03.2024;07:45;42,8805
18.03.2024;08:00;42,795
18.03.2024;08:15;42,503750000000004
18.03.2024;08:30;42,212500000000006
18.03.2024;08:45;41,92125
18.03.2024;09:00;41,63
18.03.2024;09:15;41,381
18.03.2024;09:30;41,132000000000005
18.03.2024;09:45;40,883
18.03.2024;10:00;40,634
18.03.2024;10:15;40,479
18.03.2024;10:30;40,324
18.03.2024;10:45;40,169000000000004
18.03.2024;11:00;40,014
18.03.2024;11:15;40,0405
18.03.2024;11:30;40,067
18.03.2024;11:45;40,0935
18.03.2024;12:00;40,12
18.03.2024;12:15;40,135
18.03.2024;12:30;40,15
18.03.2024;12:45;40,165
18.03.2024;13:00;40,18
18.03.2024;13:15;40,196
18.03.2024;13:30;40,212
18.03.2024;13:45;40,228
18.03.2024;14:00;40,244
18.03.2024;14:15;40,3555
18.03.2024;14:30;40,467
18.03.2024;14:45;40,5785
18.03.2024;15:00;40,69
18.03.2024;15:15;40,829499999999996
18.03.2024;15:30;40,968999999999994
18.03.2024;15:45;41,1085
18.03.2024;16:00;41,248
18.03.2024;16:15;41,964749999999995
18.03.2024;16:30;42,6815
18.03.2024;16:45;43,398250000000004
18.03.2024;17:00;44,115
18.03.2024;17:15;45,066500000000005
18.03.2024;17:30;46,018
18.03.2024;17:45;46,9695
18.03.2024;18:00;47,921
18.03.2024;18:15;47,4415
18.03.2024;18:30;46,962
18.03.2024;18:45;46,4825
18.03.2024;19:00;46,003
18.03.2024;19:15;45,43275
18.03.2024;19:30;44,8625
18.03.2024;19:45;44,29225
18.03.2024;20:00;43,722
18.03.2024;20:15;43,159
18.03.2024;20:30;42,596000000000004
18.03.2024;20:45;42,033
18.03.2024;21:00;41,47
18.03.2024;21:15;41,3995
18.03.2024;21:30;41,329
18.03.2024;21:45;41,2585
18.03.2024;22:00;41,188
18.03.2024;22:15;41,08975
18.03.2024;22:30;40,9915
18.03.2024;22:45;40,89325
18.03.2024;23:00;40,795
18.03.2024;23:15;40,73375
18.03.2024;23:30;40,6725
18.03.2024;23:45;40,61125
19.03.2024;00:00;40,55
19.03.2024;00:15;40,531
19.03.2024;00:30;40,512
19.03.2024;00:45;40,492999999999995
19.03.2024;01:00;40,474
19.03.2024;01:15;40,484249999999996
19.03.2024;01:30;40,4945
19.03.2024;01:45;40,50475
19.03.2024;02:00;40,515
19.03.2024;02:15;40,5125
19.03.2024;02:30;40,510000000000005
19.03.2024;02:45;40,5075
19.03.2024;03:00;40,505
19.03.2024;03:15;40,49725
19.03.2024;03:30;40,4895
19.03.2024;03:45;40,48175
19.03.2024;04:00;40,474
19.03.2024;04:15;40,46825
19.03.2024;04:30;40,4625
19.03.2024;04:45;40,45675
19.03.2024;05:00;40,451
19.03.2024;05:15;40,91325
19.03.2024;05:30;41,3755
19.03.2024;05:45;41,83775
19.03.2024;06:00;42,3
19.03.2024;06:15;42,831999999999994
19.03.2024;06:30;43,364
19.03.2024;06:45;43,896
19.03.2024;07:00;44,428
19.03.2024;07:15;44,05525
19.03.2024;07:30;43,6825
19.03.2024;07:45;43,309749999999994
19.03.2024;08:00;42,937
19.03.2024;08:15;42,34075
19.03.2024;08:30;41,7445
19.03.2024;08:45;41,14825
19.03.2024;09:00;40,552
19.03.2024;09:15;40,3855
19.03.2024;09:30;40,219
19.03.2024;09:45;40,0525
19.03.2024;10:00;39,886
19.03.2024;10:15;39,722500000000004
19.03.2024;10:30;39,559
19.03.2024;10:45;39,3955
19.03.2024;11:00;39,232
19.03.2024;11:15;39,12325
19.03.2024;11:30;39,0145
19.03.2024;11:45;38,90575
19.03.2024;12:00;38,797
19.03.2024;12:15;38,853249999999996
19.03.2024;12:30;38,909499999999994
19.03.2024;12:45;38,96575
19.03.2024;13:00;39,022
19.03.2024;13:15;39,116
19.03.2024;13:30;39,21
19.03.2024;13:45;39,304
19.03.2024;14:00;39,398
19.03.2024;14:15;39,63725
19.03.2024;14:30;39,8765
19.03.2024;14:45;40,11575
19.03.2024;15:00;40,355
19.03.2024;15:15;40,44625
19.03.2024;15:30;40,537499999999994
19.03.2024;15:45;40,62875
19.03.2024;16:00;40,72
19.03.2024;16:15;41,47625
19.03.2024;16:30;42,2325
19.03.2024;16:45;42,988749999999996
19.03.2024;17:00;43,745
19.03.2024;17:15;44,431749999999994
19.03.2024;17:30;45,1185
19.03.2024;17:45;45,80525
19.03.2024;18:00;46,492
19.03.2024;18:15;46,430499999999995
19.03.2024;18:30;46,369
19.03.2024;18:45;46,307500000000005
19.03.2024;19:00;46,246
19.03.2024;19:15;45,772000000000006
19.03.2024;19:30;45,298
19.03.2024;19:45;44,824
19.03.2024;20:00;44,35
19.03.2024;20:15;43,825500000000005
19.03.2024;20:30;43,301
19.03.2024;20:45;42,7765
19.03.2024;21:00;42,252
19.03.2024;21:15;42,069500000000005
19.03.2024;21:30;41,887
19.03.2024;21:45;41,704499999999996
19.03.2024;22:00;41,522
19.03.2024;22:15;41,3815
19.03.2024;22:30;41,241
19.03.2024;22:45;41,1005
19.03.2024;23:00;40,96
19.03.2024;23:15;40,957750000000004
19.03.2024;23:30;40,9555
19.03.2024;23:45;40,95325
20.03.2024;00:00;40,951
20.03.2024;00:15;40,88575
20.03.2024;00:30;40,820499999999996
20.03.2024;00:45;40,75525
20.03.2024;01:00;40,69
20.03.2024;01:15;40,7275
20.03.2024;01:30;40,765
20.03.2024;01:45;40,8025
20.03.2024;02:00;40,84
20.03.2024;02:15;40,86
20.03.2024;02:30;40,88
20.03.2024;02:45;40,900000000000006
20.03.2024;03:00;40,92
20.03.2024;03:15;40,9365
20.03.2024;03:30;40,953
20.03.2024;03:45;40,9695
20.03.2024;04:00;40,986
20.03.2024;04:15;41,0995
20.03.2024;04:30;41,212999999999994
20.03.2024;04:45;41,326499999999996
20.03.2024;05:00;41,44
20.03.2024;05:15;42,317499999999995
20.03.2024;05:30;43,195
20.03.2024;05:45;44,072500000000005
20.03.2024;06:00;44,95
20.03.2024;06:15;44,956
20.03.2024;06:30;44,962
20.03.2024;06:45;44,967999999999996
20.03.2024;07:00;44,974
20.03.2024;07:15;44,52625
20.03.2024;07:30;44,0785
20.03.2024;07:45;43,63075
20.03.2024;08:00;43,183
20.03.2024;08:15;42,4905
20.03.2024;08:30;41,798
20.03.2024;08:45;41,1055
20.03.2024;09:00;40,413
20.03.2024;09:15;40,29725
20.03.2024;09:30;40,1815
20.03.2024;09:45;40,06575
20.03.2024;10:00;39,95
20.03.2024;10:15;39,93475
20.03.2024;10:30;39,9195
20.03.2024;10:45;39,904250000000005
20.03.2024;11:00;39,889
20.03.2024;11:15;39,790000000000006
20.03.2024;11:30;39,691
20.03.2024;11:45;39,592
20.03.2024;12:00;39,493
20.03.2024;12:15;39,556
20.03.2024;12:30;39,619
20.03.2024;12:45;39,682
20.03.2024;13:00;39,745
20.03.2024;13:15;39,754999999999995
20.03.2024;13:30;39,765
20.03.2024;13:45;39,775
20.03.2024;14:00;39,785
20.03.2024;14:15;39,94575
20.03.2024;14:30;40,1065
20.03.2024;14:45;40,26725
20.03.2024;15:00;40,428
20.03.2024;15:15;40,83525
20.03.2024;15:30;41,2425
20.03.2024;15:45;41,64975
20.03.2024;16:00;42,057
20.03.2024;16:15;42,87225
20.03.2024;16:30;43,6875
20.03.2024;16:45;44,50275
20.03.2024;17:00;45,318
20.03.2024;17:15;46,5395
20.03.2024;17:30;47,760999999999996
20.03.2024;17:45;48,9825
20.03.2024;18:00;50,204
20.03.2024;18:15;49,966750000000005
20.03.2024;18:30;49,7295
20.03.2024;18:45;49,49225
20.03.2024;19:00;49,255
20.03.2024;19:15;48,4025
20.03.2024;19:30;47,55
20.03.2024;19:45;46,6975
20.03.2024;20:00;45,845
20.03.2024;20:15;45,38425
20.03.2024;20:30;44,923500000000004
20.03.2024;20:45;44,46275
20.03.2024;21:00;44,002
20.03.2024;21:15;43,740750000000006
20.03.2024;21:30;43,4795
20.03.2024;21:45;43,21825
20.03.2024;22:00;42,957
20.03.2024;22:15;42,55475
20.03.2024;22:30;42,1525
20.03.2024;22:45;41,75025
20.03.2024;23:00;41,348
20.03.2024;23:15;41,253
20.03.2024;23:30;41,158
20.03.2024;23:45;41,063
21.03.2024;00:00;40,968
21.03.2024;00:15;40,89775
21.03.2024;00:30;40,8275
21.03.2024;00:45;40,75725
21.03.2024;01:00;40,687
21.03.2024;01:15;40,6415
21.03.2024;01:30;40,596000000000004
21.03.2024;01:45;40,5505
21.03.2024;02:00;40,505
21.03.2024;02:15;40,49925
21.03.2024;02:30;40,4935
21.03.2024;02:45;40,48775
21.03.2024;03:00;40,482
21.03.2024;03:15;40,474000000000004
21.03.2024;03:30;40,466
21.03.2024;03:45;40,458
21.03.2024;04:00;40,45
21.03.2024;04:15;40,512750000000004
21.03.2024;04:30;40,575500000000005
21.03.2024;04:45;40,63825
21.03.2024;05:00;40,701
21.03.2024;05:15;41,094750000000005
21.03.2024;05:30;41,4885
21.03.2024;05:45;41,88225
21.03.2024;06:00;42,276
21.03.2024;06:15;42,499750000000006
21.03.2024;06:30;42,7235
21.03.2024;06:45;42,94725
21.03.2024;07:00;43,171
21.03.2024;07:15;43,272999999999996
21.03.2024;07:30;43,375
21.03.2024;07:45;43,477000000000004
21.03.2024;08:00;43,579
21.03.2024;08:15;43,02175
21.03.2024;08:30;42,4645
21.03.2024;08:45;41,907250000000005
21.03.2024;09:00;41,35
21.03.2024;09:15;41,160250000000005
21.03.2024;09:30;40,9705
21.03.2024;09:45;40,78075
21.03.2024;10:00;40,591
21.03.2024;10:15;40,4815
21.03.2024;10:30;40,372
21.03.2024;10:45;40,2625
21.03.2024;11:00;40,153
21.03.2024;11:15;40,06825
21.03.2024;11:30;39,9835
21.03.2024;11:45;39,89875
21.03.2024;12:00;39,814
21.03.2024;12:15;39,697
21.03.2024;12:30;39,58
21.03.2024;12:45;39,462999999999994
21.03.2024;13:00;39,346
21.03.2024;13:15;39,518249999999995
21.03.2024;13:30;39,6905
21.03.2024;13:45;39,86275
21.03.2024;14:00;40,035
21.03.2024;14:15;40,02075
21.03.2024;14:30;40,0065
21.03.2024;14:45;39,99225
21.03.2024;15:00;39,978
21.03.2024;15:15;40,20275
21.03.2024;15:30;40,4275
21.03.2024;15:45;40,65225
21.03.2024;16:00;40,877
21.03.2024;16:15;41,51775
21.03.2024;16:30;42,158500000000004
21.03.2024;16:45;42,79925
21.03.2024;17:00;43,44
21.03.2024;17:15;44,095749999999995
21.03.2024;17:30;44,7515
21.03.2024;17:45;45,407250000000005
21.03.2024;18:00;46,063
21.03.2024;18:15;45,956
21.03.2024;18:30;45,849000000000004
21.03.2024;18:45;45,742
21.03.2024;19:00;45,635
21.03.2024;19:15;44,91475
21.03.2024;19:30;44,1945
21.03.2024;19:45;43,47425
21.03.2024;20:00;42,754
21.03.2024;20:15;42,393
21.03.2024;20:30;42,032
21.03.2024;20:45;41,671
21.03.2024;21:00;41,31
21.03.2024;21:15;41,257000000000005
21.03.2024;21:30;41,204
21.03.2024;21:45;41,150999999999996
21.03.2024;22:00;41,098
21.03.2024;22:15;40,94175
21.03.2024;22:30;40,7855
21.03.2024;22:45;40,62925
21.03.2024;23:00;40,473
21.03.2024;23:15;40,10075
21.03.2024;23:30;39,7285
21.03.2024;23:45;39,35625
22.03.2024;00:00;38,984
22.03.2024;00:15;38,8815
22.03.2024;00:30;38,778999999999996
22.03.2024;00:45;38,6765
22.03.2024;01:00;38,574
22.03.2024;01:15;38,51025
22.03.2024;01:30;38,4465
22.03.2024;01:45;38,38275
22.03.2024;02:00;38,319
22.03.2024;02:15;38,3725
22.03.2024;02:30;38,426
22.03.2024;02:45;38,4795
22.03.2024;03:00;38,533
22.03.2024;03:15;38,55725
22.03.2024;03:30;38,581500000000005
22.03.2024;03:45;38,60575
22.03.2024;04:00;38,63
22.03.2024;04:15;38,80725
22.03.2024;04:30;38,9845
22.03.2024;04:45;39,16175
22.03.2024;05:00;39,339
22.03.2024;05:15;39,69425
22.03.2024;05:30;40,049499999999995
22.03.2024;05:45;40,40475
22.03.2024;06:00;40,76
22.03.2024;06:15;40,59225
22.03.2024;06:30;40,424499999999995
22.03.2024;06:45;40,25675
22.03.2024;07:00;40,089
22.03.2024;07:15;40,1065
22.03.2024;07:30;40,123999999999995
22.03.2024;07:45;40,1415
22.03.2024;08:00;40,159
22.03.2024;08:15;39,86475
22.03.2024;08:30;39,570499999999996
22.03.2024;08:45;39,27625
22.03.2024;09:00;38,982
22.03.2024;09:15;38,86925
22.03.2024;09:30;38,7565
22.03.2024;09:45;38,64375
22.03.2024;10:00;38,531
22.03.2024;10:15;38,482
22.03.2024;10:30;38,433
22.03.2024;10:45;38,384
22.03.2024;11:00;38,335
22.03.2024;11:15;38,332750000000004
22.03.2024;11:30;38,3305
22.03.2024;11:45;38,32825
22.03.2024;12:00;38,326
22.03.2024;12:15;38,36925
22.03.2024;12:30;38,4125
22.03.2024;12:45;38,45575
22.03.2024;13:00;38,499
22.03.2024;13:15;38,5215
22.03.2024;13:30;38,544
22.03.2024;13:45;38,5665
22.03.2024;14:00;38,589
22.03.2024;14:15;38,7785
22.03.2024;14:30;38,968
22.03.2024;14:45;39,1575
22.03.2024;15:00;39,347
22.03.2024;15:15;39,7695
22.03.2024;15:30;40,192
22.03.2024;15:45;40,6145
22.03.2024;16:00;41,037
22.03.2024;16:15;41,339749999999995
22.03.2024;16:30;41,6425
22.03.2024;16:45;41,94525
22.03.2024;17:00;42,248
22.03.2024;17:15;43,06325
22.03.2024;17:30;43,8785
22.03.2024;17:45;44,69375
22.03.2024;18:00;45,509
22.03.2024;18:15;45,437
22.03.2024;18:30;45,364999999999995
22.03.2024;18:45;45,293
22.03.2024;19:00;45,221
22.03.2024;19:15;44,628249999999994
22.03.2024;19:30;44,0355
22.03.2024;19:45;43,442750000000004
22.03.2024;20:00;42,85
22.03.2024;20:15;42,53125
22.03.2024;20:30;42,212500000000006
22.03.2024;20:45;41,893750000000004
22.03.2024;21:00;41,575
22.03.2024;21:15;41,5225
22.03.2024;21:30;41,47
22.03.2024;21:45;41,417500000000004
22.03.2024;22:00;41,365
22.03.2024;22:15;41,298
22.03.2024;22:30;41,231
22.03.2024;22:45;41,164
22.03.2024;23:00;41,097
22.03.2024;23:15;41,1045
22.03.2024;23:30;41,112
22.03.2024;23:45;41,1195
23.03.2024;00:00;41,127
23.03.2024;00:15;40,9945
23.03.2024;00:30;40,862
23.03.2024;00:45;40,7295
23.03.2024;01:00;40,597
23.03.2024;01:15;40,43325
23.03.2024;01:30;40,2695
23.03.2024;01:45;40,10575
23.03.2024;02:00;39,942
23.03.2024;02:15;39,8935
23.03.2024;02:30;39,845
23.03.2024;02:45;39,796499999999995
23.03.2024;03:00;39,748
23.03.2024;03:15;39,6445
23.03.2024;03:30;39,541
23.03.2024;03:45;39,4375
23.03.2024;04:00;39,334
23.03.2024;04:15;39,374
23.03.2024;04:30;39,414
23.03.2024;04:45;39,454
23.03.2024;05:00;39,494
23.03.2024;05:15;39,4165
23.03.2024;05:30;39,339
23.03.2024;05:45;39,2615
23.03.2024;06:00;39,184
23.03.2024;06:15;39,046
23.03.2024;06:30;38,908
23.03.2024;06:45;38,769999999999996
23.03.2024;07:00;38,632
23.03.2024;07:15;38,2895
23.03.2024;07:30;37,947
23.03.2024;07:45;37,6045
23.03.2024;08:00;37,262
23.03.2024;08:15;36,614000000000004
23.03.2024;08:30;35,966
23.03.2024;08:45;35,318
23.03.2024;09:00;34,67
23.03.2024;09:15;34,3405
23.03.2024;09:30;34,010999999999996
23.03.2024;09:45;33,6815
23.03.2024;10:00;33,352
23.03.2024;10:15;33,350249999999996
23.03.2024;10:30;33,3485
23.03.2024;10:45;33,34675
23.03.2024;11:00;33,345
23.03.2024;11:15;33,29775
23.03.2024;11:30;33,2505
23.03.2024;11:45;33,20325
23.03.2024;12:00;33,156
23.03.2024;12:15;33,06175
23.03.2024;12:30;32,9675
23.03.2024;12:45;32,87325
23.03.2024;13:00;32,779
23.03.2024;13:15;32,7105
23.03.2024;13:30;32,642
23.03.2024;13:45;32,5735
23.03.2024;14:00;32,505
23.03.2024;14:15;32,67975
23.03.2024;14:30;32,8545
23.03.2024;14:45;33,029250000000005
23.03.2024;15:00;33,204
23.03.2024;15:15;33,24225
23.03.2024;15:30;33,2805
23.03.2024;15:45;33,31875
23.03.2024;16:00;33,357
23.03.2024;16:15;34,55025
23.03.2024;16:30;35,7435
23.03.2024;16:45;36,93675
23.03.2024;17:00;38,13
23.03.2024;17:15;38,687250000000006
23.03.2024;17:30;39,2445
23.03.2024;17:45;39,80175
23.03.2024;18:00;40,359
23.03.2024;18:15;40,3355
23.03.2024;18:30;40,312
23.03.2024;18:45;40,2885
23.03.2024;19:00;40,265
23.03.2024;19:15;39,85975
23.03.2024;19:30;39,454499999999996
23.03.2024;19:45;39,04925
23.03.2024;20:00;38,644
23.03.2024;20:15;38,466499999999996
23.03.2024;20:30;38,289
23.03.2024;20:45;38,1115
23.03.2024;21:00;37,934
23.03.2024;21:15;37,795
23.03.2024;21:30;37,656
23.03.2024;21:45;37,516999999999996
23.03.2024;22:00;37,378
23.03.2024;22:15;37,08075
23.03.2024;22:30;36,783500000000004
23.03.2024;22:45;36,48625
23.03.2024;23:00;36,189
23.03.2024;23:15;36,28175
23.03.2024;23:30;36,3745
23.03.2024;23:45;36,46725
24.03.2024;00:00;36,56
24.03.2024;00:15;36,0895
24.03.2024;00:30;35,619
24.03.2024;00:45;35,1485
24.03.2024;01:00;34,678
24.03.2024;01:15;34,59925
24.03.2024;01:30;34,5205
24.03.2024;01:45;34,44175
24.03.2024;02:00;34,363
24.03.2024;02:15;34,53475
24.03.2024;02:30;34,7065
24.03.2024;02:45;34,878249999999994
24.03.2024;03:00;35,05
24.03.2024;03:15;35,123
24.03.2024;03:30;35,196
24.03.2024;03:45;35,269
24.03.2024;04:00;35,342
24.03.2024;04:15;35,5145
24.03.2024;04:30;35,687
24.03.2024;04:45;35,8595
24.03.2024;05:00;36,032
24.03.2024;05:15;35,73325
24.03.2024;05:30;35,4345
24.03.2024;05:45;35,13575
24.03.2024;06:00;34,837
24.03.2024;06:15;34,514250000000004
24.03.2024;06:30;34,191500000000005
24.03.2024;06:45;33,86875
24.03.2024;07:00;33,546
24.03.2024;07:15;33,497
24.03.2024;07:30;33,448
24.03.2024;07:45;33,399
24.03.2024;08:00;33,35
24.03.2024;08:15;33,35
24.03.2024;08:30;33,35
24.03.2024;08:45;33,35
24.03.2024;09:00;33,35
24.03.2024;09:15;33,35
24.03.2024;09:30;33,35
24.03.2024;09:45;33,35
24.03.2024;10:00;33,35
24.03.2024;10:15;33,35
24.03.2024;10:30;33,35
24.03.2024;10:45;33,35
24.03.2024;11:00;33,35
24.03.2024;11:15;33,35
24.03.2024;11:30;33,35
24.03.2024;11:45;33,35
24.03.2024;12:00;33,35
24.03.2024;12:15;33,35
24.03.2024;12:30;33,35
24.03.2024;12:45;33,35
24.03.2024;13:00;33,35
24.03.2024;13:15;33,35
24.03.2024;13:30;33,35
24.03.2024;13:45;33,35
24.03.2024;14:00;33,35
24.03.2024;14:15;33,35
24.03.2024;14:30;33,35
24.03.2024;14:45;33,35
24.03.2024;15:00;33,35
24.03.2024;15:15;33,767250000000004
24.03.2024;15:30;34,1845
24.03.2024;15:45;34,601749999999996
24.03.2024;16:00;35,019
24.03.2024;16:15;36,086749999999995
24.03.2024;16:30;37,1545
24.03.2024;16:45;38,22225
24.03.2024;17:00;39,29
24.03.2024;17:15;39,68
24.03.2024;17:30;40,07
24.03.2024;17:45;40,46
24.03.2024;18:00;40,85
24.03.2024;18:15;40,847500000000004
24.03.2024;18:30;40,845
24.03.2024;18:45;40,8425
24.03.2024;19:00;40,84
24.03.2024;19:15;40,64
24.03.2024;19:30;40,44
24.03.2024;19:45;40,24
24.03.2024;20:00;40,04
24.03.2024;20:15;39,98675
24.03.2024;20:30;39,933499999999995
24.03.2024;20:45;39,88025
24.03.2024;21:00;39,827
24.03.2024;21:15;39,814499999999995
24.03.2024;21:30;39,802
24.03.2024;21:45;39,789500000000004
24.03.2024;22:00;39,777
24.03.2024;22:15;39,7445
24.03.2024;22:30;39,712
24.03.2024;22:45;39,6795
24.03.2024;23:00;39,647
24.03.2024;23:15;39,6355
24.03.2024;23:30;39,623999999999995
24.03.2024;23:45;39,6125
25.03.2024;00:00;39,601
25.03.2024;00:15;39,5955
25.03.2024;00:30;39,59
25.03.2024;00:45;39,5845
25.03.2024;01:00;39,579
25.03.2024;01:15;39,58375
25.03.2024;01:30;39,588499999999996
25.03.2024;01:45;39,59325
25.03.2024;02:00;39,598
25.03.2024;02:15;39,64875
25.03.2024;02:30;39,6995
25.03.2024;02:45;39,75025
25.03.2024;03:00;39,801
25.03.2024;03:15;39,86225
25.03.2024;03:30;39,923500000000004
25.03.2024;03:45;39,98475
25.03.2024;04:00;40,046
25.03.2024;04:15;40,3005
25.03.2024;04:30;40,555
25.03.2024;04:45;40,8095
25.03.2024;05:00;41,064
25.03.2024;05:15;41,34625
25.03.2024;05:30;41,6285
25.03.2024;05:45;41,91075
25.03.2024;06:00;42,193
25.03.2024;06:15;42,829
25.03.2024;06:30;43,465
25.03.2024;06:45;44,101
25.03.2024;07:00;44,737
25.03.2024;07:15;44,38225
25.03.2024;07:30;44,0275
25.03.2024;07:45;43,67275
25.03.2024;08:00;43,318
25.03.2024;08:15;42,76175
25.03.2024;08:30;42,2055
25.03.2024;08:45;41,64925
25.03.2024;09:00;41,093
25.03.2024;09:15;40,908500000000004
25.03.2024;09:30;40,724000000000004
25.03.2024;09:45;40,5395
25.03.2024;10:00;40,355
25.03.2024;10:15;40,19525
25.03.2024;10:30;40,0355
25.03.2024;10:45;39,87575
25.03.2024;11:00;39,716
25.03.2024;11:15;39,67075
25.03.2024;11:30;39,6255
25.03.2024;11:45;39,58025
25.03.2024;12:00;39,535
25.03.2024;12:15;39,56925
25.03.2024;12:30;39,6035
25.03.2024;12:45;39,63775
25.03.2024;13:00;39,672
25.03.2024;13:15;39,704499999999996
25.03.2024;13:30;39,736999999999995
25.03.2024;13:45;39,7695
25.03.2024;14:00;39,802
25.03.2024;14:15;40,03825
25.03.2024;14:30;40,2745
25.03.2024;14:45;40,51075
25.03.2024;15:00;40,747
25.03.2024;15:15;40,924
25.03.2024;15:30;41,101
25.03.2024;15:45;41,278
25.03.2024;16:00;41,455
25.03.2024;16:15;42,22575
25.03.2024;16:30;42,9965
25.03.2024;16:45;43,76725
25.03.2024;17:00;44,538
25.03.2024;17:15;46,1085
25.03.2024;17:30;47,679
25.03.2024;17:45;49,2495
25.03.2024;18:00;50,82
25.03.2024;18:15;50,19625
25.03.2024;18:30;49,572500000000005
25.03.2024;18:45;48,948750000000004
25.03.2024;19:00;48,325
25.03.2024;19:15;47,1495
25.03.2024;19:30;45,974000000000004
25.03.2024;19:45;44,7985
25.03.2024;20:00;43,623
25.03.2024;20:15;43,1145
25.03.2024;20:30;42,605999999999995
25.03.2024;20:45;42,0975
25.03.2024;21:00;41,589
25.03.2024;21:15;61,02925
25.03.2024;21:30;80,4695
25.03.2024;21:45;99,90975
25.03.2024;22:00;119,35
25.03.2024;22:15;99,71849999999999
25.03.2024;22:30;80,08699999999999
25.03.2024;22:45;60,4555
25.03.2024;23:00;40,824
25.03.2024;23:15;40,953
25.03.2024;23:30;41,082
25.03.2024;23:45;41,211
26.03.2024;00:00;41,34
26.03.2024;00:15;41,175000000000004
26.03.2024;00:30;41,010000000000005
26.03.2024;00:45;40,845
26.03.2024;01:00;40,68
26.03.2024;01:15;40,57025
26.03.2024;01:30;40,460499999999996
26.03.2024;01:45;40,35075
26.03.2024;02:00;40,241
26.03.2024;02:15;40,21775
26.03.2024;02:30;40,194500000000005
26.03.2024;02:45;40,17125
26.03.2024;03:00;40,148
26.03.2024;03:15;40,200250000000004
26.03.2024;03:30;40,2525
26.03.2024;03:45;40,30475
26.03.2024;04:00;40,357
26.03.2024;04:15;40,41225
26.03.2024;04:30;40,4675
26.03.2024;04:45;40,52275
26.03.2024;05:00;40,578
26.03.2024;05:15;40,7805
26.03.2024;05:30;40,983000000000004
26.03.2024;05:45;41,1855
26.03.2024;06:00;41,388
26.03.2024;06:15;41,3585
26.03.2024;06:30;41,329
26.03.2024;06:45;41,2995
26.03.2024;07:00;41,27
26.03.2024;07:15;41,0925
26.03.2024;07:30;40,915000000000006
26.03.2024;07:45;40,737500000000004
26.03.2024;08:00;40,56
26.03.2024;08:15;40,307500000000005
26.03.2024;08:30;40,055
26.03.2024;08:45;39,802499999999995
26.03.2024;09:00;39,55
26.03.2024;09:15;39,2375
26.03.2024;09:30;38,925
26.03.2024;09:45;38,6125
26.03.2024;10:00;38,3
26.03.2024;10:15;37,988249999999994
26.03.2024;10:30;37,6765
26.03.2024;10:45;37,36475
26.03.2024;11:00;37,053
26.03.2024;11:15;36,4145
26.03.2024;11:30;35,775999999999996
26.03.2024;11:45;35,1375
26.03.2024;12:00;34,499
26.03.2024;12:15;34,8955
26.03.2024;12:30;35,292
26.03.2024;12:45;35,688500000000005
26.03.2024;13:00;36,085
26.03.2024;13:15;36,32875
26.03.2024;13:30;36,572500000000005
26.03.2024;13:45;36,816250000000004
26.03.2024;14:00;37,06
26.03.2024;14:15;37,43075
26.03.2024;14:30;37,801500000000004
26.03.2024;14:45;38,17225
26.03.2024;15:00;38,543
26.03.2024;15:15;38,94625
26.03.2024;15:30;39,3495
26.03.2024;15:45;39,75275
26.03.2024;16:00;40,156
26.03.2024;16:15;40,48075
26.03.2024;16:30;40,805499999999995
26.03.2024;16:45;41,13025
26.03.2024;17:00;41,455
26.03.2024;17:15;41,9475
26.03.2024;17:30;42,44
26.03.2024;17:45;42,9325
26.03.2024;18:00;43,425
26.03.2024;18:15;43,41375
26.03.2024;18:30;43,4025
26.03.2024;18:45;43,39125
26.03.2024;19:00;43,38
26.03.2024;19:15;42,8725
26.03.2024;19:30;42,365
26.03.2024;19:45;41,8575
26.03.2024;20:00;41,35
26.03.2024;20:15;41,276250000000005
26.03.2024;20:30;41,2025
26.03.2024;20:45;41,12875
26.03.2024;21:00;41,055
26.03.2024;21:15;40,94925
26.03.2024;21:30;40,8435
26.03.2024;21:45;40,73775
26.03.2024;22:00;40,632
26.03.2024;22:15;40,4845
26.03.2024;22:30;40,337
26.03.2024;22:45;40,1895
26.03.2024;23:00;40,042
26.03.2024;23:15;39,82775
26.03.2024;23:30;39,6135
26.03.2024;23:45;39,39925
27.03.2024;00:00;39,185
27.03.2024;00:15;39,1535
27.03.2024;00:30;39,122
27.03.2024;00:45;39,0905
27.03.2024;01:00;39,059
27.03.2024;01:15;39,06375
27.03.2024;01:30;39,0685
27.03.2024;01:45;39,07325
27.03.2024;02:00;39,078
27.03.2024;02:15;39,09075
27.03.2024;02:30;39,1035
27.03.2024;02:45;39,11625
27.03.2024;03:00;39,129
27.03.2024;03:15;39,185
27.03.2024;03:30;39,241
27.03.2024;03:45;39,297
27.03.2024;04:00;39,353
27.03.2024;04:15;39,66175
27.03.2024;04:30;39,9705
27.03.2024;04:45;40,279250000000005
27.03.2024;05:00;40,588
27.03.2024;05:15;40,80775
27.03.2024;05:30;41,0275
27.03.2024;05:45;41,24725
27.03.2024;06:00;41,467
27.03.2024;06:15;41,50725
27.03.2024;06:30;41,5475
27.03.2024;06:45;41,58775
27.03.2024;07:00;41,628
27.03.2024;07:15;41,55875
27.03.2024;07:30;41,4895
27.03.2024;07:45;41,420249999999996
27.03.2024;08:00;41,351
27.03.2024;08:15;41,05375
27.03.2024;08:30;40,7565
27.03.2024;08:45;40,45925
27.03.2024;09:00;40,162
27.03.2024;09:15;40,0565
27.03.2024;09:30;39,951
27.03.2024;09:45;39,8455
27.03.2024;10:00;39,74
27.03.2024;10:15;39,570750000000004
27.03.2024;10:30;39,4015
27.03.2024;10:45;39,23225
27.03.2024;11:00;39,063
27.03.2024;11:15;39,07625
27.03.2024;11:30;39,0895
27.03.2024;11:45;39,10275
27.03.2024;12:00;39,116
27.03.2024;12:15;39,1745
27.03.2024;12:30;39,233000000000004
27.03.2024;12:45;39,2915
27.03.2024;13:00;39,35
27.03.2024;13:15;39,545
27.03.2024;13:30;39,74
27.03.2024;13:45;39,935
27.03.2024;14:00;40,13
27.03.2024;14:15;40,40825
27.03.2024;14:30;40,6865
27.03.2024;14:45;40,96475
27.03.2024;15:00;41,243
27.03.2024;15:15;41,37325
27.03.2024;15:30;41,5035
27.03.2024;15:45;41,633750000000006
27.03.2024;16:00;41,764
27.03.2024;16:15;42,17375
27.03.2024;16:30;42,5835
27.03.2024;16:45;42,99325
27.03.2024;17:00;43,403
27.03.2024;17:15;44,038
27.03.2024;17:30;44,673
27.03.2024;17:45;45,308
27.03.2024;18:00;45,943
27.03.2024;18:15;45,768249999999995
27.03.2024;18:30;45,5935
27.03.2024;18:45;45,41875
27.03.2024;19:00;45,244
27.03.2024;19:15;44,756
27.03.2024;19:30;44,268
27.03.2024;19:45;43,78
27.03.2024;20:00;43,292
27.03.2024;20:15;42,91275
27.03.2024;20:30;42,533500000000004
27.03.2024;20:45;42,15425
27.03.2024;21:00;41,775
27.03.2024;21:15;41,74425
27.03.2024;21:30;41,713499999999996
27.03.2024;21:45;41,68275
27.03.2024;22:00;41,652
27.03.2024;22:15;41,43825
27.03.2024;22:30;41,2245
27.03.2024;22:45;41,01075
27.03.2024;23:00;40,797
27.03.2024;23:15;40,912499999999994
27.03.2024;23:30;41,028
27.03.2024;23:45;41,1435
28.03.2024;00:00;41,259
28.03.2024;00:15;41,09675
28.03.2024;00:30;40,9345
28.03.2024;00:45;40,77225
28.03.2024;01:00;40,61
28.03.2024;01:15;40,426
28.03.2024;01:30;40,242000000000004
28.03.2024;01:45;40,058
28.03.2024;02:00;39,874
28.03.2024;02:15;39,85325
28.03.2024;02:30;39,832499999999996
28.03.2024;02:45;39,811749999999996
28.03.2024;03:00;39,791
28.03.2024;03:15;39,848
28.03.2024;03:30;39,905
28.03.2024;03:45;39,961999999999996
28.03.2024;04:00;40,019
28.03.2024;04:15;40,14175
28.03.2024;04:30;40,2645
28.03.2024;04:45;40,387249999999995
28.03.2024;05:00;40,51
28.03.2024;05:15;40,77175
28.03.2024;05:30;41,033500000000004
28.03.2024;05:45;41,29525
28.03.2024;06:00;41,557
28.03.2024;06:15;41,585
28.03.2024;06:30;41,613
28.03.2024;06:45;41,641
28.03.2024;07:00;41,669
28.03.2024;07:15;41,612249999999996
28.03.2024;07:30;41,555499999999995
28.03.2024;07:45;41,49875
28.03.2024;08:00;41,442
28.03.2024;08:15;41,0
28.03.2024;08:30;40,558
28.03.2024;08:45;40,116
28.03.2024;09:00;39,674
28.03.2024;09:15;39,26975
28.03.2024;09:30;38,8655
28.03.2024;09:45;38,46125
28.03.2024;10:00;38,057
28.03.2024;10:15;37,80525
28.03.2024;10:30;37,5535
28.03.2024;10:45;37,30175
28.03.2024;11:00;37,05
28.03.2024;11:15;36,293499999999995
28.03.2024;11:30;35,537
28.03.2024;11:45;34,7805
28.03.2024;12:00;34,024
28.03.2024;12:15;33,85675
28.03.2024;12:30;33,689499999999995
28.03.2024;12:45;33,52225
28.03.2024;13:00;33,355
28.03.2024;13:15;33,354749999999996
28.03.2024;13:30;33,3545
28.03.2024;13:45;33,35425
28.03.2024;14:00;33,354
28.03.2024;14:15;33,5985
28.03.2024;14:30;33,843
28.03.2024;14:45;34,0875
28.03.2024;15:00;34,332
28.03.2024;15:15;34,91575
28.03.2024;15:30;35,4995
28.03.2024;15:45;36,08325
28.03.2024;16:00;36,667
28.03.2024;16:15;37,15575
28.03.2024;16:30;37,6445
28.03.2024;16:45;38,133250000000004
28.03.2024;17:00;38,622
28.03.2024;17:15;39,15325
28.03.2024;17:30;39,6845
28.03.2024;17:45;40,21575
28.03.2024;18:00;40,747
28.03.2024;18:15;40,656
28.03.2024;18:30;40,565
28.03.2024;18:45;40,474000000000004
28.03.2024;19:00;40,383
28.03.2024;19:15;40,188250000000004
28.03.2024;19:30;39,9935
28.03.2024;19:45;39,79875
28.03.2024;20:00;39,604
28.03.2024;20:15;39,33625
28.03.2024;20:30;39,0685
28.03.2024;20:45;38,80075
28.03.2024;21:00;38,533
28.03.2024;21:15;38,063500000000005
28.03.2024;21:30;37,594
28.03.2024;21:45;37,1245
28.03.2024;22:00;36,655
28.03.2024;22:15;36,45375
28.03.2024;22:30;36,2525
28.03.2024;22:45;36,05125
28.03.2024;23:00;35,85
28.03.2024;23:15;35,74
28.03.2024;23:30;35,629999999999995
28.03.2024;23:45;35,519999999999996
29.03.2024;00:00;35,41
29.03.2024;00:15;35,36575
29.03.2024;00:30;35,3215
29.03.2024;00:45;35,277249999999995
29.03.2024;01:00;35,233
29.03.2024;01:15;35,073
29.03.2024;01:30;34,913
29.03.2024;01:45;34,753
29.03.2024;02:00;34,593
29.03.2024;02:15;34,538250000000005
29.03.2024;02:30;34,48350000000001
29.03.2024;02:45;34,42875
29.03.2024;03:00;34,374
29.03.2024;03:15;34,43275
29.03.2024;03:30;34,4915
29.03.2024;03:45;34,550250000000005
29.03.2024;04:00;34,609
29.03.2024;04:15;34,65225
29.03.2024;04:30;34,695499999999996
29.03.2024;04:45;34,738749999999996
29.03.2024;05:00;34,782
29.03.2024;05:15;34,9745
29.03.2024;05:30;35,167
29.03.2024;05:45;35,3595
29.03.2024;06:00;35,552
29.03.2024;06:15;35,56125
29.03.2024;06:30;35,570499999999996
29.03.2024;06:45;35,57975
29.03.2024;07:00;35,589
29.03.2024;07:15;35,42775
29.03.2024;07:30;35,2665
29.03.2024;07:45;35,10525
29.03.2024;08:00;34,944
29.03.2024;08:15;34,8775
29.03.2024;08:30;34,811
29.03.2024;08:45;34,7445
29.03.2024;09:00;34,678
29.03.2024;09:15;34,768
29.03.2024;09:30;34,858
29.03.2024;09:45;34,94799999999999
29.03.2024;10:00;35,038
29.03.2024;10:15;35,086749999999995
29.03.2024;10:30;35,13549999999999
29.03.2024;10:45;35,18425
29.03.2024;11:00;35,233
29.03.2024;11:15;35,08725
29.03.2024;11:30;34,9415
29.03.2024;11:45;34,79575
29.03.2024;12:00;34,65
29.03.2024;12:15;34,5715
29.03.2024;12:30;34,492999999999995
29.03.2024;12:45;34,4145
29.03.2024;13:00;34,336
29.03.2024;13:15;34,4255
29.03.2024;13:30;34,515
29.03.2024;13:45;34,6045
29.03.2024;14:00;34,694
29.03.2024;14:15;34,8975
29.03.2024;14:30;35,101
29.03.2024;14:45;35,304500000000004
29.03.2024;15:00;35,508
29.03.2024;15:15;36,206
29.03.2024;15:30;36,903999999999996
29.03.2024;15:45;37,602
29.03.2024;16:00;38,3
29.03.2024;16:15;39,06075
29.03.2024;16:30;39,8215
29.03.2024;16:45;40,58225
29.03.2024;17:00;41,343
29.03.2024;17:15;41,894000000000005
29.03.2024;17:30;42,445
29.03.2024;17:45;42,995999999999995
29.03.2024;18:00;43,547
29.03.2024;18:15;43,634
29.03.2024;18:30;43,721000000000004
29.03.2024;18:45;43,808
29.03.2024;19:00;43,895
29.03.2024;19:15;43,44375
29.03.2024;19:30;42,99250000000001
29.03.2024;19:45;42,541250000000005
29.03.2024;20:00;42,09
29.03.2024;20:15;41,90325
29.03.2024;20:30;41,7165
29.03.2024;20:45;41,52975000000001
29.03.2024;21:00;41,343
29.03.2024;21:15;41,242000000000004
29.03.2024;21:30;41,141000000000005
29.03.2024;21:45;41,04
29.03.2024;22:00;40,939
29.03.2024;22:15;40,79175
29.03.2024;22:30;40,6445
29.03.2024;22:45;40,49725
29.03.2024;23:00;40,35
29.03.2024;23:15;40,3325
29.03.2024;23:30;40,315
29.03.2024;23:45;40,2975
30.03.2024;00:00;40,28
30.03.2024;00:15;40,0015
30.03.2024;00:30;39,723
30.03.2024;00:45;39,4445
30.03.2024;01:00;39,166
30.03.2024;01:15;39,184
30.03.2024;01:30;39,202
30.03.2024;01:45;39,22
30.03.2024;02:00;39,238
30.03.2024;02:15;39,23975
30.03.2024;02:30;39,2415
30.03.2024;02:45;39,243249999999996
30.03.2024;03:00;39,245
30.03.2024;03:15;39,251999999999995
30.03.2024;03:30;39,259
30.03.2024;03:45;39,266000000000005
30.03.2024;04:00;39,273
30.03.2024;04:15;39,4185
30.03.2024;04:30;39,564
30.03.2024;04:45;39,7095
30.03.2024;05:00;39,855
30.03.2024;05:15;39,693
30.03.2024;05:30;39,531
30.03.2024;05:45;39,369
30.03.2024;06:00;39,207
30.03.2024;06:15;38,9375
30.03.2024;06:30;38,668
30.03.2024;06:45;38,3985
30.03.2024;07:00;38,129
30.03.2024;07:15;38,065
30.03.2024;07:30;38,001
30.03.2024;07:45;37,937
30.03.2024;08:00;37,873
30.03.2024;08:15;37,82675
30.03.2024;08:30;37,7805
30.03.2024;08:45;37,73425
30.03.2024;09:00;37,688
30.03.2024;09:15;37,46575
30.03.2024;09:30;37,2435
30.03.2024;09:45;37,02125
30.03.2024;10:00;36,799
30.03.2024;10:15;36,516999999999996
30.03.2024;10:30;36,235
30.03.2024;10:45;35,953
30.03.2024;11:00;35,671
30.03.2024;11:15;35,45975
30.03.2024;11:30;35,2485
30.03.2024;11:45;35,03725
30.03.2024;12:00;34,826
30.03.2024;12:15;34,62825
30.03.2024;12:30;34,430499999999995
30.03.2024;12:45;34,232749999999996
30.03.2024;13:00;34,035
30.03.2024;13:15;34,26049999999999
30.03.2024;13:30;34,486
30.03.2024;13:45;34,7115
30.03.2024;14:00;34,937
30.03.2024;14:15;35,39525
30.03.2024;14:30;35,8535
30.03.2024;14:45;36,31175
30.03.2024;15:00;36,77
30.03.2024;15:15;37,228
30.03.2024;15:30;37,686
30.03.2024;15:45;38,144
30.03.2024;16:00;38,602
30.03.2024;16:15;39,232749999999996
30.03.2024;16:30;39,8635
30.03.2024;16:45;40,49425
30.03.2024;17:00;41,125
30.03.2024;17:15;41,384
30.03.2024;17:30;41,643
30.03.2024;17:45;41,902
30.03.2024;18:00;42,161
30.03.2024;18:15;42,0465
30.03.2024;18:30;41,932
30.03.2024;18:45;41,8175
30.03.2024;19:00;41,703
30.03.2024;19:15;41,4675
30.03.2024;19:30;41,232
30.03.2024;19:45;40,996500000000005
30.03.2024;20:00;40,761
30.03.2024;20:15;40,695
30.03.2024;20:30;40,629000000000005
30.03.2024;20:45;40,563
30.03.2024;21:00;40,497
30.03.2024;21:15;40,481
30.03.2024;21:30;40,465
30.03.2024;21:45;40,449
30.03.2024;22:00;40,433
30.03.2024;22:15;40,30575
30.03.2024;22:30;40,1785
30.03.2024;22:45;40,051249999999996
30.03.2024;23:00;39,924
30.03.2024;23:15;40,173
30.03.2024;23:30;40,422
30.03.2024;23:45;40,671
31.03.2024;00:00;40,92
31.03.2024;00:15;40,69525
31.03.2024;00:30;40,4705
31.03.2024;00:45;40,24575
31.03.2024;01:00;40,021
31.03.2024;01:15;39,97825
31.03.2024;01:30;39,935500000000005
31.03.2024;01:45;39,89275
31.03.2024;02:00;39,85
31.03.2024;02:15;39,8495
31.03.2024;02:30;39,849000000000004
31.03.2024;02:45;39,8485
31.03.2024;03:00;39,848
31.03.2024;03:15;39,7355
31.03.2024;03:30;39,623000000000005
31.03.2024;03:45;39,5105
31.03.2024;04:00;39,398
31.03.2024;04:15;39,3545
31.03.2024;04:30;39,311
31.03.2024;04:45;39,2675
31.03.2024;05:00;39,224
31.03.2024;05:15;39,367
31.03.2024;05:30;39,51
31.03.2024;05:45;39,653
31.03.2024;06:00;39,796
31.03.2024;06:15;39,97225
31.03.2024;06:30;40,1485
31.03.2024;06:45;40,324749999999995
31.03.2024;07:00;40,501
31.03.2024;07:15;40,339
31.03.2024;07:30;40,177
31.03.2024;07:45;40,015
31.03.2024;08:00;39,853
31.03.2024;08:15;39,48525
31.03.2024;08:30;39,1175
31.03.2024;08:45;38,74975
31.03.2024;09:00;38,382
31.03.2024;09:15;38,14975
31.03.2024;09:30;37,917500000000004
31.03.2024;09:45;37,68525
31.03.2024;10:00;37,453
31.03.2024;10:15;37,16525
31.03.2024;10:30;36,8775
31.03.2024;10:45;36,58975
31.03.2024;11:00;36,302
31.03.2024;11:15;36,060249999999996
31.03.2024;11:30;35,8185
31.03.2024;11:45;35,576750000000004
31.03.2024;12:00;35,335
31.03.2024;12:15;34,91525
31.03.2024;12:30;34,4955
31.03.2024;12:45;34,07575
31.03.2024;13:00;33,656
31.03.2024;13:15;33,60525
31.03.2024;13:30;33,554500000000004
31.03.2024;13:45;33,503750000000004
31.03.2024;14:00;33,453
31.03.2024;14:15;33,809000000000005
31.03.2024;14:30;34,165000000000006
31.03.2024;14:45;34,521
31.03.2024;15:00;34,877
31.03.2024;15:15;35,522000000000006
31.03.2024;15:30;36,167
31.03.2024;15:45;36,812
31.03.2024;16:00;37,457
31.03.2024;16:15;38,09875
31.03.2024;16:30;38,7405
31.03.2024;16:45;39,38225
31.03.2024;17:00;40,024
31.03.2024;17:15;40,588499999999996
31.03.2024;17:30;41,153
31.03.2024;17:45;41,7175
31.03.2024;18:00;42,282
31.03.2024;18:15;42,981249999999996
31.03.2024;18:30;43,680499999999995
31.03.2024;18:45;44,37975
31.03.2024;19:00;45,079
31.03.2024;19:15;44,23975
31.03.2024;19:30;43,4005
31.03.2024;19:45;42,56125
31.03.2024;20:00;41,722
31.03.2024;20:15;41,379000000000005
31.03.2024;20:30;41,036
31.03.2024;20:45;40,693
31.03.2024;21:00;40,35
31.03.2024;21:15;40,21275
31.03.2024;21:30;40,075500000000005
31.03.2024;21:45;39,938250000000004
31.03.2024;22:00;39,801
31.03.2024;22:15;39,56075
31.03.2024;22:30;39,3205
31.03.2024;22:45;39,08025000000001
31.03.2024;23:00;38,84
31.03.2024;23:15;38,71625
31.03.2024;23:30;38,5925
31.03.2024;23:45;38,46875
01.04.2024;00:00;38,345
01.04.2024;00:15;38,32075
01.04.2024;00:30;38,296499999999995
01.04.2024;00:45;38,27225
01.04.2024;01:00;38,248
01.04.2024;01:15;38,175
01.04.2024;01:30;38,102000000000004
01.04.2024;01:45;38,029
01.04.2024;02:00;37,956
01.04.2024;02:15;37,894000000000005
01.04.2024;02:30;37,832
01.04.2024;02:45;37,769999999999996
01.04.2024;03:00;37,708
01.04.2024;03:15;37,8535
01.04.2024;03:30;37,998999999999995
01.04.2024;03:45;38,1445
01.04.2024;04:00;38,29
01.04.2024;04:15;38,363749999999996
01.04.2024;04:30;38,4375
01.04.2024;04:45;38,511250000000004
01.04.2024;05:00;38,585
01.04.2024;05:15;38,744
01.04.2024;05:30;38,903
01.04.2024;05:45;39,062
01.04.2024;06:00;39,221
01.04.2024;06:15;39,3655
01.04.2024;06:30;39,51
01.04.2024;06:45;39,6545
01.04.2024;07:00;39,799
01.04.2024;07:15;39,6545
01.04.2024;07:30;39,51
01.04.2024;07:45;39,3655
01.04.2024;08:00;39,221
01.04.2024;08:15;39,275499999999994
01.04.2024;08:30;39,33
01.04.2024;08:45;39,3845
01.04.2024;09:00;39,439
01.04.2024;09:15;39,27575
01.04.2024;09:30;39,1125
01.04.2024;09:45;38,94925
01.04.2024;10:00;38,786
01.04.2024;10:15;38,31175
01.04.2024;10:30;37,837500000000006
01.04.2024;10:45;37,36325
01.04.2024;11:00;36,889
01.04.2024;11:15;36,33025000000001
01.04.2024;11:30;35,7715
01.04.2024;11:45;35,21275
01.04.2024;12:00;34,654
01.04.2024;12:15;34,32875
01.04.2024;12:30;34,0035
01.04.2024;12:45;33,678250000000006
01.04.2024;13:00;33,353
01.04.2024;13:15;33,352000000000004
01.04.2024;13:30;33,351
01.04.2024;13:45;33,349999999999994
01.04.2024;14:00;33,349
01.04.2024;14:15;33,349
01.04.2024;14:30;33,349
01.04.2024;14:45;33,349
01.04.2024;15:00;33,349
01.04.2024;15:15;33,349
01.04.2024;15:30;33,349
01.04.2024;15:45;33,349
01.04.2024;16:00;33,349
01.04.2024;16:15;33,494
01.04.2024;16:30;33,638999999999996
01.04.2024;16:45;33,784
01.04.2024;17:00;33,929
01.04.2024;17:15;34,8335
01.04.2024;17:30;35,738
01.04.2024;17:45;36,6425
01.04.2024;18:00;37,547
01.04.2024;18:15;37,711
01.04.2024;18:30;37,875
01.04.2024;18:45;38,039
01.04.2024;19:00;38,203
01.04.2024;19:15;38,23675
01.04.2024;19:30;38,2705
01.04.2024;19:45;38,30425
01.04.2024;20:00;38,338
01.04.2024;20:15;38,23325
01.04.2024;20:30;38,1285
01.04.2024;20:45;38,02375
01.04.2024;21:00;37,919
01.04.2024;21:15;37,426
01.04.2024;21:30;36,933
01.04.2024;21:45;36,44
01.04.2024;22:00;35,947
01.04.2024;22:15;35,484500000000004
01.04.2024;22:30;35,022000000000006
01.04.2024;22:45;34,5595
01.04.2024;23:00;34,097
01.04.2024;23:15;34,1095
01.04.2024;23:30;34,122
01.04.2024;23:45;34,1345
02.04.2024;00:00;34,147
02.04.2024;00:15;33,979749999999996
02.04.2024;00:30;33,8125
02.04.2024;00:45;33,645250000000004
02.04.2024;01:00;33,478
02.04.2024;01:15;33,46125
02.04.2024;01:30;33,444500000000005
02.04.2024;01:45;33,42775
02.04.2024;02:00;33,411
02.04.2024;02:15;33,417500000000004
02.04.2024;02:30;33,424
02.04.2024;02:45;33,430499999999995
02.04.2024;03:00;33,437
02.04.2024;03:15;33,46375
02.04.2024;03:30;33,4905
02.04.2024;03:45;33,51725
02.04.2024;04:00;33,544
02.04.2024;04:15;33,67725
02.04.2024;04:30;33,8105
02.04.2024;04:45;33,943749999999994
02.04.2024;05:00;34,077
02.04.2024;05:15;35,32575
02.04.2024;05:30;36,5745
02.04.2024;05:45;37,82325
02.04.2024;06:00;39,072
02.04.2024;06:15;39,5005
02.04.2024;06:30;39,929
02.04.2024;06:45;40,3575
02.04.2024;07:00;40,786
02.04.2024;07:15;40,65025
02.04.2024;07:30;40,5145
02.04.2024;07:45;40,378750000000004
02.04.2024;08:00;40,243
02.04.2024;08:15;39,694250000000004
02.04.2024;08:30;39,1455
02.04.2024;08:45;38,59675
02.04.2024;09:00;38,048
02.04.2024;09:15;36,94
02.04.2024;09:30;35,832
02.04.2024;09:45;34,724000000000004
02.04.2024;10:00;33,616
02.04.2024;10:15;33,548
02.04.2024;10:30;33,480000000000004
02.04.2024;10:45;33,412
02.04.2024;11:00;33,344
02.04.2024;11:15;33,31825
02.04.2024;11:30;33,292500000000004
02.04.2024;11:45;33,26675
02.04.2024;12:00;33,241
02.04.2024;12:15;33,244
02.04.2024;12:30;33,247
02.04.2024;12:45;33,25
02.04.2024;13:00;33,253
02.04.2024;13:15;33,2755
02.04.2024;13:30;33,298
02.04.2024;13:45;33,3205
02.04.2024;14:00;33,343
02.04.2024;14:15;33,344750000000005
02.04.2024;14:30;33,346500000000006
02.04.2024;14:45;33,34825
02.04.2024;15:00;33,35
02.04.2024;15:15;33,457750000000004
02.04.2024;15:30;33,5655
02.04.2024;15:45;33,673249999999996
02.04.2024;16:00;33,781
02.04.2024;16:15;34,70975
02.04.2024;16:30;35,6385
02.04.2024;16:45;36,56725
02.04.2024;17:00;37,496
02.04.2024;17:15;38,277
02.04.2024;17:30;39,058
02.04.2024;17:45;39,839
02.04.2024;18:00;40,62
02.04.2024;18:15;41,18725
02.04.2024;18:30;41,7545
02.04.2024;18:45;42,32175
02.04.2024;19:00;42,889
02.04.2024;19:15;42,87625
02.04.2024;19:30;42,8635
02.04.2024;19:45;42,850750000000005
02.04.2024;20:00;42,838
02.04.2024;20:15;42,41925
02.04.2024;20:30;42,0005
02.04.2024;20:45;41,58175
02.04.2024;21:00;41,163
02.04.2024;21:15;41,08125
02.04.2024;21:30;40,9995
02.04.2024;21:45;40,91775
02.04.2024;22:00;40,836
02.04.2024;22:15;40,7365
02.04.2024;22:30;40,637
02.04.2024;22:45;40,5375
02.04.2024;23:00;40,438
02.04.2024;23:15;40,51925
02.04.2024;23:30;40,6005
02.04.2024;23:45;40,68175
03.04.2024;00:00;40,763
03.04.2024;00:15;40,7035
03.04.2024;00:30;40,644
03.04.2024;00:45;40,5845
03.04.2024;01:00;40,525
03.04.2024;01:15;40,4825
03.04.2024;01:30;40,44
03.04.2024;01:45;40,397499999999994
03.04.2024;02:00;40,355
03.04.2024;02:15;40,4165
03.04.2024;02:30;40,477999999999994
03.04.2024;02:45;40,5395
03.04.2024;03:00;40,601
03.04.2024;03:15;40,59675
03.04.2024;03:30;40,5925
03.04.2024;03:45;40,58825
03.04.2024;04:00;40,584
03.04.2024;04:15;40,74325
03.04.2024;04:30;40,9025
03.04.2024;04:45;41,061749999999996
03.04.2024;05:00;41,221
03.04.2024;05:15;41,626
03.04.2024;05:30;42,031
03.04.2024;05:45;42,436
03.04.2024;06:00;42,841
03.04.2024;06:15;43,4165
03.04.2024;06:30;43,992000000000004
03.04.2024;06:45;44,5675
03.04.2024;07:00;45,143
03.04.2024;07:15;45,143
03.04.2024;07:30;45,143
03.04.2024;07:45;45,143
03.04.2024;08:00;45,143
03.04.2024;08:15;44,71925
03.04.2024;08:30;44,295500000000004
03.04.2024;08:45;43,87175
03.04.2024;09:00;43,448
03.04.2024;09:15;43,60725
03.04.2024;09:30;43,7665
03.04.2024;09:45;43,92575
03.04.2024;10:00;44,085
03.04.2024;10:15;43,6715
03.04.2024;10:30;43,257999999999996
03.04.2024;10:45;42,8445
03.04.2024;11:00;42,431
03.04.2024;11:15;42,2115
03.04.2024;11:30;41,992
03.04.2024;11:45;41,772499999999994
03.04.2024;12:00;41,553
03.04.2024;12:15;41,42425
03.04.2024;12:30;41,2955
03.04.2024;12:45;41,16674999999999
03.04.2024;13:00;41,038
03.04.2024;13:15;40,942
03.04.2024;13:30;40,846000000000004
03.04.2024;13:45;40,75
03.04.2024;14:00;40,654
03.04.2024;14:15;40,65475
03.04.2024;14:30;40,6555
03.04.2024;14:45;40,65625
03.04.2024;15:00;40,657
03.04.2024;15:15;40,747749999999996
03.04.2024;15:30;40,838499999999996
03.04.2024;15:45;40,92925
03.04.2024;16:00;41,02
03.04.2024;16:15;41,4135
03.04.2024;16:30;41,807
03.04.2024;16:45;42,200500000000005
03.04.2024;17:00;42,594
03.04.2024;17:15;42,9865
03.04.2024;17:30;43,379000000000005
03.04.2024;17:45;43,7715
03.04.2024;18:00;44,164
03.04.2024;18:15;44,543
03.04.2024;18:30;44,922
03.04.2024;18:45;45,301
03.04.2024;19:00;45,68
03.04.2024;19:15;45,137
03.04.2024;19:30;44,594
03.04.2024;19:45;44,051
03.04.2024;20:00;43,508
03.04.2024;20:15;42,99275
03.04.2024;20:30;42,477500000000006
03.04.2024;20:45;41,962250000000004
03.04.2024;21:00;41,447
03.04.2024;21:15;41,310500000000005
03.04.2024;21:30;41,17400000000001
03.04.2024;21:45;41,0375
03.04.2024;22:00;40,901
03.04.2024;22:15;40,6105
03.04.2024;22:30;40,32
03.04.2024;22:45;40,0295
03.04.2024;23:00;39,739
03.04.2024;23:15;39,50475
03.04.2024;23:30;39,2705
03.04.2024;23:45;39,036249999999995
04.04.2024;00:00;38,802
04.04.2024;00:15;38,73925
04.04.2024;00:30;38,676500000000004
04.04.2024;00:45;38,61375
04.04.2024;01:00;38,551
04.04.2024;01:15;38,505
04.04.2024;01:30;38,459
04.04.2024;01:45;38,413
04.04.2024;02:00;38,367
04.04.2024;02:15;38,402
04.04.2024;02:30;38,437
04.04.2024;02:45;38,471999999999994
04.04.2024;03:00;38,507
04.04.2024;03:15;38,51625
04.04.2024;03:30;38,525499999999994
04.04.2024;03:45;38,534749999999995
04.04.2024;04:00;38,544
04.04.2024;04:15;38,623
04.04.2024;04:30;38,702
04.04.2024;04:45;38,781
04.04.2024;05:00;38,86
04.04.2024;05:15;39,1705
04.04.2024;05:30;39,480999999999995
04.04.2024;05:45;39,7915
04.04.2024;06:00;40,102
04.04.2024;06:15;40,393
04.04.2024;06:30;40,684
04.04.2024;06:45;40,974999999999994
04.04.2024;07:00;41,266
04.04.2024;07:15;41,216499999999996
04.04.2024;07:30;41,167
04.04.2024;07:45;41,1175
04.04.2024;08:00;41,068
04.04.2024;08:15;40,937
04.04.2024;08:30;40,806
04.04.2024;08:45;40,675
04.04.2024;09:00;40,544
04.04.2024;09:15;40,48175
04.04.2024;09:30;40,4195
04.04.2024;09:45;40,35725
04.04.2024;10:00;40,295
04.04.2024;10:15;40,13525
04.04.2024;10:30;39,9755
04.04.2024;10:45;39,81575
04.04.2024;11:00;39,656
04.04.2024;11:15;39,5315
04.04.2024;11:30;39,407
04.04.2024;11:45;39,2825
04.04.2024;12:00;39,158
04.04.2024;12:15;39,1115
04.04.2024;12:30;39,065
04.04.2024;12:45;39,0185
04.04.2024;13:00;38,972
04.04.2024;13:15;38,95375
04.04.2024;13:30;38,935500000000005
04.04.2024;13:45;38,91725
04.04.2024;14:00;38,899
04.04.2024;14:15;38,916
04.04.2024;14:30;38,933
04.04.2024;14:45;38,95
04.04.2024;15:00;38,967
04.04.2024;15:15;38,98975
04.04.2024;15:30;39,0125
04.04.2024;15:45;39,03525
04.04.2024;16:00;39,058
04.04.2024;16:15;39,358000000000004
04.04.2024;16:30;39,658
04.04.2024;16:45;39,958
04.04.2024;17:00;40,258
04.04.2024;17:15;40,415000000000006
04.04.2024;17:30;40,572
04.04.2024;17:45;40,729
04.04.2024;18:00;40,886
04.04.2024;18:15;41,2685
04.04.2024;18:30;41,650999999999996
04.04.2024;18:45;42,0335
04.04.2024;19:00;42,416
04.04.2024;19:15;42,164
04.04.2024;19:30;41,912
04.04.2024;19:45;41,66
04.04.2024;20:00;41,408
04.04.2024;20:15;41,225750000000005
04.04.2024;20:30;41,0435
04.04.2024;20:45;40,86125
04.04.2024;21:00;40,679
04.04.2024;21:15;40,6335
04.04.2024;21:30;40,588
04.04.2024;21:45;40,542500000000004
04.04.2024;22:00;40,497
04.04.2024;22:15;40,2485
04.04.2024;22:30;40,0
04.04.2024;22:45;39,7515
04.04.2024;23:00;39,503
04.04.2024;23:15;39,53275
04.04.2024;23:30;39,5625
04.04.2024;23:45;39,59225
05.04.2024;00:00;39,622
05.04.2024;00:15;39,531
05.04.2024;00:30;39,44
05.04.2024;00:45;39,349000000000004
05.04.2024;01:00;39,258
05.04.2024;01:15;39,18
05.04.2024;01:30;39,102000000000004
05.04.2024;01:45;39,024
05.04.2024;02:00;38,946
05.04.2024;02:15;38,961749999999995
05.04.2024;02:30;38,9775
05.04.2024;02:45;38,99325
05.04.2024;03:00;39,009
05.04.2024;03:15;38,94175
05.04.2024;03:30;38,8745
05.04.2024;03:45;38,80725
05.04.2024;04:00;38,74
05.04.2024;04:15;38,955
05.04.2024;04:30;39,17
05.04.2024;04:45;39,385000000000005
05.04.2024;05:00;39,6
05.04.2024;05:15;39,94475
05.04.2024;05:30;40,289500000000004
05.04.2024;05:45;40,63425
05.04.2024;06:00;40,979
05.04.2024;06:15;41,17775
05.04.2024;06:30;41,3765
05.04.2024;06:45;41,57525
05.04.2024;07:00;41,774
05.04.2024;07:15;41,693
05.04.2024;07:30;41,612
05.04.2024;07:45;41,531000000000006
05.04.2024;08:00;41,45
05.04.2024;08:15;41,11475
05.04.2024;08:30;40,7795
05.04.2024;08:45;40,444250000000004
05.04.2024;09:00;40,109
05.04.2024;09:15;39,68175
05.04.2024;09:30;39,2545
05.04.2024;09:45;38,82725
05.04.2024;10:00;38,4
05.04.2024;10:15;37,78675
05.04.2024;10:30;37,173500000000004
05.04.2024;10:45;36,56025
05.04.2024;11:00;35,947
05.04.2024;11:15;35,52675
05.04.2024;11:30;35,1065
05.04.2024;11:45;34,68625
05.04.2024;12:00;34,266
05.04.2024;12:15;34,037
05.04.2024;12:30;33,808
05.04.2024;12:45;33,579
05.04.2024;13:00;33,35
05.04.2024;13:15;33,347500000000004
05.04.2024;13:30;33,345
05.04.2024;13:45;33,3425
05.04.2024;14:00;33,34
05.04.2024;14:15;33,34375
05.04.2024;14:30;33,3475
05.04.2024;14:45;33,35125
05.04.2024;15:00;33,355
05.04.2024;15:15;33,556
05.04.2024;15:30;33,757
05.04.2024;15:45;33,958
05.04.2024;16:00;34,159
05.04.2024;16:15;34,893249999999995
05.04.2024;16:30;35,6275
05.04.2024;16:45;36,36175
05.04.2024;17:00;37,096
05.04.2024;17:15;37,400749999999995
05.04.2024;17:30;37,7055
05.04.2024;17:45;38,01025
05.04.2024;18:00;38,315
05.04.2024;18:15;38,47225
05.04.2024;18:30;38,6295
05.04.2024;18:45;38,78675
05.04.2024;19:00;38,944
05.04.2024;19:15;38,9365
05.04.2024;19:30;38,929
05.04.2024;19:45;38,9215
05.04.2024;20:00;38,914
05.04.2024;20:15;38,89075
05.04.2024;20:30;38,8675
05.04.2024;20:45;38,84425
05.04.2024;21:00;38,821
05.04.2024;21:15;38,8565
05.04.2024;21:30;38,891999999999996
05.04.2024;21:45;38,9275
05.04.2024;22:00;38,963
05.04.2024;22:15;38,9365
05.04.2024;22:30;38,91
05.04.2024;22:45;38,8835
05.04.2024;23:00;38,857
05.04.2024;23:15;38,557249999999996
05.04.2024;23:30;38,2575
05.04.2024;23:45;37,957750000000004
06.04.2024;00:00;37,658
06.04.2024;00:15;37,70625
06.04.2024;00:30;37,7545
06.04.2024;00:45;37,80275
06.04.2024;01:00;37,851
06.04.2024;01:15;37,897999999999996
06.04.2024;01:30;37,945
06.04.2024;01:45;37,992000000000004
06.04.2024;02:00;38,039
06.04.2024;02:15;38,05575
06.04.2024;02:30;38,072500000000005
06.04.2024;02:45;38,08925
06.04.2024;03:00;38,106
06.04.2024;03:15;38,18325
06.04.2024;03:30;38,2605
06.04.2024;03:45;38,33775
06.04.2024;04:00;38,415
06.04.2024;04:15;38,52075
06.04.2024;04:30;38,6265
06.04.2024;04:45;38,73225
06.04.2024;05:00;38,838
06.04.2024;05:15;38,93425
06.04.2024;05:30;39,0305
06.04.2024;05:45;39,12675
06.04.2024;06:00;39,223
06.04.2024;06:15;39,2515
06.04.2024;06:30;39,28
06.04.2024;06:45;39,3085
06.04.2024;07:00;39,337
06.04.2024;07:15;39,321250000000006
06.04.2024;07:30;39,3055
06.04.2024;07:45;39,28975
06.04.2024;08:00;39,274
06.04.2024;08:15;39,0165
06.04.2024;08:30;38,759
06.04.2024;08:45;38,5015
06.04.2024;09:00;38,244
06.04.2024;09:15;37,756
06.04.2024;09:30;37,268
06.04.2024;09:45;36,78
06.04.2024;10:00;36,292
06.04.2024;10:15;35,538250000000005
06.04.2024;10:30;34,7845
06.04.2024;10:45;34,03075
06.04.2024;11:00;33,277
06.04.2024;11:15;32,88525
06.04.2024;11:30;32,4935
06.04.2024;11:45;32,10175
06.04.2024;12:00;31,71
06.04.2024;12:15;30,622
06.04.2024;12:30;29,534
06.04.2024;12:45;28,446
06.04.2024;13:00;27,358
06.04.2024;13:15;27,41625
06.04.2024;13:30;27,4745
06.04.2024;13:45;27,53275
06.04.2024;14:00;27,591
06.04.2024;14:15;28,1655
06.04.2024;14:30;28,740000000000002
06.04.2024;14:45;29,3145
06.04.2024;15:00;29,889
06.04.2024;15:15;30,63775
06.04.2024;15:30;31,386499999999998
06.04.2024;15:45;32,13525
06.04.2024;16:00;32,884
06.04.2024;16:15;33,39575
06.04.2024;16:30;33,9075
06.04.2024;16:45;34,41925
06.04.2024;17:00;34,931
06.04.2024;17:15;36,22475
06.04.2024;17:30;37,5185
06.04.2024;17:45;38,81225
06.04.2024;18:00;40,106
06.04.2024;18:15;40,26675
06.04.2024;18:30;40,4275
06.04.2024;18:45;40,58825
06.04.2024;19:00;40,749
06.04.2024;19:15;40,615500000000004
06.04.2024;19:30;40,482
06.04.2024;19:45;40,3485
06.04.2024;20:00;40,215
06.04.2024;20:15;39,660250000000005
06.04.2024;20:30;39,105500000000006
06.04.2024;20:45;38,55075
06.04.2024;21:00;37,996
06.04.2024;21:15;37,96125
06.04.2024;21:30;37,926500000000004
06.04.2024;21:45;37,89175
06.04.2024;22:00;37,857
06.04.2024;22:15;37,377250000000004
06.04.2024;22:30;36,8975
06.04.2024;22:45;36,41775
06.04.2024;23:00;35,938
06.04.2024;23:15;35,565250000000006
06.04.2024;23:30;35,1925
06.04.2024;23:45;34,81975
07.04.2024;00:00;34,447
07.04.2024;00:15;34,175000000000004
07.04.2024;00:30;33,903000000000006
07.04.2024;00:45;33,631
07.04.2024;01:00;33,359
07.04.2024;01:15;33,356750000000005
07.04.2024;01:30;33,3545
07.04.2024;01:45;33,35225
07.04.2024;02:00;33,35
07.04.2024;02:15;33,35
07.04.2024;02:30;33,35
07.04.2024;02:45;33,35
07.04.2024;03:00;33,35
07.04.2024;03:15;33,35
07.04.2024;03:30;33,35
07.04.2024;03:45;33,35
07.04.2024;04:00;33,35
07.04.2024;04:15;33,35
07.04.2024;04:30;33,35
07.04.2024;04:45;33,35
07.04.2024;05:00;33,35
07.04.2024;05:15;33,35
07.04.2024;05:30;33,35
07.04.2024;05:45;33,35
07.04.2024;06:00;33,35
07.04.2024;06:15;33,35
07.04.2024;06:30;33,35
07.04.2024;06:45;33,35
07.04.2024;07:00;33,35
07.04.2024;07:15;33,35
07.04.2024;07:30;33,35
07.04.2024;07:45;33,35
07.04.2024;08:00;33,35
07.04.2024;08:15;33,34975
07.04.2024;08:30;33,3495
07.04.2024;08:45;33,34925
07.04.2024;09:00;33,349
07.04.2024;09:15;33,34525
07.04.2024;09:30;33,341499999999996
07.04.2024;09:45;33,33775
07.04.2024;10:00;33,334
07.04.2024;10:15;33,256750000000004
07.04.2024;10:30;33,179500000000004
07.04.2024;10:45;33,10225
07.04.2024;11:00;33,025
07.04.2024;11:15;32,857749999999996
07.04.2024;11:30;32,6905
07.04.2024;11:45;32,523250000000004
07.04.2024;12:00;32,356
07.04.2024;12:15;31,93475
07.04.2024;12:30;31,5135
07.04.2024;12:45;31,09225
07.04.2024;13:00;30,671
07.04.2024;13:15;30,83925
07.04.2024;13:30;31,0075
07.04.2024;13:45;31,17575
07.04.2024;14:00;31,344
07.04.2024;14:15;31,7195
07.04.2024;14:30;32,095
07.04.2024;14:45;32,4705
07.04.2024;15:00;32,846
07.04.2024;15:15;32,967999999999996
07.04.2024;15:30;33,09
07.04.2024;15:45;33,212
07.04.2024;16:00;33,334
07.04.2024;16:15;33,511
07.04.2024;16:30;33,688
07.04.2024;16:45;33,865
07.04.2024;17:00;34,042
07.04.2024;17:15;36,1555
07.04.2024;17:30;38,269000000000005
07.04.2024;17:45;40,3825
07.04.2024;18:00;42,496
07.04.2024;18:15;42,919250000000005
07.04.2024;18:30;43,3425
07.04.2024;18:45;43,76575
07.04.2024;19:00;44,189
07.04.2024;19:15;44,139250000000004
07.04.2024;19:30;44,0895
07.04.2024;19:45;44,03975
07.04.2024;20:00;43,99
07.04.2024;20:15;43,57875
07.04.2024;20:30;43,167500000000004
07.04.2024;20:45;42,75625
07.04.2024;21:00;42,345
07.04.2024;21:15;42,03275
07.04.2024;21:30;41,7205
07.04.2024;21:45;41,408249999999995
07.04.2024;22:00;41,096
07.04.2024;22:15;40,961
07.04.2024;22:30;40,82599999999999
07.04.2024;22:45;40,690999999999995
07.04.2024;23:00;40,556
07.04.2024;23:15;40,52375
07.04.2024;23:30;40,4915
07.04.2024;23:45;40,45925
08.04.2024;00:00;40,427
08.04.2024;00:15;40,4255
08.04.2024;00:30;40,424
08.04.2024;00:45;40,4225
08.04.2024;01:00;40,421
08.04.2024;01:15;40,35625
08.04.2024;01:30;40,2915
08.04.2024;01:45;40,226749999999996
08.04.2024;02:00;40,162
08.04.2024;02:15;40,226749999999996
08.04.2024;02:30;40,2915
08.04.2024;02:45;40,35625
08.04.2024;03:00;40,421
08.04.2024;03:15;40,442499999999995
08.04.2024;03:30;40,464
08.04.2024;03:45;40,4855
08.04.2024;04:00;40,507
08.04.2024;04:15;40,65375
08.04.2024;04:30;40,8005
08.04.2024;04:45;40,94725
08.04.2024;05:00;41,094
08.04.2024;05:15;41,707750000000004
08.04.2024;05:30;42,3215
08.04.2024;05:45;42,935249999999996
08.04.2024;06:00;43,549
08.04.2024;06:15;44,74375
08.04.2024;06:30;45,938500000000005
08.04.2024;06:45;47,133250000000004
08.04.2024;07:00;48,328
08.04.2024;07:15;47,7965
08.04.2024;07:30;47,265
08.04.2024;07:45;46,7335
08.04.2024;08:00;46,202
08.04.2024;08:15;45,12675
08.04.2024;08:30;44,051500000000004
08.04.2024;08:45;42,97625
08.04.2024;09:00;41,901
08.04.2024;09:15;41,77825
08.04.2024;09:30;41,6555
08.04.2024;09:45;41,53275
08.04.2024;10:00;41,41
08.04.2024;10:15;41,175749999999994
08.04.2024;10:30;40,9415
08.04.2024;10:45;40,70725
08.04.2024;11:00;40,473
08.04.2024;11:15;40,30975
08.04.2024;11:30;40,1465
08.04.2024;11:45;39,98325
08.04.2024;12:00;39,82
08.04.2024;12:15;39,7025
08.04.2024;12:30;39,585
08.04.2024;12:45;39,4675
08.04.2024;13:00;39,35
08.04.2024;13:15;39,297250000000005
08.04.2024;13:30;39,2445
08.04.2024;13:45;39,19175
08.04.2024;14:00;39,139
08.04.2024;14:15;39,27675
08.04.2024;14:30;39,414500000000004
08.04.2024;14:45;39,55225
08.04.2024;15:00;39,69
08.04.2024;15:15;39,855
08.04.2024;15:30;40,019999999999996
08.04.2024;15:45;40,185
08.04.2024;16:00;40,35
08.04.2024;16:15;40,47525
08.04.2024;16:30;40,6005
08.04.2024;16:45;40,72575
08.04.2024;17:00;40,851
08.04.2024;17:15;41,59825
08.04.2024;17:30;42,3455
08.04.2024;17:45;43,09275
08.04.2024;18:00;43,84
08.04.2024;18:15;44,650000000000006
08.04.2024;18:30;45,46
08.04.2024;18:45;46,269999999999996
08.04.2024;19:00;47,08
08.04.2024;19:15;46,7675
08.04.2024;19:30;46,455
08.04.2024;19:45;46,1425
08.04.2024;20:00;45,83
08.04.2024;20:15;44,83125
08.04.2024;20:30;43,832499999999996
08.04.2024;20:45;42,83375
08.04.2024;21:00;41,835
08.04.2024;21:15;41,63875
08.04.2024;21:30;41,442499999999995
08.04.2024;21:45;41,246249999999996
08.04.2024;22:00;41,05
08.04.2024;22:15;40,87975
08.04.2024;22:30;40,7095
08.04.2024;22:45;40,539249999999996
08.04.2024;23:00;40,369
08.04.2024;23:15;40,5695
08.04.2024;23:30;40,769999999999996
08.04.2024;23:45;40,9705
09.04.2024;00:00;41,171
09.04.2024;00:15;40,9505
09.04.2024;00:30;40,730000000000004
09.04.2024;00:45;40,5095
09.04.2024;01:00;40,289
09.04.2024;01:15;40,1725
09.04.2024;01:30;40,056
09.04.2024;01:45;39,9395
09.04.2024;02:00;39,823
09.04.2024;02:15;39,7035
09.04.2024;02:30;39,584
09.04.2024;02:45;39,4645
09.04.2024;03:00;39,345
09.04.2024;03:15;39,408249999999995
09.04.2024;03:30;39,4715
09.04.2024;03:45;39,53475
09.04.2024;04:00;39,598
09.04.2024;04:15;39,7445
09.04.2024;04:30;39,891
09.04.2024;04:45;40,037499999999994
09.04.2024;05:00;40,184
09.04.2024;05:15;40,64275
09.04.2024;05:30;41,1015
09.04.2024;05:45;41,560249999999996
09.04.2024;06:00;42,019
09.04.2024;06:15;42,124249999999996
09.04.2024;06:30;42,2295
09.04.2024;06:45;42,33475
09.04.2024;07:00;42,44
09.04.2024;07:15;42,162
09.04.2024;07:30;41,884
09.04.2024;07:45;41,606
09.04.2024;08:00;41,328
09.04.2024;08:15;41,041000000000004
09.04.2024;08:30;40,754000000000005
09.04.2024;08:45;40,467
09.04.2024;09:00;40,18
09.04.2024;09:15;39,7625
09.04.2024;09:30;39,345
09.04.2024;09:45;38,927499999999995
09.04.2024;10:00;38,51
09.04.2024;10:15;38,3195
09.04.2024;10:30;38,129
09.04.2024;10:45;37,9385
09.04.2024;11:00;37,748
09.04.2024;11:15;37,549749999999996
09.04.2024;11:30;37,3515
09.04.2024;11:45;37,15325
09.04.2024;12:00;36,955
09.04.2024;12:15;36,306
09.04.2024;12:30;35,657
09.04.2024;12:45;35,008
09.04.2024;13:00;34,359
09.04.2024;13:15;34,36925
09.04.2024;13:30;34,3795
09.04.2024;13:45;34,38975
09.04.2024;14:00;34,4
09.04.2024;14:15;34,8635
09.04.2024;14:30;35,327
09.04.2024;14:45;35,790499999999994
09.04.2024;15:00;36,254
09.04.2024;15:15;36,48475
09.04.2024;15:30;36,7155
09.04.2024;15:45;36,94625
09.04.2024;16:00;37,177
09.04.2024;16:15;37,474000000000004
09.04.2024;16:30;37,771
09.04.2024;16:45;38,068
09.04.2024;17:00;38,365
09.04.2024;17:15;38,75875
09.04.2024;17:30;39,1525
09.04.2024;17:45;39,54625
09.04.2024;18:00;39,94
09.04.2024;18:15;40,33625
09.04.2024;18:30;40,7325
09.04.2024;18:45;41,12875
09.04.2024;19:00;41,525
09.04.2024;19:15;41,52475
09.04.2024;19:30;41,5245
09.04.2024;19:45;41,52425
09.04.2024;20:00;41,524
09.04.2024;20:15;41,18
09.04.2024;20:30;40,836
09.04.2024;20:45;40,492000000000004
09.04.2024;21:00;40,148
09.04.2024;21:15;39,96125000000001
09.04.2024;21:30;39,7745
09.04.2024;21:45;39,58775
09.04.2024;22:00;39,401
09.04.2024;22:15;38,7755
09.04.2024;22:30;38,150000000000006
09.04.2024;22:45;37,5245
09.04.2024;23:00;36,899
09.04.2024;23:15;36,584
09.04.2024;23:30;36,269000000000005
09.04.2024;23:45;35,954
10.04.2024;00:00;35,639
10.04.2024;00:15;35,215500000000006
10.04.2024;00:30;34,792
10.04.2024;00:45;34,3685
10.04.2024;01:00;33,945
10.04.2024;01:15;33,951
10.04.2024;01:30;33,957
10.04.2024;01:45;33,963
10.04.2024;02:00;33,969
10.04.2024;02:15;34,039
10.04.2024;02:30;34,109
10.04.2024;02:45;34,179
10.04.2024;03:00;34,249
10.04.2024;03:15;34,68175
10.04.2024;03:30;35,1145
10.04.2024;03:45;35,54725
10.04.2024;04:00;35,98
10.04.2024;04:15;36,57325
10.04.2024;04:30;37,1665
10.04.2024;04:45;37,75975
10.04.2024;05:00;38,353
10.04.2024;05:15;39,0
10.04.2024;05:30;39,647000000000006
10.04.2024;05:45;40,294000000000004
10.04.2024;06:00;40,941
10.04.2024;06:15;41,534000000000006
10.04.2024;06:30;42,127
10.04.2024;06:45;42,72
10.04.2024;07:00;43,313
10.04.2024;07:15;43,472750000000005
10.04.2024;07:30;43,6325
10.04.2024;07:45;43,792249999999996
10.04.2024;08:00;43,952
10.04.2024;08:15;43,313
10.04.2024;08:30;42,674
10.04.2024;08:45;42,035
10.04.2024;09:00;41,396
10.04.2024;09:15;41,076
10.04.2024;09:30;40,756
10.04.2024;09:45;40,436
10.04.2024;10:00;40,116
10.04.2024;10:15;39,82575
10.04.2024;10:30;39,5355
10.04.2024;10:45;39,24525
10.04.2024;11:00;38,955
10.04.2024;11:15;38,94425
10.04.2024;11:30;38,933499999999995
10.04.2024;11:45;38,92275
10.04.2024;12:00;38,912
10.04.2024;12:15;38,2795
10.04.2024;12:30;37,647
10.04.2024;12:45;37,0145
10.04.2024;13:00;36,382
10.04.2024;13:15;36,40625
10.04.2024;13:30;36,430499999999995
10.04.2024;13:45;36,45475
10.04.2024;14:00;36,479
10.04.2024;14:15;37,0805
10.04.2024;14:30;37,682
10.04.2024;14:45;38,2835
10.04.2024;15:00;38,885
10.04.2024;15:15;39,074
10.04.2024;15:30;39,263
10.04.2024;15:45;39,452
10.04.2024;16:00;39,641
10.04.2024;16:15;39,95125
10.04.2024;16:30;40,2615
10.04.2024;16:45;40,571749999999994
10.04.2024;17:00;40,882
10.04.2024;17:15;41,51975
10.04.2024;17:30;42,1575
10.04.2024;17:45;42,795249999999996
10.04.2024;18:00;43,433
10.04.2024;18:15;45,691
10.04.2024;18:30;47,949
10.04.2024;18:45;50,207
10.04.2024;19:00;52,465
10.04.2024;19:15;52,466
10.04.2024;19:30;52,467
10.04.2024;19:45;52,468
10.04.2024;20:00;52,469
10.04.2024;20:15;50,579
10.04.2024;20:30;48,689
10.04.2024;20:45;46,799
10.04.2024;21:00;44,909
10.04.2024;21:15;44,17175
10.04.2024;21:30;43,4345
10.04.2024;21:45;42,69725
10.04.2024;22:00;41,96
10.04.2024;22:15;41,71
10.04.2024;22:30;41,46
10.04.2024;22:45;41,21
10.04.2024;23:00;40,96
10.04.2024;23:15;40,872
10.04.2024;23:30;40,784
10.04.2024;23:45;40,696
11.04.2024;00:00;40,608
11.04.2024;00:15;40,4775
11.04.2024;00:30;40,346999999999994
11.04.2024;00:45;40,216499999999996
11.04.2024;01:00;40,086
11.04.2024;01:15;39,958
11.04.2024;01:30;39,83
11.04.2024;01:45;39,702
11.04.2024;02:00;39,574
11.04.2024;02:15;39,48825
11.04.2024;02:30;39,4025
11.04.2024;02:45;39,31675
11.04.2024;03:00;39,231
11.04.2024;03:15;39,237750000000005
11.04.2024;03:30;39,2445
11.04.2024;03:45;39,25125
11.04.2024;04:00;39,258
11.04.2024;04:15;39,17025
11.04.2024;04:30;39,082499999999996
11.04.2024;04:45;38,994749999999996
11.04.2024;05:00;38,907
11.04.2024;05:15;39,3835
11.04.2024;05:30;39,86
11.04.2024;05:45;40,3365
11.04.2024;06:00;40,813
11.04.2024;06:15;40,66725
11.04.2024;06:30;40,5215
11.04.2024;06:45;40,37575
11.04.2024;07:00;40,23
11.04.2024;07:15;39,815
11.04.2024;07:30;39,4
11.04.2024;07:45;38,985
11.04.2024;08:00;38,57
11.04.2024;08:15;38,015
11.04.2024;08:30;37,46
11.04.2024;08:45;36,905
11.04.2024;09:00;36,35
11.04.2024;09:15;35,85125
11.04.2024;09:30;35,3525
11.04.2024;09:45;34,85375
11.04.2024;10:00;34,355
11.04.2024;10:15;34,125249999999994
11.04.2024;10:30;33,8955
11.04.2024;10:45;33,66575
11.04.2024;11:00;33,436
11.04.2024;11:15;33,43725
11.04.2024;11:30;33,438500000000005
11.04.2024;11:45;33,439750000000004
11.04.2024;12:00;33,441
11.04.2024;12:15;33,445750000000004
11.04.2024;12:30;33,450500000000005
11.04.2024;12:45;33,45525
11.04.2024;13:00;33,46
11.04.2024;13:15;33,44675
11.04.2024;13:30;33,433499999999995
11.04.2024;13:45;33,420249999999996
11.04.2024;14:00;33,407
11.04.2024;14:15;34,132
11.04.2024;14:30;34,857
11.04.2024;14:45;35,582
11.04.2024;15:00;36,307
11.04.2024;15:15;37,06125
11.04.2024;15:30;37,8155
11.04.2024;15:45;38,56975
11.04.2024;16:00;39,324
11.04.2024;16:15;39,748999999999995
11.04.2024;16:30;40,174
11.04.2024;16:45;40,599000000000004
11.04.2024;17:00;41,024
11.04.2024;17:15;41,623000000000005
11.04.2024;17:30;42,222
11.04.2024;17:45;42,821
11.04.2024;18:00;43,42
11.04.2024;18:15;44,2615
11.04.2024;18:30;45,103
11.04.2024;18:45;45,944500000000005
11.04.2024;19:00;46,786
11.04.2024;19:15;46,8725
11.04.2024;19:30;46,959
11.04.2024;19:45;47,0455
11.04.2024;20:00;47,132
11.04.2024;20:15;46,15625
11.04.2024;20:30;45,180499999999995
11.04.2024;20:45;44,20475
11.04.2024;21:00;43,229
11.04.2024;21:15;42,81975
11.04.2024;21:30;42,4105
11.04.2024;21:45;42,00125
11.04.2024;22:00;41,592
11.04.2024;22:15;41,44425
11.04.2024;22:30;41,296499999999995
11.04.2024;22:45;41,14875
11.04.2024;23:00;41,001
11.04.2024;23:15;40,980999999999995
11.04.2024;23:30;40,961
11.04.2024;23:45;40,941
12.04.2024;00:00;40,921
12.04.2024;00:15;40,82175
12.04.2024;00:30;40,7225
12.04.2024;00:45;40,62325
12.04.2024;01:00;40,524
12.04.2024;01:15;40,45275
12.04.2024;01:30;40,3815
12.04.2024;01:45;40,310249999999996
12.04.2024;02:00;40,239
12.04.2024;02:15;40,24825
12.04.2024;02:30;40,2575
12.04.2024;02:45;40,26675
12.04.2024;03:00;40,276
12.04.2024;03:15;40,2825
12.04.2024;03:30;40,289
12.04.2024;03:45;40,295500000000004
12.04.2024;04:00;40,302
12.04.2024;04:15;40,502250000000004
12.04.2024;04:30;40,7025
12.04.2024;04:45;40,90275
12.04.2024;05:00;41,103
12.04.2024;05:15;41,4455
12.04.2024;05:30;41,788
12.04.2024;05:45;42,1305
12.04.2024;06:00;42,473
12.04.2024;06:15;42,61725
12.04.2024;06:30;42,7615
12.04.2024;06:45;42,90575
12.04.2024;07:00;43,05
12.04.2024;07:15;42,79575
12.04.2024;07:30;42,5415
12.04.2024;07:45;42,28725
12.04.2024;08:00;42,033
12.04.2024;08:15;41,63675
12.04.2024;08:30;41,2405
12.04.2024;08:45;40,84425
12.04.2024;09:00;40,448
12.04.2024;09:15;39,745000000000005
12.04.2024;09:30;39,042
12.04.2024;09:45;38,339
12.04.2024;10:00;37,636
12.04.2024;10:15;37,036
12.04.2024;10:30;36,436
12.04.2024;10:45;35,836
12.04.2024;11:00;35,236
12.04.2024;11:15;34,7645
12.04.2024;11:30;34,293
12.04.2024;11:45;33,8215
12.04.2024;12:00;33,35
12.04.2024;12:15;33,34825
12.04.2024;12:30;33,346500000000006
12.04.2024;12:45;33,344750000000005
12.04.2024;13:00;33,343
12.04.2024;13:15;33,345
12.04.2024;13:30;33,347
12.04.2024;13:45;33,349000000000004
12.04.2024;14:00;33,351
12.04.2024;14:15;33,35525
12.04.2024;14:30;33,3595
12.04.2024;14:45;33,36375
12.04.2024;15:00;33,368
12.04.2024;15:15;33,369
12.04.2024;15:30;33,370000000000005
12.04.2024;15:45;33,371
12.04.2024;16:00;33,372
12.04.2024;16:15;34,80075
12.04.2024;16:30;36,2295
12.04.2024;16:45;37,65825
12.04.2024;17:00;39,087
12.04.2024;17:15;39,701
12.04.2024;17:30;40,315
12.04.2024;17:45;40,929
12.04.2024;18:00;41,543
12.04.2024;18:15;42,6435
12.04.2024;18:30;43,744
12.04.2024;18:45;44,8445
12.04.2024;19:00;45,945
12.04.2024;19:15;45,8995
12.04.2024;19:30;45,854
12.04.2024;19:45;45,808499999999995
12.04.2024;20:00;45,763
12.04.2024;20:15;44,824749999999995
12.04.2024;20:30;43,8865
12.04.2024;20:45;42,94825
12.04.2024;21:00;42,01
12.04.2024;21:15;41,79475
12.04.2024;21:30;41,579499999999996
12.04.2024;21:45;41,36425
12.04.2024;22:00;41,149
12.04.2024;22:15;40,90175
12.04.2024;22:30;40,6545
12.04.2024;22:45;40,40725
12.04.2024;23:00;40,16
12.04.2024;23:15;39,962999999999994
12.04.2024;23:30;39,766
12.04.2024;23:45;39,569
13.04.2024;00:00;39,372
13.04.2024;00:15;39,09325
13.04.2024;00:30;38,814499999999995
13.04.2024;00:45;38,53575
13.04.2024;01:00;38,257
13.04.2024;01:15;37,640499999999996
13.04.2024;01:30;37,024
13.04.2024;01:45;36,4075
13.04.2024;02:00;35,791
13.04.2024;02:15;35,666
13.04.2024;02:30;35,541
13.04.2024;02:45;35,416
13.04.2024;03:00;35,291
13.04.2024;03:15;35,3045
13.04.2024;03:30;35,318
13.04.2024;03:45;35,3315
13.04.2024;04:00;35,345
13.04.2024;04:15;35,47925
13.04.2024;04:30;35,6135
13.04.2024;04:45;35,747749999999996
13.04.2024;05:00;35,882
13.04.2024;05:15;36,0035
13.04.2024;05:30;36,125
13.04.2024;05:45;36,2465
13.04.2024;06:00;36,368
13.04.2024;06:15;36,495000000000005
13.04.2024;06:30;36,622
13.04.2024;06:45;36,748999999999995
13.04.2024;07:00;36,876
13.04.2024;07:15;36,5595
13.04.2024;07:30;36,242999999999995
13.04.2024;07:45;35,9265
13.04.2024;08:00;35,61
13.04.2024;08:15;35,265
13.04.2024;08:30;34,92
13.04.2024;08:45;34,574999999999996
13.04.2024;09:00;34,23
13.04.2024;09:15;34,009499999999996
13.04.2024;09:30;33,789
13.04.2024;09:45;33,5685
13.04.2024;10:00;33,348
13.04.2024;10:15;33,09925
13.04.2024;10:30;32,8505
13.04.2024;10:45;32,60175
13.04.2024;11:00;32,353
13.04.2024;11:15;31,95325
13.04.2024;11:30;31,5535
13.04.2024;11:45;31,153750000000002
13.04.2024;12:00;30,754
13.04.2024;12:15;30,153000000000002
13.04.2024;12:30;29,552
13.04.2024;12:45;28,951
13.04.2024;13:00;28,35
13.04.2024;13:15;28,22475
13.04.2024;13:30;28,0995
13.04.2024;13:45;27,97425
13.04.2024;14:00;27,849
13.04.2024;14:15;27,9765
13.04.2024;14:30;28,104
13.04.2024;14:45;28,2315
13.04.2024;15:00;28,359
13.04.2024;15:15;29,127750000000002
13.04.2024;15:30;29,896500000000003
13.04.2024;15:45;30,66525
13.04.2024;16:00;31,434
13.04.2024;16:15;31,909000000000002
13.04.2024;16:30;32,384
13.04.2024;16:45;32,859
13.04.2024;17:00;33,334
13.04.2024;17:15;34,335750000000004
13.04.2024;17:30;35,337500000000006
13.04.2024;17:45;36,33925
13.04.2024;18:00;37,341
13.04.2024;18:15;38,17925
13.04.2024;18:30;39,0175
13.04.2024;18:45;39,85575
13.04.2024;19:00;40,694
13.04.2024;19:15;40,5025
13.04.2024;19:30;40,311
13.04.2024;19:45;40,1195
13.04.2024;20:00;39,928
13.04.2024;20:15;39,26725
13.04.2024;20:30;38,6065
13.04.2024;20:45;37,94575
13.04.2024;21:00;37,285
13.04.2024;21:15;36,82899999999999
13.04.2024;21:30;36,373
13.04.2024;21:45;35,917
13.04.2024;22:00;35,461
13.04.2024;22:15;35,1095
13.04.2024;22:30;34,757999999999996
13.04.2024;22:45;34,4065
13.04.2024;23:00;34,055
13.04.2024;23:15;33,8895
13.04.2024;23:30;33,724000000000004
13.04.2024;23:45;33,5585
14.04.2024;00:00;33,393
14.04.2024;00:15;33,403
14.04.2024;00:30;33,413
14.04.2024;00:45;33,423
14.04.2024;01:00;33,433
14.04.2024;01:15;33,4355
14.04.2024;01:30;33,438
14.04.2024;01:45;33,4405
14.04.2024;02:00;33,443
14.04.2024;02:15;33,448
14.04.2024;02:30;33,453
14.04.2024;02:45;33,458
14.04.2024;03:00;33,463
14.04.2024;03:15;33,49325
14.04.2024;03:30;33,5235
14.04.2024;03:45;33,55375
14.04.2024;04:00;33,584
14.04.2024;04:15;33,67425
14.04.2024;04:30;33,7645
14.04.2024;04:45;33,85475
14.04.2024;05:00;33,945
14.04.2024;05:15;34,11775
14.04.2024;05:30;34,2905
14.04.2024;05:45;34,46325
14.04.2024;06:00;34,636
14.04.2024;06:15;34,6395
14.04.2024;06:30;34,643
14.04.2024;06:45;34,6465
14.04.2024;07:00;34,65
14.04.2024;07:15;34,51025
14.04.2024;07:30;34,3705
14.04.2024;07:45;34,23075
14.04.2024;08:00;34,091
14.04.2024;08:15;33,90575
14.04.2024;08:30;33,7205
14.04.2024;08:45;33,535250000000005
14.04.2024;09:00;33,35
14.04.2024;09:15;33,29075
14.04.2024;09:30;33,2315
14.04.2024;09:45;33,17225
14.04.2024;10:00;33,113
14.04.2024;10:15;32,868
14.04.2024;10:30;32,623000000000005
14.04.2024;10:45;32,378
14.04.2024;11:00;32,133
14.04.2024;11:15;31,3805
14.04.2024;11:30;30,628
14.04.2024;11:45;29,875500000000002
14.04.2024;12:00;29,123
14.04.2024;12:15;28,6785
14.04.2024;12:30;28,234
14.04.2024;12:45;27,7895
14.04.2024;13:00;27,345
14.04.2024;13:15;27,3445
14.04.2024;13:30;27,344
14.04.2024;13:45;27,3435
14.04.2024;14:00;27,343
14.04.2024;14:15;27,8435
14.04.2024;14:30;28,344
14.04.2024;14:45;28,8445
14.04.2024;15:00;29,345
14.04.2024;15:15;30,189999999999998
14.04.2024;15:30;31,035
14.04.2024;15:45;31,880000000000003
14.04.2024;16:00;32,725
14.04.2024;16:15;32,920500000000004
14.04.2024;16:30;33,116
14.04.2024;16:45;33,311499999999995
14.04.2024;17:00;33,507
14.04.2024;17:15;35,1485
14.04.2024;17:30;36,79
14.04.2024;17:45;38,4315
14.04.2024;18:00;40,073
14.04.2024;18:15;40,58725
14.04.2024;18:30;41,1015
14.04.2024;18:45;41,615750000000006
14.04.2024;19:00;42,13
14.04.2024;19:15;42,93275
14.04.2024;19:30;43,7355
14.04.2024;19:45;44,538250000000005
14.04.2024;20:00;45,341
14.04.2024;20:15;45,158500000000004
14.04.2024;20:30;44,976
14.04.2024;20:45;44,793499999999995
14.04.2024;21:00;44,611
14.04.2024;21:15;44,394499999999994
14.04.2024;21:30;44,178
14.04.2024;21:45;43,9615
14.04.2024;22:00;43,745
14.04.2024;22:15;43,32725
14.04.2024;22:30;42,909499999999994
14.04.2024;22:45;42,491749999999996
14.04.2024;23:00;42,074
14.04.2024;23:15;41,942
14.04.2024;23:30;41,81
14.04.2024;23:45;41,678
15.04.2024;00:00;41,546
15.04.2024;00:15;41,5285
15.04.2024;00:30;41,510999999999996
15.04.2024;00:45;41,4935
15.04.2024;01:00;41,476
15.04.2024;01:15;41,382999999999996
15.04.2024;01:30;41,29
15.04.2024;01:45;41,197
15.04.2024;02:00;41,104
15.04.2024;02:15;41,12
15.04.2024;02:30;41,135999999999996
15.04.2024;02:45;41,152
15.04.2024;03:00;41,168
15.04.2024;03:15;41,09425
15.04.2024;03:30;41,0205
15.04.2024;03:45;40,946749999999994
15.04.2024;04:00;40,873
15.04.2024;04:15;41,16075
15.04.2024;04:30;41,448499999999996
15.04.2024;04:45;41,73625
15.04.2024;05:00;42,024
15.04.2024;05:15;42,74875
15.04.2024;05:30;43,4735
15.04.2024;05:45;44,19825
15.04.2024;06:00;44,923
15.04.2024;06:15;46,2585
15.04.2024;06:30;47,594
15.04.2024;06:45;48,929500000000004
15.04.2024;07:00;50,265
15.04.2024;07:15;49,86725
15.04.2024;07:30;49,4695
15.04.2024;07:45;49,07175
15.04.2024;08:00;48,674
15.04.2024;08:15;47,132
15.04.2024;08:30;45,59
15.04.2024;08:45;44,048
15.04.2024;09:00;42,506
15.04.2024;09:15;42,23075
15.04.2024;09:30;41,9555
15.04.2024;09:45;41,68025
15.04.2024;10:00;41,405
15.04.2024;10:15;40,97
15.04.2024;10:30;40,535
15.04.2024;10:45;40,1
15.04.2024;11:00;39,665
15.04.2024;11:15;39,19
15.04.2024;11:30;38,715
15.04.2024;11:45;38,24
15.04.2024;12:00;37,765
15.04.2024;12:15;37,454750000000004
15.04.2024;12:30;37,1445
15.04.2024;12:45;36,83425
15.04.2024;13:00;36,524
15.04.2024;13:15;36,054500000000004
15.04.2024;13:30;35,585
15.04.2024;13:45;35,1155
15.04.2024;14:00;34,646
15.04.2024;14:15;34,517
15.04.2024;14:30;34,388000000000005
15.04.2024;14:45;34,259
15.04.2024;15:00;34,13
15.04.2024;15:15;34,134750000000004
15.04.2024;15:30;34,1395
15.04.2024;15:45;34,14425
15.04.2024;16:00;34,149
15.04.2024;16:15;35,10675
15.04.2024;16:30;36,064499999999995
15.04.2024;16:45;37,02225
15.04.2024;17:00;37,98
15.04.2024;17:15;38,552499999999995
15.04.2024;17:30;39,125
15.04.2024;17:45;39,697500000000005
15.04.2024;18:00;40,27
15.04.2024;18:15;40,513000000000005
15.04.2024;18:30;40,756
15.04.2024;18:45;40,998999999999995
15.04.2024;19:00;41,242
15.04.2024;19:15;41,1945
15.04.2024;19:30;41,147
15.04.2024;19:45;41,0995
15.04.2024;20:00;41,052
15.04.2024;20:15;40,78425
15.04.2024;20:30;40,5165
15.04.2024;20:45;40,24875
15.04.2024;21:00;39,981
15.04.2024;21:15;39,667500000000004
15.04.2024;21:30;39,354
15.04.2024;21:45;39,040499999999994
15.04.2024;22:00;38,727
15.04.2024;22:15;38,236999999999995
15.04.2024;22:30;37,747
15.04.2024;22:45;37,257000000000005
15.04.2024;23:00;36,767
15.04.2024;23:15;35,96325
15.04.2024;23:30;35,1595
15.04.2024;23:45;34,35575
16.04.2024;00:00;33,552
16.04.2024;00:15;33,5025
16.04.2024;00:30;33,453
16.04.2024;00:45;33,4035
16.04.2024;01:00;33,354
16.04.2024;01:15;33,3565
16.04.2024;01:30;33,358999999999995
16.04.2024;01:45;33,3615
16.04.2024;02:00;33,364
16.04.2024;02:15;33,37875
16.04.2024;02:30;33,3935
16.04.2024;02:45;33,40825
16.04.2024;03:00;33,423
16.04.2024;03:15;33,8415
16.04.2024;03:30;34,260000000000005
16.04.2024;03:45;34,6785
16.04.2024;04:00;35,097
16.04.2024;04:15;35,56575
16.04.2024;04:30;36,0345
16.04.2024;04:45;36,50325
16.04.2024;05:00;36,972
16.04.2024;05:15;37,645
16.04.2024;05:30;38,318
16.04.2024;05:45;38,991
16.04.2024;06:00;39,664
16.04.2024;06:15;39,942
16.04.2024;06:30;40,22
16.04.2024;06:45;40,498000000000005
16.04.2024;07:00;40,776
16.04.2024;07:15;40,776
16.04.2024;07:30;40,776
16.04.2024;07:45;40,776
16.04.2024;08:00;40,776
16.04.2024;08:15;40,539750000000005
16.04.2024;08:30;40,3035
16.04.2024;08:45;40,06725
16.04.2024;09:00;39,831
16.04.2024;09:15;39,48650000000001
16.04.2024;09:30;39,142
16.04.2024;09:45;38,7975
16.04.2024;10:00;38,453
16.04.2024;10:15;38,24325
16.04.2024;10:30;38,033500000000004
16.04.2024;10:45;37,82375
16.04.2024;11:00;37,614
16.04.2024;11:15;37,548
16.04.2024;11:30;37,482
16.04.2024;11:45;37,416
16.04.2024;12:00;37,35
16.04.2024;12:15;37,3555
16.04.2024;12:30;37,361000000000004
16.04.2024;12:45;37,3665
16.04.2024;13:00;37,372
16.04.2024;13:15;37,4185
16.04.2024;13:30;37,465
16.04.2024;13:45;37,5115
16.04.2024;14:00;37,558
16.04.2024;14:15;37,71925
16.04.2024;14:30;37,8805
16.04.2024;14:45;38,04175
16.04.2024;15:00;38,203
16.04.2024;15:15;38,56075
16.04.2024;15:30;38,9185
16.04.2024;15:45;39,276250000000005
16.04.2024;16:00;39,634
16.04.2024;16:15;40,05475
16.04.2024;16:30;40,4755
16.04.2024;16:45;40,89625
16.04.2024;17:00;41,317
16.04.2024;17:15;41,648250000000004
16.04.2024;17:30;41,9795
16.04.2024;17:45;42,31075
16.04.2024;18:00;42,642
16.04.2024;18:15;43,16875
16.04.2024;18:30;43,6955
16.04.2024;18:45;44,22225
16.04.2024;19:00;44,749
16.04.2024;19:15;45,01225
16.04.2024;19:30;45,2755
16.04.2024;19:45;45,53875
16.04.2024;20:00;45,802
16.04.2024;20:15;45,3005
16.04.2024;20:30;44,799
16.04.2024;20:45;44,2975
16.04.2024;21:00;43,796
16.04.2024;21:15;43,437
16.04.2024;21:30;43,078
16.04.2024;21:45;42,719
16.04.2024;22:00;42,36
16.04.2024;22:15;42,21
16.04.2024;22:30;42,06
16.04.2024;22:45;41,91
16.04.2024;23:00;41,76
16.04.2024;23:15;41,7535
16.04.2024;23:30;41,747
16.04.2024;23:45;41,7405
17.04.2024;00:00;41,734
17.04.2024;00:15;41,734
17.04.2024;00:30;41,734
17.04.2024;00:45;41,734
17.04.2024;01:00;41,734
17.04.2024;01:15;41,67175
17.04.2024;01:30;41,6095
17.04.2024;01:45;41,54725
17.04.2024;02:00;41,485
17.04.2024;02:15;41,511250000000004
17.04.2024;02:30;41,5375
17.04.2024;02:45;41,56375
17.04.2024;03:00;41,59
17.04.2024;03:15;41,604
17.04.2024;03:30;41,618
17.04.2024;03:45;41,632000000000005
17.04.2024;04:00;41,646
17.04.2024;04:15;41,66525
17.04.2024;04:30;41,6845
17.04.2024;04:45;41,70375
17.04.2024;05:00;41,723
17.04.2024;05:15;42,3645
17.04.2024;05:30;43,006
17.04.2024;05:45;43,6475
17.04.2024;06:00;44,289
17.04.2024;06:15;45,8035
17.04.2024;06:30;47,318
17.04.2024;06:45;48,8325
17.04.2024;07:00;50,347
17.04.2024;07:15;49,977000000000004
17.04.2024;07:30;49,607
17.04.2024;07:45;49,236999999999995
17.04.2024;08:00;48,867
17.04.2024;08:15;47,603249999999996
17.04.2024;08:30;46,3395
17.04.2024;08:45;45,07575
17.04.2024;09:00;43,812
17.04.2024;09:15;43,294
17.04.2024;09:30;42,775999999999996
17.04.2024;09:45;42,258
17.04.2024;10:00;41,74
17.04.2024;10:15;41,64
17.04.2024;10:30;41,540000000000006
17.04.2024;10:45;41,440000000000005
17.04.2024;11:00;41,34
17.04.2024;11:15;41,417
17.04.2024;11:30;41,494
17.04.2024;11:45;41,571000000000005
17.04.2024;12:00;41,648
17.04.2024;12:15;41,594
17.04.2024;12:30;41,540000000000006
17.04.2024;12:45;41,486000000000004
17.04.2024;13:00;41,432
17.04.2024;13:15;41,35425
17.04.2024;13:30;41,2765
17.04.2024;13:45;41,198750000000004
17.04.2024;14:00;41,121
17.04.2024;14:15;41,104
17.04.2024;14:30;41,087
17.04.2024;14:45;41,07
17.04.2024;15:00;41,053
17.04.2024;15:15;41,12725
17.04.2024;15:30;41,201499999999996
17.04.2024;15:45;41,27575
17.04.2024;16:00;41,35
17.04.2024;16:15;41,5225
17.04.2024;16:30;41,695
17.04.2024;16:45;41,8675
17.04.2024;17:00;42,04
17.04.2024;17:15;42,741749999999996
17.04.2024;17:30;43,4435
17.04.2024;17:45;44,145250000000004
17.04.2024;18:00;44,847
17.04.2024;18:15;45,97075
17.04.2024;18:30;47,0945
17.04.2024;18:45;48,21825
17.04.2024;19:00;49,342
17.04.2024;19:15;49,591499999999996
17.04.2024;19:30;49,841
17.04.2024;19:45;50,090500000000006
17.04.2024;20:00;50,34
17.04.2024;20:15;49,344
17.04.2024;20:30;48,348
17.04.2024;20:45;47,352000000000004
17.04.2024;21:00;46,356
17.04.2024;21:15;45,5805
17.04.2024;21:30;44,805
17.04.2024;21:45;44,0295
17.04.2024;22:00;43,254
17.04.2024;22:15;42,97325
17.04.2024;22:30;42,692499999999995
17.04.2024;22:45;42,41175
17.04.2024;23:00;42,131
17.04.2024;23:15;42,2315
17.04.2024;23:30;42,332
17.04.2024;23:45;42,432500000000005
18.04.2024;00:00;42,533
18.04.2024;00:15;42,42275
18.04.2024;00:30;42,3125
18.04.2024;00:45;42,20225
18.04.2024;01:00;42,092
18.04.2024;01:15;42,119749999999996
18.04.2024;01:30;42,1475
18.04.2024;01:45;42,175250000000005
18.04.2024;02:00;42,203
18.04.2024;02:15;42,18375
18.04.2024;02:30;42,164500000000004
18.04.2024;02:45;42,14525
18.04.2024;03:00;42,126
18.04.2024;03:15;42,17225
18.04.2024;03:30;42,2185
18.04.2024;03:45;42,26475
18.04.2024;04:00;42,311
18.04.2024;04:15;42,4075
18.04.2024;04:30;42,504000000000005
18.04.2024;04:45;42,600500000000004
18.04.2024;05:00;42,697
18.04.2024;05:15;43,407250000000005
18.04.2024;05:30;44,1175
18.04.2024;05:45;44,827749999999995
18.04.2024;06:00;45,538
18.04.2024;06:15;46,385999999999996
18.04.2024;06:30;47,233999999999995
18.04.2024;06:45;48,082
18.04.2024;07:00;48,93
18.04.2024;07:15;48,314750000000004
18.04.2024;07:30;47,6995
18.04.2024;07:45;47,08425
18.04.2024;08:00;46,469
18.04.2024;08:15;45,71725
18.04.2024;08:30;44,965500000000006
18.04.2024;08:45;44,213750000000005
18.04.2024;09:00;43,462
18.04.2024;09:15;43,18925
18.04.2024;09:30;42,9165
18.04.2024;09:45;42,643750000000004
18.04.2024;10:00;42,371
18.04.2024;10:15;42,212500000000006
18.04.2024;10:30;42,054
18.04.2024;10:45;41,8955
18.04.2024;11:00;41,737
18.04.2024;11:15;41,65625
18.04.2024;11:30;41,575500000000005
18.04.2024;11:45;41,49475
18.04.2024;12:00;41,414
18.04.2024;12:15;41,328
18.04.2024;12:30;41,242000000000004
18.04.2024;12:45;41,156
18.04.2024;13:00;41,07
18.04.2024;13:15;40,96525
18.04.2024;13:30;40,8605
18.04.2024;13:45;40,755750000000006
18.04.2024;14:00;40,651
18.04.2024;14:15;40,593250000000005
18.04.2024;14:30;40,5355
18.04.2024;14:45;40,47775
18.04.2024;15:00;40,42
18.04.2024;15:15;40,4245
18.04.2024;15:30;40,429
18.04.2024;15:45;40,4335
18.04.2024;16:00;40,438
18.04.2024;16:15;40,69925
18.04.2024;16:30;40,960499999999996
18.04.2024;16:45;41,22175
18.04.2024;17:00;41,483
18.04.2024;17:15;41,8005
18.04.2024;17:30;42,117999999999995
18.04.2024;17:45;42,4355
18.04.2024;18:00;42,753
18.04.2024;18:15;43,53325
18.04.2024;18:30;44,313500000000005
18.04.2024;18:45;45,09375
18.04.2024;19:00;45,874
18.04.2024;19:15;45,963750000000005
18.04.2024;19:30;46,0535
18.04.2024;19:45;46,143249999999995
18.04.2024;20:00;46,233
18.04.2024;20:15;45,66025
18.04.2024;20:30;45,0875
18.04.2024;20:45;44,51475
18.04.2024;21:00;43,942
18.04.2024;21:15;43,54125
18.04.2024;21:30;43,1405
18.04.2024;21:45;42,73975
18.04.2024;22:00;42,339
18.04.2024;22:15;42,076
18.04.2024;22:30;41,813
18.04.2024;22:45;41,55
18.04.2024;23:00;41,287
18.04.2024;23:15;41,233
18.04.2024;23:30;41,179
18.04.2024;23:45;41,125
19.04.2024;00:00;41,071
19.04.2024;00:15;40,6615
19.04.2024;00:30;40,251999999999995
19.04.2024;00:45;39,8425
19.04.2024;01:00;39,433
19.04.2024;01:15;39,1755
19.04.2024;01:30;38,918
19.04.2024;01:45;38,6605
19.04.2024;02:00;38,403
19.04.2024;02:15;38,3765
19.04.2024;02:30;38,349999999999994
19.04.2024;02:45;38,323499999999996
19.04.2024;03:00;38,297
19.04.2024;03:15;38,259499999999996
19.04.2024;03:30;38,221999999999994
19.04.2024;03:45;38,1845
19.04.2024;04:00;38,147
19.04.2024;04:15;38,17475
19.04.2024;04:30;38,2025
19.04.2024;04:45;38,23025
19.04.2024;05:00;38,258
19.04.2024;05:15;38,534000000000006
19.04.2024;05:30;38,81
19.04.2024;05:45;39,086
19.04.2024;06:00;39,362
19.04.2024;06:15;39,585
19.04.2024;06:30;39,808
19.04.2024;06:45;40,031
19.04.2024;07:00;40,254
19.04.2024;07:15;40,428
19.04.2024;07:30;40,602000000000004
19.04.2024;07:45;40,776
19.04.2024;08:00;40,95
19.04.2024;08:15;40,7575
19.04.2024;08:30;40,565
19.04.2024;08:45;40,3725
19.04.2024;09:00;40,18
19.04.2024;09:15;39,9775
19.04.2024;09:30;39,775
19.04.2024;09:45;39,5725
19.04.2024;10:00;39,37
19.04.2024;10:15;39,266999999999996
19.04.2024;10:30;39,164
19.04.2024;10:45;39,061
19.04.2024;11:00;38,958
19.04.2024;11:15;38,82875
19.04.2024;11:30;38,6995
19.04.2024;11:45;38,57025
19.04.2024;12:00;38,441
19.04.2024;12:15;38,34325
19.04.2024;12:30;38,2455
19.04.2024;12:45;38,14775
19.04.2024;13:00;38,05
19.04.2024;13:15;37,9985
19.04.2024;13:30;37,947
19.04.2024;13:45;37,8955
19.04.2024;14:00;37,844
19.04.2024;14:15;37,8345
19.04.2024;14:30;37,825
19.04.2024;14:45;37,8155
19.04.2024;15:00;37,806
19.04.2024;15:15;37,964749999999995
19.04.2024;15:30;38,1235
19.04.2024;15:45;38,282250000000005
19.04.2024;16:00;38,441
19.04.2024;16:15;38,6375
19.04.2024;16:30;38,834
19.04.2024;16:45;39,030499999999996
19.04.2024;17:00;39,227
19.04.2024;17:15;39,345
19.04.2024;17:30;39,462999999999994
19.04.2024;17:45;39,580999999999996
19.04.2024;18:00;39,699
19.04.2024;18:15;39,744749999999996
19.04.2024;18:30;39,790499999999994
19.04.2024;18:45;39,83625
19.04.2024;19:00;39,882
19.04.2024;19:15;39,906
19.04.2024;19:30;39,93
19.04.2024;19:45;39,954
19.04.2024;20:00;39,978
19.04.2024;20:15;39,976
19.04.2024;20:30;39,974000000000004
19.04.2024;20:45;39,972
19.04.2024;21:00;39,97
19.04.2024;21:15;39,94675
19.04.2024;21:30;39,923500000000004
19.04.2024;21:45;39,90025
19.04.2024;22:00;39,877
19.04.2024;22:15;39,824
19.04.2024;22:30;39,771
19.04.2024;22:45;39,718
19.04.2024;23:00;39,665
19.04.2024;23:15;39,59225
19.04.2024;23:30;39,5195
19.04.2024;23:45;39,44675
20.04.2024;00:00;39,374
20.04.2024;00:15;39,31725
20.04.2024;00:30;39,2605
20.04.2024;00:45;39,20375
20.04.2024;01:00;39,147
20.04.2024;01:15;39,131
20.04.2024;01:30;39,114999999999995
20.04.2024;01:45;39,099
20.04.2024;02:00;39,083
20.04.2024;02:15;39,0935
20.04.2024;02:30;39,104
20.04.2024;02:45;39,1145
20.04.2024;03:00;39,125
20.04.2024;03:15;39,20725
20.04.2024;03:30;39,289500000000004
20.04.2024;03:45;39,37175
20.04.2024;04:00;39,454
20.04.2024;04:15;39,49875
20.04.2024;04:30;39,5435
20.04.2024;04:45;39,58825
20.04.2024;05:00;39,633
20.04.2024;05:15;39,660250000000005
20.04.2024;05:30;39,6875
20.04.2024;05:45;39,714749999999995
20.04.2024;06:00;39,742
20.04.2024;06:15;39,8435
20.04.2024;06:30;39,945
20.04.2024;06:45;40,0465
20.04.2024;07:00;40,148
20.04.2024;07:15;40,0745
20.04.2024;07:30;40,001000000000005
20.04.2024;07:45;39,9275
20.04.2024;08:00;39,854
20.04.2024;08:15;39,7255
20.04.2024;08:30;39,597
20.04.2024;08:45;39,468500000000006
20.04.2024;09:00;39,34
20.04.2024;09:15;39,09375
20.04.2024;09:30;38,8475
20.04.2024;09:45;38,60125
20.04.2024;10:00;38,355
20.04.2024;10:15;38,064499999999995
20.04.2024;10:30;37,774
20.04.2024;10:45;37,4835
20.04.2024;11:00;37,193
20.04.2024;11:15;36,9565
20.04.2024;11:30;36,72
20.04.2024;11:45;36,4835
20.04.2024;12:00;36,247
20.04.2024;12:15;35,831
20.04.2024;12:30;35,415
20.04.2024;12:45;34,998999999999995
20.04.2024;13:00;34,583
20.04.2024;13:15;34,5385
20.04.2024;13:30;34,494
20.04.2024;13:45;34,4495
20.04.2024;14:00;34,405
20.04.2024;14:15;34,5995
20.04.2024;14:30;34,794
20.04.2024;14:45;34,9885
20.04.2024;15:00;35,183
20.04.2024;15:15;35,66
20.04.2024;15:30;36,137
20.04.2024;15:45;36,614000000000004
20.04.2024;16:00;37,091
20.04.2024;16:15;37,7265
20.04.2024;16:30;38,362
20.04.2024;16:45;38,9975
20.04.2024;17:00;39,633
20.04.2024;17:15;40,03475
20.04.2024;17:30;40,4365
20.04.2024;17:45;40,83825
20.04.2024;18:00;41,24
20.04.2024;18:15;41,50775
20.04.2024;18:30;41,7755
20.04.2024;18:45;42,04325
20.04.2024;19:00;42,311
20.04.2024;19:15;42,49675
20.04.2024;19:30;42,682500000000005
20.04.2024;19:45;42,86825
20.04.2024;20:00;43,054
20.04.2024;20:15;42,88575
20.04.2024;20:30;42,7175
20.04.2024;20:45;42,54925
20.04.2024;21:00;42,381
20.04.2024;21:15;42,275
20.04.2024;21:30;42,169
20.04.2024;21:45;42,063
20.04.2024;22:00;41,957
20.04.2024;22:15;41,87775
20.04.2024;22:30;41,798500000000004
20.04.2024;22:45;41,71925
20.04.2024;23:00;41,64
20.04.2024;23:15;41,613749999999996
20.04.2024;23:30;41,5875
20.04.2024;23:45;41,56125
21.04.2024;00:00;41,535
21.04.2024;00:15;41,253499999999995
21.04.2024;00:30;40,971999999999994
21.04.2024;00:45;40,6905
21.04.2024;01:00;40,409
21.04.2024;01:15;40,3825
21.04.2024;01:30;40,355999999999995
21.04.2024;01:45;40,329499999999996
21.04.2024;02:00;40,303
21.04.2024;02:15;40,174749999999996
21.04.2024;02:30;40,046499999999995
21.04.2024;02:45;39,91825
21.04.2024;03:00;39,79
21.04.2024;03:15;39,777
21.04.2024;03:30;39,763999999999996
21.04.2024;03:45;39,751
21.04.2024;04:00;39,738
21.04.2024;04:15;39,7315
21.04.2024;04:30;39,725
21.04.2024;04:45;39,718500000000006
21.04.2024;05:00;39,712
21.04.2024;05:15;39,73225
21.04.2024;05:30;39,7525
21.04.2024;05:45;39,77275
21.04.2024;06:00;39,793
21.04.2024;06:15;39,695499999999996
21.04.2024;06:30;39,598
21.04.2024;06:45;39,5005
21.04.2024;07:00;39,403
21.04.2024;07:15;39,41175
21.04.2024;07:30;39,420500000000004
21.04.2024;07:45;39,42925
21.04.2024;08:00;39,438
21.04.2024;08:15;39,3005
21.04.2024;08:30;39,163
21.04.2024;08:45;39,0255
21.04.2024;09:00;38,888
21.04.2024;09:15;38,32825
21.04.2024;09:30;37,7685
21.04.2024;09:45;37,20875
21.04.2024;10:00;36,649
21.04.2024;10:15;36,74825
21.04.2024;10:30;36,8475
21.04.2024;10:45;36,94675
21.04.2024;11:00;37,046
21.04.2024;11:15;36,2735
21.04.2024;11:30;35,501000000000005
21.04.2024;11:45;34,728500000000004
21.04.2024;12:00;33,956
21.04.2024;12:15;33,8115
21.04.2024;12:30;33,667
21.04.2024;12:45;33,5225
21.04.2024;13:00;33,378
21.04.2024;13:15;33,3485
21.04.2024;13:30;33,319
21.04.2024;13:45;33,2895
21.04.2024;14:00;33,26
21.04.2024;14:15;33,301249999999996
21.04.2024;14:30;33,3425
21.04.2024;14:45;33,38375
21.04.2024;15:00;33,425
21.04.2024;15:15;33,5565
21.04.2024;15:30;33,688
21.04.2024;15:45;33,8195
21.04.2024;16:00;33,951
21.04.2024;16:15;35,25625
21.04.2024;16:30;36,561499999999995
21.04.2024;16:45;37,866749999999996
21.04.2024;17:00;39,172
21.04.2024;17:15;39,5815
21.04.2024;17:30;39,991
21.04.2024;17:45;40,4005
21.04.2024;18:00;40,81
21.04.2024;18:15;41,179
21.04.2024;18:30;41,548
21.04.2024;18:45;41,917
21.04.2024;19:00;42,286
21.04.2024;19:15;42,4335
21.04.2024;19:30;42,581
21.04.2024;19:45;42,7285
21.04.2024;20:00;42,876
21.04.2024;20:15;42,771249999999995
21.04.2024;20:30;42,6665
21.04.2024;20:45;42,56175
21.04.2024;21:00;42,457
21.04.2024;21:15;42,4155
21.04.2024;21:30;42,373999999999995
21.04.2024;21:45;42,332499999999996
21.04.2024;22:00;42,291
21.04.2024;22:15;42,26725
21.04.2024;22:30;42,2435
21.04.2024;22:45;42,21975
21.04.2024;23:00;42,196
21.04.2024;23:15;41,958749999999995
21.04.2024;23:30;41,7215
21.04.2024;23:45;41,48425
22.04.2024;00:00;41,247
22.04.2024;00:15;41,224000000000004
22.04.2024;00:30;41,201
22.04.2024;00:45;41,178
22.04.2024;01:00;41,155
22.04.2024;01:15;41,16475
22.04.2024;01:30;41,1745
22.04.2024;01:45;41,184250000000006
22.04.2024;02:00;41,194
22.04.2024;02:15;41,231
22.04.2024;02:30;41,268
22.04.2024;02:45;41,305
22.04.2024;03:00;41,342
22.04.2024;03:15;41,33875
22.04.2024;03:30;41,335499999999996
22.04.2024;03:45;41,33225
22.04.2024;04:00;41,329
22.04.2024;04:15;41,52175
22.04.2024;04:30;41,7145
22.04.2024;04:45;41,907250000000005
22.04.2024;05:00;42,1
22.04.2024;05:15;42,56
22.04.2024;05:30;43,019999999999996
22.04.2024;05:45;43,48
22.04.2024;06:00;43,94
22.04.2024;06:15;44,56225
22.04.2024;06:30;45,1845
22.04.2024;06:45;45,80675
22.04.2024;07:00;46,429
22.04.2024;07:15;46,09575
22.04.2024;07:30;45,7625
22.04.2024;07:45;45,429249999999996
22.04.2024;08:00;45,096
22.04.2024;08:15;44,58575
22.04.2024;08:30;44,0755
22.04.2024;08:45;43,56525
22.04.2024;09:00;43,055
22.04.2024;09:15;42,67525
22.04.2024;09:30;42,295500000000004
22.04.2024;09:45;41,91575
22.04.2024;10:00;41,536
22.04.2024;10:15;41,5205
22.04.2024;10:30;41,504999999999995
22.04.2024;10:45;41,4895
22.04.2024;11:00;41,474
22.04.2024;11:15;41,369249999999994
22.04.2024;11:30;41,2645
22.04.2024;11:45;41,15975
22.04.2024;12:00;41,055
22.04.2024;12:15;40,9705
22.04.2024;12:30;40,885999999999996
22.04.2024;12:45;40,8015
22.04.2024;13:00;40,717
22.04.2024;13:15;40,7295
22.04.2024;13:30;40,742000000000004
22.04.2024;13:45;40,7545
22.04.2024;14:00;40,767
22.04.2024;14:15;40,874750000000006
22.04.2024;14:30;40,9825
22.04.2024;14:45;41,09025
22.04.2024;15:00;41,198
22.04.2024;15:15;41,27525
22.04.2024;15:30;41,3525
22.04.2024;15:45;41,42975
22.04.2024;16:00;41,507
22.04.2024;16:15;41,8875
22.04.2024;16:30;42,268
22.04.2024;16:45;42,6485
22.04.2024;17:00;43,029
22.04.2024;17:15;43,56425
22.04.2024;17:30;44,099500000000006
22.04.2024;17:45;44,634750000000004
22.04.2024;18:00;45,17
22.04.2024;18:15;46,316250000000004
22.04.2024;18:30;47,462500000000006
22.04.2024;18:45;48,60875
22.04.2024;19:00;49,755
22.04.2024;19:15;49,92775
22.04.2024;19:30;50,1005
22.04.2024;19:45;50,27325
22.04.2024;20:00;50,446
22.04.2024;20:15;49,423249999999996
22.04.2024;20:30;48,400499999999994
22.04.2024;20:45;47,37775
22.04.2024;21:00;46,355
22.04.2024;21:15;45,748
22.04.2024;21:30;45,141
22.04.2024;21:45;44,534
22.04.2024;22:00;43,927
22.04.2024;22:15;43,707499999999996
22.04.2024;22:30;43,488
22.04.2024;22:45;43,2685
22.04.2024;23:00;43,049
22.04.2024;23:15;42,83225
22.04.2024;23:30;42,6155
22.04.2024;23:45;42,39875
23.04.2024;00:00;42,182
23.04.2024;00:15;42,14125
23.04.2024;00:30;42,1005
23.04.2024;00:45;42,05975
23.04.2024;01:00;42,019
23.04.2024;01:15;42,0005
23.04.2024;01:30;41,982
23.04.2024;01:45;41,963499999999996
23.04.2024;02:00;41,945
23.04.2024;02:15;41,93175
23.04.2024;02:30;41,9185
23.04.2024;02:45;41,90525
23.04.2024;03:00;41,892
23.04.2024;03:15;41,91525
23.04.2024;03:30;41,938500000000005
23.04.2024;03:45;41,96175
23.04.2024;04:00;41,985
23.04.2024;04:15;42,2685
23.04.2024;04:30;42,552
23.04.2024;04:45;42,835499999999996
23.04.2024;05:00;43,119
23.04.2024;05:15;43,71175
23.04.2024;05:30;44,304500000000004
23.04.2024;05:45;44,89725
23.04.2024;06:00;45,49
23.04.2024;06:15;46,9865
23.04.2024;06:30;48,483000000000004
23.04.2024;06:45;49,9795
23.04.2024;07:00;51,476
23.04.2024;07:15;50,3515
23.04.2024;07:30;49,227000000000004
23.04.2024;07:45;48,1025
23.04.2024;08:00;46,978
23.04.2024;08:15;46,0305
23.04.2024;08:30;45,083
23.04.2024;08:45;44,1355
23.04.2024;09:00;43,188
23.04.2024;09:15;42,800250000000005
23.04.2024;09:30;42,4125
23.04.2024;09:45;42,02475
23.04.2024;10:00;41,637
23.04.2024;10:15;41,49675
23.04.2024;10:30;41,3565
23.04.2024;10:45;41,21625
23.04.2024;11:00;41,076
23.04.2024;11:15;41,081
23.04.2024;11:30;41,086
23.04.2024;11:45;41,090999999999994
23.04.2024;12:00;41,096
23.04.2024;12:15;41,144
23.04.2024;12:30;41,19199999999999
23.04.2024;12:45;41,239999999999995
23.04.2024;13:00;41,288
23.04.2024;13:15;41,269
23.04.2024;13:30;41,25
23.04.2024;13:45;41,231
23.04.2024;14:00;41,212
23.04.2024;14:15;41,247
23.04.2024;14:30;41,282
23.04.2024;14:45;41,317
23.04.2024;15:00;41,352
23.04.2024;15:15;41,427
23.04.2024;15:30;41,501999999999995
23.04.2024;15:45;41,577
23.04.2024;16:00;41,652
23.04.2024;16:15;41,82575
23.04.2024;16:30;41,9995
23.04.2024;16:45;42,17325
23.04.2024;17:00;42,347
23.04.2024;17:15;42,65775
23.04.2024;17:30;42,968500000000006
23.04.2024;17:45;43,279250000000005
23.04.2024;18:00;43,59
23.04.2024;18:15;44,105250000000005
23.04.2024;18:30;44,62050000000001
23.04.2024;18:45;45,13575
23.04.2024;19:00;45,651
23.04.2024;19:15;45,7025
23.04.2024;19:30;45,754000000000005
23.04.2024;19:45;45,8055
23.04.2024;20:00;45,857
23.04.2024;20:15;45,357749999999996
23.04.2024;20:30;44,8585
23.04.2024;20:45;44,35925
23.04.2024;21:00;43,86
23.04.2024;21:15;43,55075
23.04.2024;21:30;43,2415
23.04.2024;21:45;42,932249999999996
23.04.2024;22:00;42,623
23.04.2024;22:15;42,3435
23.04.2024;22:30;42,064
23.04.2024;22:45;41,7845
23.04.2024;23:00;41,505
23.04.2024;23:15;41,511250000000004
23.04.2024;23:30;41,5175
23.04.2024;23:45;41,52375
24.04.2024;00:00;41,53
24.04.2024;00:15;41,43425
24.04.2024;00:30;41,338499999999996
24.04.2024;00:45;41,24275
24.04.2024;01:00;41,147
24.04.2024;01:15;41,12675
24.04.2024;01:30;41,1065
24.04.2024;01:45;41,08625
24.04.2024;02:00;41,066
24.04.2024;02:15;41,0085
24.04.2024;02:30;40,951
24.04.2024;02:45;40,8935
24.04.2024;03:00;40,836
24.04.2024;03:15;40,89875
24.04.2024;03:30;40,9615
24.04.2024;03:45;41,02425
24.04.2024;04:00;41,087
24.04.2024;04:15;41,1985
24.04.2024;04:30;41,31
24.04.2024;04:45;41,4215
24.04.2024;05:00;41,533
24.04.2024;05:15;42,02875
24.04.2024;05:30;42,5245
24.04.2024;05:45;43,02025
24.04.2024;06:00;43,516
24.04.2024;06:15;44,17875
24.04.2024;06:30;44,841499999999996
24.04.2024;06:45;45,50425
24.04.2024;07:00;46,167
24.04.2024;07:15;45,6395
24.04.2024;07:30;45,112
24.04.2024;07:45;44,584500000000006
24.04.2024;08:00;44,057
24.04.2024;08:15;43,6755
24.04.2024;08:30;43,294
24.04.2024;08:45;42,9125
24.04.2024;09:00;42,531
24.04.2024;09:15;42,50425
24.04.2024;09:30;42,4775
24.04.2024;09:45;42,45075
24.04.2024;10:00;42,424
24.04.2024;10:15;42,36425
24.04.2024;10:30;42,304500000000004
24.04.2024;10:45;42,24475
24.04.2024;11:00;42,185
24.04.2024;11:15;42,041250000000005
24.04.2024;11:30;41,8975
24.04.2024;11:45;41,75375
24.04.2024;12:00;41,61
24.04.2024;12:15;41,54725
24.04.2024;12:30;41,4845
24.04.2024;12:45;41,42175
24.04.2024;13:00;41,359
24.04.2024;13:15;41,27
24.04.2024;13:30;41,181
24.04.2024;13:45;41,092
24.04.2024;14:00;41,003
24.04.2024;14:15;41,1075
24.04.2024;14:30;41,212
24.04.2024;14:45;41,3165
24.04.2024;15:00;41,421
24.04.2024;15:15;41,43125
24.04.2024;15:30;41,441500000000005
24.04.2024;15:45;41,451750000000004
24.04.2024;16:00;41,462
24.04.2024;16:15;41,599000000000004
24.04.2024;16:30;41,736000000000004
24.04.2024;16:45;41,873
24.04.2024;17:00;42,01
24.04.2024;17:15;42,3835
24.04.2024;17:30;42,757
24.04.2024;17:45;43,1305
24.04.2024;18:00;43,504
24.04.2024;18:15;44,3455
24.04.2024;18:30;45,187
24.04.2024;18:45;46,028499999999994
24.04.2024;19:00;46,87
24.04.2024;19:15;47,076
24.04.2024;19:30;47,282
24.04.2024;19:45;47,488
24.04.2024;20:00;47,694
24.04.2024;20:15;47,137
24.04.2024;20:30;46,58
24.04.2024;20:45;46,023
24.04.2024;21:00;45,466
24.04.2024;21:15;45,06975
24.04.2024;21:30;44,673500000000004
24.04.2024;21:45;44,27725
24.04.2024;22:00;43,881
24.04.2024;22:15;43,5035
24.04.2024;22:30;43,126000000000005
24.04.2024;22:45;42,7485
24.04.2024;23:00;42,371
24.04.2024;23:15;42,203250000000004
24.04.2024;23:30;42,0355
24.04.2024;23:45;41,86775
25.04.2024;00:00;41,7
25.04.2024;00:15;41,612500000000004
25.04.2024;00:30;41,525000000000006
25.04.2024;00:45;41,4375
25.04.2024;01:00;41,35
25.04.2024;01:15;41,28425
25.04.2024;01:30;41,218500000000006
25.04.2024;01:45;41,152750000000005
25.04.2024;02:00;41,087
25.04.2024;02:15;41,054
25.04.2024;02:30;41,021
25.04.2024;02:45;40,988
25.04.2024;03:00;40,955
25.04.2024;03:15;40,93475
25.04.2024;03:30;40,914500000000004
25.04.2024;03:45;40,89425
25.04.2024;04:00;40,874
25.04.2024;04:15;41,093500000000006
25.04.2024;04:30;41,313
25.04.2024;04:45;41,5325
25.04.2024;05:00;41,752
25.04.2024;05:15;42,212500000000006
25.04.2024;05:30;42,673
25.04.2024;05:45;43,1335
25.04.2024;06:00;43,594
25.04.2024;06:15;44,25925
25.04.2024;06:30;44,9245
25.04.2024;06:45;45,58975
25.04.2024;07:00;46,255
25.04.2024;07:15;45,846500000000006
25.04.2024;07:30;45,438
25.04.2024;07:45;45,0295
25.04.2024;08:00;44,621
25.04.2024;08:15;44,10575
25.04.2024;08:30;43,590500000000006
25.04.2024;08:45;43,075250000000004
25.04.2024;09:00;42,56
25.04.2024;09:15;42,25775
25.04.2024;09:30;41,9555
25.04.2024;09:45;41,65325
25.04.2024;10:00;41,351
25.04.2024;10:15;41,30575
25.04.2024;10:30;41,2605
25.04.2024;10:45;41,21525
25.04.2024;11:00;41,17
25.04.2024;11:15;41,063
25.04.2024;11:30;40,956
25.04.2024;11:45;40,849
25.04.2024;12:00;40,742
25.04.2024;12:15;40,610749999999996
25.04.2024;12:30;40,4795
25.04.2024;12:45;40,34825
25.04.2024;13:00;40,217
25.04.2024;13:15;40,1605
25.04.2024;13:30;40,104
25.04.2024;13:45;40,0475
25.04.2024;14:00;39,991
25.04.2024;14:15;40,06375
25.04.2024;14:30;40,1365
25.04.2024;14:45;40,20925
25.04.2024;15:00;40,282
25.04.2024;15:15;40,369249999999994
25.04.2024;15:30;40,4565
25.04.2024;15:45;40,54375
25.04.2024;16:00;40,631
25.04.2024;16:15;40,80775
25.04.2024;16:30;40,9845
25.04.2024;16:45;41,16125
25.04.2024;17:00;41,338
25.04.2024;17:15;41,72025
25.04.2024;17:30;42,1025
25.04.2024;17:45;42,48475
25.04.2024;18:00;42,867
25.04.2024;18:15;44,015
25.04.2024;18:30;45,163
25.04.2024;18:45;46,311
25.04.2024;19:00;47,459
25.04.2024;19:15;47,739000000000004
25.04.2024;19:30;48,019000000000005
25.04.2024;19:45;48,299
25.04.2024;20:00;48,579
25.04.2024;20:15;47,6145
25.04.2024;20:30;46,65
25.04.2024;20:45;45,6855
25.04.2024;21:00;44,721
25.04.2024;21:15;44,162
25.04.2024;21:30;43,602999999999994
25.04.2024;21:45;43,044
25.04.2024;22:00;42,485
25.04.2024;22:15;42,19475
25.04.2024;22:30;41,9045
25.04.2024;22:45;41,61425
25.04.2024;23:00;41,324
25.04.2024;23:15;41,32725
25.04.2024;23:30;41,3305
25.04.2024;23:45;41,33375
26.04.2024;00:00;41,337
26.04.2024;00:15;41,190250000000006
26.04.2024;00:30;41,0435
26.04.2024;00:45;40,89675
26.04.2024;01:00;40,75
26.04.2024;01:15;40,7675
26.04.2024;01:30;40,785
26.04.2024;01:45;40,8025
26.04.2024;02:00;40,82
26.04.2024;02:15;40,804249999999996
26.04.2024;02:30;40,7885
26.04.2024;02:45;40,77275
26.04.2024;03:00;40,757
26.04.2024;03:15;40,83275
26.04.2024;03:30;40,908500000000004
26.04.2024;03:45;40,98425
26.04.2024;04:00;41,06
26.04.2024;04:15;41,22475
26.04.2024;04:30;41,3895
26.04.2024;04:45;41,55425
26.04.2024;05:00;41,719
26.04.2024;05:15;41,96425
26.04.2024;05:30;42,209500000000006
26.04.2024;05:45;42,454750000000004
26.04.2024;06:00;42,7
26.04.2024;06:15;42,964
26.04.2024;06:30;43,228
26.04.2024;06:45;43,492000000000004
26.04.2024;07:00;43,756
26.04.2024;07:15;43,556
26.04.2024;07:30;43,356
26.04.2024;07:45;43,156000000000006
26.04.2024;08:00;42,956
26.04.2024;08:15;42,581500000000005
26.04.2024;08:30;42,207
26.04.2024;08:45;41,832499999999996
26.04.2024;09:00;41,458
26.04.2024;09:15;41,37625
26.04.2024;09:30;41,2945
26.04.2024;09:45;41,21275
26.04.2024;10:00;41,131
26.04.2024;10:15;41,0095
26.04.2024;10:30;40,888000000000005
26.04.2024;10:45;40,7665
26.04.2024;11:00;40,645
26.04.2024;11:15;40,58
26.04.2024;11:30;40,515
26.04.2024;11:45;40,45
26.04.2024;12:00;40,385
26.04.2024;12:15;40,34475
26.04.2024;12:30;40,3045
26.04.2024;12:45;40,26425
26.04.2024;13:00;40,224
26.04.2024;13:15;40,13975
26.04.2024;13:30;40,055499999999995
26.04.2024;13:45;39,97125
26.04.2024;14:00;39,887
26.04.2024;14:15;40,00075
26.04.2024;14:30;40,1145
26.04.2024;14:45;40,22825
26.04.2024;15:00;40,342
26.04.2024;15:15;40,3865
26.04.2024;15:30;40,431
26.04.2024;15:45;40,475500000000004
26.04.2024;16:00;40,52
26.04.2024;16:15;40,739000000000004
26.04.2024;16:30;40,958
26.04.2024;16:45;41,177
26.04.2024;17:00;41,396
26.04.2024;17:15;41,754000000000005
26.04.2024;17:30;42,112
26.04.2024;17:45;42,47
26.04.2024;18:00;42,828
26.04.2024;18:15;43,756
26.04.2024;18:30;44,684
26.04.2024;18:45;45,612
26.04.2024;19:00;46,54
26.04.2024;19:15;46,782
26.04.2024;19:30;47,024
26.04.2024;19:45;47,266000000000005
26.04.2024;20:00;47,508
26.04.2024;20:15;46,718500000000006
26.04.2024;20:30;45,929
26.04.2024;20:45;45,1395
26.04.2024;21:00;44,35
26.04.2024;21:15;43,91775
26.04.2024;21:30;43,4855
26.04.2024;21:45;43,053250000000006
26.04.2024;22:00;42,621
26.04.2024;22:15;42,509750000000004
26.04.2024;22:30;42,3985
26.04.2024;22:45;42,28725
26.04.2024;23:00;42,176
26.04.2024;23:15;42,22675
26.04.2024;23:30;42,2775
26.04.2024;23:45;42,32825
27.04.2024;00:00;42,379
27.04.2024;00:15;42,34425
27.04.2024;00:30;42,3095
27.04.2024;00:45;42,27475
27.04.2024;01:00;42,24
27.04.2024;01:15;42,18225
27.04.2024;01:30;42,1245
27.04.2024;01:45;42,06675
27.04.2024;02:00;42,009
27.04.2024;02:15;42,07
27.04.2024;02:30;42,131
27.04.2024;02:45;42,192
27.04.2024;03:00;42,253
27.04.2024;03:15;42,2195
27.04.2024;03:30;42,186
27.04.2024;03:45;42,1525
27.04.2024;04:00;42,119
27.04.2024;04:15;42,06875
27.04.2024;04:30;42,0185
27.04.2024;04:45;41,96825
27.04.2024;05:00;41,918
27.04.2024;05:15;41,928
27.04.2024;05:30;41,938
27.04.2024;05:45;41,948
27.04.2024;06:00;41,958
27.04.2024;06:15;41,782
27.04.2024;06:30;41,605999999999995
27.04.2024;06:45;41,43
27.04.2024;07:00;41,254
27.04.2024;07:15;40,99425
27.04.2024;07:30;40,7345
27.04.2024;07:45;40,47475
27.04.2024;08:00;40,215
27.04.2024;08:15;39,975500000000004
27.04.2024;08:30;39,736000000000004
27.04.2024;08:45;39,4965
27.04.2024;09:00;39,257
27.04.2024;09:15;38,680749999999996
27.04.2024;09:30;38,1045
27.04.2024;09:45;37,52825
27.04.2024;10:00;36,952
27.04.2024;10:15;36,262249999999995
27.04.2024;10:30;35,5725
27.04.2024;10:45;34,88275
27.04.2024;11:00;34,193
27.04.2024;11:15;33,983
27.04.2024;11:30;33,772999999999996
27.04.2024;11:45;33,563
27.04.2024;12:00;33,353
27.04.2024;12:15;33,350750000000005
27.04.2024;12:30;33,3485
27.04.2024;12:45;33,34625
27.04.2024;13:00;33,344
27.04.2024;13:15;33,3455
27.04.2024;13:30;33,347
27.04.2024;13:45;33,3485
27.04.2024;14:00;33,35
27.04.2024;14:15;33,35
27.04.2024;14:30;33,35
27.04.2024;14:45;33,35
27.04.2024;15:00;33,35
27.04.2024;15:15;33,84875
27.04.2024;15:30;34,3475
27.04.2024;15:45;34,84625
27.04.2024;16:00;35,345
27.04.2024;16:15;36,40075
27.04.2024;16:30;37,4565
27.04.2024;16:45;38,512249999999995
27.04.2024;17:00;39,568
27.04.2024;17:15;40,168
27.04.2024;17:30;40,768
27.04.2024;17:45;41,368
27.04.2024;18:00;41,968
27.04.2024;18:15;42,81100000000001
27.04.2024;18:30;43,654
27.04.2024;18:45;44,497
27.04.2024;19:00;45,34
27.04.2024;19:15;45,14925
27.04.2024;19:30;44,9585
27.04.2024;19:45;44,76775
27.04.2024;20:00;44,577
27.04.2024;20:15;43,89525
27.04.2024;20:30;43,213499999999996
27.04.2024;20:45;42,53175
27.04.2024;21:00;41,85
27.04.2024;21:15;41,6225
27.04.2024;21:30;41,394999999999996
27.04.2024;21:45;41,1675
27.04.2024;22:00;40,94
27.04.2024;22:15;40,673249999999996
27.04.2024;22:30;40,406499999999994
27.04.2024;22:45;40,13975
27.04.2024;23:00;39,873
27.04.2024;23:15;39,652
27.04.2024;23:30;39,431
27.04.2024;23:45;39,209999999999994
28.04.2024;00:00;38,989
28.04.2024;00:15;38,732749999999996
28.04.2024;00:30;38,4765
28.04.2024;00:45;38,22025
28.04.2024;01:00;37,964
28.04.2024;01:15;37,8005
28.04.2024;01:30;37,637
28.04.2024;01:45;37,4735
28.04.2024;02:00;37,31
28.04.2024;02:15;37,10875
28.04.2024;02:30;36,9075
28.04.2024;02:45;36,706250000000004
28.04.2024;03:00;36,505
28.04.2024;03:15;36,40625
28.04.2024;03:30;36,307500000000005
28.04.2024;03:45;36,20875
28.04.2024;04:00;36,11
28.04.2024;04:15;36,07125
28.04.2024;04:30;36,0325
28.04.2024;04:45;35,99375
28.04.2024;05:00;35,955
28.04.2024;05:15;35,55175
28.04.2024;05:30;35,1485
28.04.2024;05:45;34,74525
28.04.2024;06:00;34,342
28.04.2024;06:15;34,0965
28.04.2024;06:30;33,851
28.04.2024;06:45;33,6055
28.04.2024;07:00;33,36
28.04.2024;07:15;33,35575
28.04.2024;07:30;33,3515
28.04.2024;07:45;33,34725
28.04.2024;08:00;33,343
28.04.2024;08:15;33,319250000000004
28.04.2024;08:30;33,295500000000004
28.04.2024;08:45;33,27175
28.04.2024;09:00;33,248
28.04.2024;09:15;32,857749999999996
28.04.2024;09:30;32,4675
28.04.2024;09:45;32,07725
28.04.2024;10:00;31,687
28.04.2024;10:15;31,18475
28.04.2024;10:30;30,6825
28.04.2024;10:45;30,18025
28.04.2024;11:00;29,678
28.04.2024;11:15;29,09475
28.04.2024;11:30;28,511499999999998
28.04.2024;11:45;27,92825
28.04.2024;12:00;27,345
28.04.2024;12:15;27,344
28.04.2024;12:30;27,343
28.04.2024;12:45;27,342
28.04.2024;13:00;27,341
28.04.2024;13:15;27,21675
28.04.2024;13:30;27,0925
28.04.2024;13:45;26,96825
28.04.2024;14:00;26,844
28.04.2024;14:15;27,159750000000003
28.04.2024;14:30;27,4755
28.04.2024;14:45;27,791249999999998
28.04.2024;15:00;28,107
28.04.2024;15:15;28,8315
28.04.2024;15:30;29,555999999999997
28.04.2024;15:45;30,2805
28.04.2024;16:00;31,005
28.04.2024;16:15;31,59075
28.04.2024;16:30;32,1765
28.04.2024;16:45;32,76225
28.04.2024;17:00;33,348
28.04.2024;17:15;33,983
28.04.2024;17:30;34,617999999999995
28.04.2024;17:45;35,253
28.04.2024;18:00;35,888
28.04.2024;18:15;36,9875
28.04.2024;18:30;38,087
28.04.2024;18:45;39,1865
28.04.2024;19:00;40,286
28.04.2024;19:15;40,48825
28.04.2024;19:30;40,6905
28.04.2024;19:45;40,89275
28.04.2024;20:00;41,095
28.04.2024;20:15;41,122749999999996
28.04.2024;20:30;41,1505
28.04.2024;20:45;41,178250000000006
28.04.2024;21:00;41,206
28.04.2024;21:15;41,047250000000005
28.04.2024;21:30;40,8885
28.04.2024;21:45;40,729749999999996
28.04.2024;22:00;40,571
28.04.2024;22:15;40,43925
28.04.2024;22:30;40,3075
28.04.2024;22:45;40,175749999999994
28.04.2024;23:00;40,044
28.04.2024;23:15;39,94925
28.04.2024;23:30;39,8545
28.04.2024;23:45;39,75975
29.04.2024;00:00;39,665
29.04.2024;00:15;39,5875
29.04.2024;00:30;39,51
29.04.2024;00:45;39,4325
29.04.2024;01:00;39,355
29.04.2024;01:15;39,327
29.04.2024;01:30;39,299
29.04.2024;01:45;39,271
29.04.2024;02:00;39,243
29.04.2024;02:15;39,33125
29.04.2024;02:30;39,4195
29.04.2024;02:45;39,50775
29.04.2024;03:00;39,596
29.04.2024;03:15;39,955
29.04.2024;03:30;40,31399999999999
29.04.2024;03:45;40,672999999999995
29.04.2024;04:00;41,032
29.04.2024;04:15;41,241
29.04.2024;04:30;41,45
29.04.2024;04:45;41,659
29.04.2024;05:00;41,868
29.04.2024;05:15;42,298
29.04.2024;05:30;42,728
29.04.2024;05:45;43,158
29.04.2024;06:00;43,588
29.04.2024;06:15;43,97725
29.04.2024;06:30;44,3665
29.04.2024;06:45;44,755750000000006
29.04.2024;07:00;45,145
29.04.2024;07:15;44,7135
29.04.2024;07:30;44,282
29.04.2024;07:45;43,8505
29.04.2024;08:00;43,419
29.04.2024;08:15;42,781
29.04.2024;08:30;42,143
29.04.2024;08:45;41,504999999999995
29.04.2024;09:00;40,867
29.04.2024;09:15;40,467999999999996
29.04.2024;09:30;40,069
29.04.2024;09:45;39,67
29.04.2024;10:00;39,271
29.04.2024;10:15;38,70225
29.04.2024;10:30;38,1335
29.04.2024;10:45;37,564750000000004
29.04.2024;11:00;36,996
29.04.2024;11:15;36,989000000000004
29.04.2024;11:30;36,982
29.04.2024;11:45;36,975
29.04.2024;12:00;36,968
29.04.2024;12:15;36,953250000000004
29.04.2024;12:30;36,938500000000005
29.04.2024;12:45;36,92375
29.04.2024;13:00;36,909
29.04.2024;13:15;36,86
29.04.2024;13:30;36,811
29.04.2024;13:45;36,762
29.04.2024;14:00;36,713
29.04.2024;14:15;36,7615
29.04.2024;14:30;36,81
29.04.2024;14:45;36,8585
29.04.2024;15:00;36,907
29.04.2024;15:15;37,20975
29.04.2024;15:30;37,5125
29.04.2024;15:45;37,81525
29.04.2024;16:00;38,118
29.04.2024;16:15;39,06975
29.04.2024;16:30;40,0215
29.04.2024;16:45;40,97325
29.04.2024;17:00;41,925
29.04.2024;17:15;42,399499999999996
29.04.2024;17:30;42,873999999999995
29.04.2024;17:45;43,3485
29.04.2024;18:00;43,823
29.04.2024;18:15;45,70575
29.04.2024;18:30;47,588499999999996
29.04.2024;18:45;49,47125
29.04.2024;19:00;51,354
29.04.2024;19:15;51,96725
29.04.2024;19:30;52,5805
29.04.2024;19:45;53,19375
29.04.2024;20:00;53,807
29.04.2024;20:15;51,4065
29.04.2024;20:30;49,006
29.04.2024;20:45;46,6055
29.04.2024;21:00;44,205
29.04.2024;21:15;43,6735
29.04.2024;21:30;43,141999999999996
29.04.2024;21:45;42,6105
29.04.2024;22:00;42,079
29.04.2024;22:15;41,9255
29.04.2024;22:30;41,772000000000006
29.04.2024;22:45;41,618500000000004
29.04.2024;23:00;41,465
29.04.2024;23:15;41,28025
29.04.2024;23:30;41,0955
29.04.2024;23:45;40,91075
30.04.2024;00:00;40,726
30.04.2024;00:15;40,551249999999996
30.04.2024;00:30;40,3765
30.04.2024;00:45;40,201750000000004
30.04.2024;01:00;40,027
30.04.2024;01:15;40,118
30.04.2024;01:30;40,209
30.04.2024;01:45;40,3
30.04.2024;02:00;40,391
30.04.2024;02:15;40,38075
30.04.2024;02:30;40,3705
30.04.2024;02:45;40,36025
30.04.2024;03:00;40,35
30.04.2024;03:15;40,35
30.04.2024;03:30;40,35
30.04.2024;03:45;40,35
30.04.2024;04:00;40,35
30.04.2024;04:15;40,56925
30.04.2024;04:30;40,7885
30.04.2024;04:45;41,00775
30.04.2024;05:00;41,227
30.04.2024;05:15;41,631499999999996
30.04.2024;05:30;42,036
30.04.2024;05:45;42,4405
30.04.2024;06:00;42,845
30.04.2024;06:15;43,019999999999996
30.04.2024;06:30;43,195
30.04.2024;06:45;43,370000000000005
30.04.2024;07:00;43,545
30.04.2024;07:15;43,207750000000004
30.04.2024;07:30;42,8705
30.04.2024;07:45;42,533249999999995
30.04.2024;08:00;42,196
30.04.2024;08:15;41,909499999999994
30.04.2024;08:30;41,623
30.04.2024;08:45;41,3365
30.04.2024;09:00;41,05
30.04.2024;09:15;40,6765
30.04.2024;09:30;40,303
30.04.2024;09:45;39,9295
30.04.2024;10:00;39,556
30.04.2024;10:15;39,182
30.04.2024;10:30;38,808
30.04.2024;10:45;38,434
30.04.2024;11:00;38,06
30.04.2024;11:15;37,58375
30.04.2024;11:30;37,1075
30.04.2024;11:45;36,63125
30.04.2024;12:00;36,155
30.04.2024;12:15;35,73625
30.04.2024;12:30;35,317499999999995
30.04.2024;12:45;34,89875
30.04.2024;13:00;34,48
30.04.2024;13:15;34,4475
30.04.2024;13:30;34,415
30.04.2024;13:45;34,3825
30.04.2024;14:00;34,35
30.04.2024;14:15;34,578500000000005
30.04.2024;14:30;34,807
30.04.2024;14:45;35,0355
30.04.2024;15:00;35,264
30.04.2024;15:15;35,9315
30.04.2024;15:30;36,599000000000004
30.04.2024;15:45;37,2665
30.04.2024;16:00;37,934
30.04.2024;16:15;38,461749999999995
30.04.2024;16:30;38,9895
30.04.2024;16:45;39,517250000000004
30.04.2024;17:00;40,045
30.04.2024;17:15;40,526250000000005
30.04.2024;17:30;41,0075
30.04.2024;17:45;41,488749999999996
30.04.2024;18:00;41,97
30.04.2024;18:15;42,86525
30.04.2024;18:30;43,7605
30.04.2024;18:45;44,65575
30.04.2024;19:00;45,551
30.04.2024;19:15;45,811
30.04.2024;19:30;46,071
30.04.2024;19:45;46,331
30.04.2024;20:00;46,591
30.04.2024;20:15;45,49
30.04.2024;20:30;44,388999999999996
30.04.2024;20:45;43,288
30.04.2024;21:00;42,187
30.04.2024;21:15;41,927
30.04.2024;21:30;41,667
30.04.2024;21:45;41,407
30.04.2024;22:00;41,147
30.04.2024;22:15;41,089999999999996
30.04.2024;22:30;41,033
30.04.2024;22:45;40,976
30.04.2024;23:00;40,919
30.04.2024;23:15;40,696999999999996
30.04.2024;23:30;40,474999999999994
30.04.2024;23:45;40,253
01.05.2024;00:00;40,031
01.05.2024;00:15;39,738
01.05.2024;00:30;39,445
01.05.2024;00:45;39,152
01.05.2024;01:00;38,859
01.05.2024;01:15;38,7395
01.05.2024;01:30;38,620000000000005
01.05.2024;01:45;38,5005
01.05.2024;02:00;38,381
01.05.2024;02:15;38,223
01.05.2024;02:30;38,065
01.05.2024;02:45;37,907000000000004
01.05.2024;03:00;37,749
01.05.2024;03:15;37,844500000000004
01.05.2024;03:30;37,94
01.05.2024;03:45;38,0355
01.05.2024;04:00;38,131
01.05.2024;04:15;38,053
01.05.2024;04:30;37,975
01.05.2024;04:45;37,897000000000006
01.05.2024;05:00;37,819
01.05.2024;05:15;37,76375
01.05.2024;05:30;37,7085
01.05.2024;05:45;37,65325
01.05.2024;06:00;37,598
01.05.2024;06:15;37,238
01.05.2024;06:30;36,878
01.05.2024;06:45;36,518
01.05.2024;07:00;36,158
01.05.2024;07:15;35,66725
01.05.2024;07:30;35,176500000000004
01.05.2024;07:45;34,68575
01.05.2024;08:00;34,195
01.05.2024;08:15;33,984
01.05.2024;08:30;33,772999999999996
01.05.2024;08:45;33,562
01.05.2024;09:00;33,351
01.05.2024;09:15;33,326499999999996
01.05.2024;09:30;33,302
01.05.2024;09:45;33,2775
01.05.2024;10:00;33,253
01.05.2024;10:15;32,275999999999996
01.05.2024;10:30;31,299
01.05.2024;10:45;30,322
01.05.2024;11:00;29,345
01.05.2024;11:15;28,04875
01.05.2024;11:30;26,752499999999998
01.05.2024;11:45;25,45625
01.05.2024;12:00;24,16
01.05.2024;12:15;23,4575
01.05.2024;12:30;22,755000000000003
01.05.2024;12:45;22,052500000000002
01.05.2024;13:00;21,35
01.05.2024;13:15;21,34825
01.05.2024;13:30;21,3465
01.05.2024;13:45;21,34475
01.05.2024;14:00;21,343
01.05.2024;14:15;22,34525
01.05.2024;14:30;23,3475
01.05.2024;14:45;24,34975
01.05.2024;15:00;25,352
01.05.2024;15:15;26,60125
01.05.2024;15:30;27,8505
01.05.2024;15:45;29,09975
01.05.2024;16:00;30,349
01.05.2024;16:15;31,07075
01.05.2024;16:30;31,792499999999997
01.05.2024;16:45;32,51425
01.05.2024;17:00;33,236
01.05.2024;17:15;33,647499999999994
01.05.2024;17:30;34,059
01.05.2024;17:45;34,4705
01.05.2024;18:00;34,882
01.05.2024;18:15;35,759
01.05.2024;18:30;36,635999999999996
01.05.2024;18:45;37,513
01.05.2024;19:00;38,39
01.05.2024;19:15;38,38
01.05.2024;19:30;38,370000000000005
01.05.2024;19:45;38,36
01.05.2024;20:00;38,35
01.05.2024;20:15;37,95025
01.05.2024;20:30;37,5505
01.05.2024;20:45;37,15075
01.05.2024;21:00;36,751
01.05.2024;21:15;36,64875
01.05.2024;21:30;36,546499999999995
01.05.2024;21:45;36,44425
01.05.2024;22:00;36,342
01.05.2024;22:15;36,144
01.05.2024;22:30;35,946
01.05.2024;22:45;35,748
01.05.2024;23:00;35,55
01.05.2024;23:15;35,364
01.05.2024;23:30;35,178
01.05.2024;23:45;34,992
02.05.2024;00:00;34,806
02.05.2024;00:15;34,7155
02.05.2024;00:30;34,625
02.05.2024;00:45;34,5345
02.05.2024;01:00;34,444
02.05.2024;01:15;34,420500000000004
02.05.2024;01:30;34,397000000000006
02.05.2024;01:45;34,3735
02.05.2024;02:00;34,35
02.05.2024;02:15;34,295
02.05.2024;02:30;34,24
02.05.2024;02:45;34,185
02.05.2024;03:00;34,13
02.05.2024;03:15;34,20075
02.05.2024;03:30;34,2715
02.05.2024;03:45;34,34225
02.05.2024;04:00;34,413
02.05.2024;04:15;34,94875
02.05.2024;04:30;35,4845
02.05.2024;04:45;36,02025
02.05.2024;05:00;36,556
02.05.2024;05:15;37,5725
02.05.2024;05:30;38,589
02.05.2024;05:45;39,6055
02.05.2024;06:00;40,622
02.05.2024;06:15;40,760999999999996
02.05.2024;06:30;40,9
02.05.2024;06:45;41,039
02.05.2024;07:00;41,178
02.05.2024;07:15;40,793499999999995
02.05.2024;07:30;40,409
02.05.2024;07:45;40,0245
02.05.2024;08:00;39,64
02.05.2024;08:15;38,85375
02.05.2024;08:30;38,067499999999995
02.05.2024;08:45;37,28125
02.05.2024;09:00;36,495
02.05.2024;09:15;35,83625
02.05.2024;09:30;35,177499999999995
02.05.2024;09:45;34,51875
02.05.2024;10:00;33,86
02.05.2024;10:15;33,7305
02.05.2024;10:30;33,601
02.05.2024;10:45;33,4715
02.05.2024;11:00;33,342
02.05.2024;11:15;33,30075
02.05.2024;11:30;33,2595
02.05.2024;11:45;33,21825
02.05.2024;12:00;33,177
02.05.2024;12:15;33,1155
02.05.2024;12:30;33,054
02.05.2024;12:45;32,9925
02.05.2024;13:00;32,931
02.05.2024;13:15;33,034499999999994
02.05.2024;13:30;33,138
02.05.2024;13:45;33,2415
02.05.2024;14:00;33,345
02.05.2024;14:15;33,311499999999995
02.05.2024;14:30;33,278
02.05.2024;14:45;33,2445
02.05.2024;15:00;33,211
02.05.2024;15:15;33,34675
02.05.2024;15:30;33,4825
02.05.2024;15:45;33,618249999999996
02.05.2024;16:00;33,754
02.05.2024;16:15;35,032
02.05.2024;16:30;36,31
02.05.2024;16:45;37,588
02.05.2024;17:00;38,866
02.05.2024;17:15;39,5175
02.05.2024;17:30;40,169
02.05.2024;17:45;40,8205
02.05.2024;18:00;41,472
02.05.2024;18:15;41,6405
02.05.2024;18:30;41,809
02.05.2024;18:45;41,9775
02.05.2024;19:00;42,146
02.05.2024;19:15;42,0755
02.05.2024;19:30;42,004999999999995
02.05.2024;19:45;41,9345
02.05.2024;20:00;41,864
02.05.2024;20:15;41,79325
02.05.2024;20:30;41,7225
02.05.2024;20:45;41,65175
02.05.2024;21:00;41,581
02.05.2024;21:15;41,478500000000004
02.05.2024;21:30;41,376000000000005
02.05.2024;21:45;41,2735
02.05.2024;22:00;41,171
02.05.2024;22:15;40,99125
02.05.2024;22:30;40,811499999999995
02.05.2024;22:45;40,63175
02.05.2024;23:00;40,452
02.05.2024;23:15;40,224
02.05.2024;23:30;39,995999999999995
02.05.2024;23:45;39,768
03.05.2024;00:00;39,54
03.05.2024;00:15;39,471000000000004
03.05.2024;00:30;39,402
03.05.2024;00:45;39,333
03.05.2024;01:00;39,264
03.05.2024;01:15;39,23425
03.05.2024;01:30;39,2045
03.05.2024;01:45;39,17475
03.05.2024;02:00;39,145
03.05.2024;02:15;39,158750000000005
03.05.2024;02:30;39,1725
03.05.2024;02:45;39,18625
03.05.2024;03:00;39,2
03.05.2024;03:15;39,216
03.05.2024;03:30;39,232
03.05.2024;03:45;39,248000000000005
03.05.2024;04:00;39,264
03.05.2024;04:15;39,51475000000001
03.05.2024;04:30;39,7655
03.05.2024;04:45;40,01625
03.05.2024;05:00;40,267
03.05.2024;05:15;40,631750000000004
03.05.2024;05:30;40,9965
03.05.2024;05:45;41,36125
03.05.2024;06:00;41,726
03.05.2024;06:15;41,76875
03.05.2024;06:30;41,811499999999995
03.05.2024;06:45;41,85425
03.05.2024;07:00;41,897
03.05.2024;07:15;42,068
03.05.2024;07:30;42,239000000000004
03.05.2024;07:45;42,410000000000004
03.05.2024;08:00;42,581
03.05.2024;08:15;42,4795
03.05.2024;08:30;42,378
03.05.2024;08:45;42,2765
03.05.2024;09:00;42,175
03.05.2024;09:15;41,9175
03.05.2024;09:30;41,66
03.05.2024;09:45;41,4025
03.05.2024;10:00;41,145
03.05.2024;10:15;41,01075
03.05.2024;10:30;40,8765
03.05.2024;10:45;40,74225
03.05.2024;11:00;40,608
03.05.2024;11:15;40,396249999999995
03.05.2024;11:30;40,1845
03.05.2024;11:45;39,972750000000005
03.05.2024;12:00;39,761
03.05.2024;12:15;39,6415
03.05.2024;12:30;39,522000000000006
03.05.2024;12:45;39,4025
03.05.2024;13:00;39,283
03.05.2024;13:15;39,301
03.05.2024;13:30;39,319
03.05.2024;13:45;39,336999999999996
03.05.2024;14:00;39,355
03.05.2024;14:15;39,471
03.05.2024;14:30;39,587
03.05.2024;14:45;39,703
03.05.2024;15:00;39,819
03.05.2024;15:15;40,009
03.05.2024;15:30;40,199
03.05.2024;15:45;40,389
03.05.2024;16:00;40,579
03.05.2024;16:15;60,02175
03.05.2024;16:30;79,46449999999999
03.05.2024;16:45;98,90724999999999
03.05.2024;17:00;118,35
03.05.2024;17:15;99,32225
03.05.2024;17:30;80,2945
03.05.2024;17:45;61,26675
03.05.2024;18:00;42,239
03.05.2024;18:15;42,653999999999996
03.05.2024;18:30;43,069
03.05.2024;18:45;43,484
03.05.2024;19:00;43,899
03.05.2024;19:15;44,26025
03.05.2024;19:30;44,6215
03.05.2024;19:45;44,98275
03.05.2024;20:00;45,344
03.05.2024;20:15;45,044250000000005
03.05.2024;20:30;44,7445
03.05.2024;20:45;44,44475
03.05.2024;21:00;44,145
03.05.2024;21:15;43,78275
03.05.2024;21:30;43,420500000000004
03.05.2024;21:45;43,05825
03.05.2024;22:00;42,696
03.05.2024;22:15;42,4985
03.05.2024;22:30;42,301
03.05.2024;22:45;42,1035
03.05.2024;23:00;41,906
03.05.2024;23:15;42,037
03.05.2024;23:30;42,168
03.05.2024;23:45;42,299
04.05.2024;00:00;42,43
04.05.2024;00:15;42,354749999999996
04.05.2024;00:30;42,2795
04.05.2024;00:45;42,20425
04.05.2024;01:00;42,129
04.05.2024;01:15;42,09075
04.05.2024;01:30;42,052499999999995
04.05.2024;01:45;42,01425
04.05.2024;02:00;41,976
04.05.2024;02:15;42,0125
04.05.2024;02:30;42,049
04.05.2024;02:45;42,085499999999996
04.05.2024;03:00;42,122
04.05.2024;03:15;42,195
04.05.2024;03:30;42,268
04.05.2024;03:45;42,341
04.05.2024;04:00;42,414
04.05.2024;04:15;42,6065
04.05.2024;04:30;42,799
04.05.2024;04:45;42,9915
04.05.2024;05:00;43,184
04.05.2024;05:15;43,08025
04.05.2024;05:30;42,9765
04.05.2024;05:45;42,872749999999996
04.05.2024;06:00;42,769
04.05.2024;06:15;42,66475
04.05.2024;06:30;42,5605
04.05.2024;06:45;42,45625
04.05.2024;07:00;42,352
04.05.2024;07:15;42,0635
04.05.2024;07:30;41,775
04.05.2024;07:45;41,4865
04.05.2024;08:00;41,198
04.05.2024;08:15;40,795500000000004
04.05.2024;08:30;40,393
04.05.2024;08:45;39,9905
04.05.2024;09:00;39,588
04.05.2024;09:15;39,05775
04.05.2024;09:30;38,5275
04.05.2024;09:45;37,99725
04.05.2024;10:00;37,467
04.05.2024;10:15;37,21725
04.05.2024;10:30;36,9675
04.05.2024;10:45;36,71775
04.05.2024;11:00;36,468
04.05.2024;11:15;36,31175
04.05.2024;11:30;36,1555
04.05.2024;11:45;35,99925
04.05.2024;12:00;35,843
04.05.2024;12:15;35,583
04.05.2024;12:30;35,323
04.05.2024;12:45;35,063
04.05.2024;13:00;34,803
04.05.2024;13:15;34,77325
04.05.2024;13:30;34,7435
04.05.2024;13:45;34,71375
04.05.2024;14:00;34,684
04.05.2024;14:15;35,00125
04.05.2024;14:30;35,3185
04.05.2024;14:45;35,63575
04.05.2024;15:00;35,953
04.05.2024;15:15;36,89275000000001
04.05.2024;15:30;37,8325
04.05.2024;15:45;38,77225
04.05.2024;16:00;39,712
04.05.2024;16:15;40,105500000000006
04.05.2024;16:30;40,499
04.05.2024;16:45;40,8925
04.05.2024;17:00;41,286
04.05.2024;17:15;41,752250000000004
04.05.2024;17:30;42,218500000000006
04.05.2024;17:45;42,68475
04.05.2024;18:00;43,151
04.05.2024;18:15;43,74875
04.05.2024;18:30;44,346500000000006
04.05.2024;18:45;44,944250000000004
04.05.2024;19:00;45,542
04.05.2024;19:15;45,879000000000005
04.05.2024;19:30;46,216
04.05.2024;19:45;46,553
04.05.2024;20:00;46,89
04.05.2024;20:15;46,344
04.05.2024;20:30;45,798
04.05.2024;20:45;45,252
04.05.2024;21:00;44,706
04.05.2024;21:15;44,1235
04.05.2024;21:30;43,541
04.05.2024;21:45;42,9585
04.05.2024;22:00;42,376
04.05.2024;22:15;42,2095
04.05.2024;22:30;42,043
04.05.2024;22:45;41,8765
04.05.2024;23:00;41,71
04.05.2024;23:15;41,8845
04.05.2024;23:30;42,059
04.05.2024;23:45;42,2335
05.05.2024;00:00;42,408
05.05.2024;00:15;42,264
05.05.2024;00:30;42,120000000000005
05.05.2024;00:45;41,976
05.05.2024;01:00;41,832
05.05.2024;01:15;41,7995
05.05.2024;01:30;41,766999999999996
05.05.2024;01:45;41,7345
05.05.2024;02:00;41,702
05.05.2024;02:15;41,62625
05.05.2024;02:30;41,5505
05.05.2024;02:45;41,47475
05.05.2024;03:00;41,399
05.05.2024;03:15;41,255250000000004
05.05.2024;03:30;41,1115
05.05.2024;03:45;40,967749999999995
05.05.2024;04:00;40,824
05.05.2024;04:15;40,73375
05.05.2024;04:30;40,6435
05.05.2024;04:45;40,55325
05.05.2024;05:00;40,463
05.05.2024;05:15;40,23875
05.05.2024;05:30;40,0145
05.05.2024;05:45;39,79025
05.05.2024;06:00;39,566
05.05.2024;06:15;39,389
05.05.2024;06:30;39,212
05.05.2024;06:45;39,035
05.05.2024;07:00;38,858
05.05.2024;07:15;38,51425
05.05.2024;07:30;38,1705
05.05.2024;07:45;37,82675
05.05.2024;08:00;37,483
05.05.2024;08:15;37,10275
05.05.2024;08:30;36,7225
05.05.2024;08:45;36,34225
05.05.2024;09:00;35,962
05.05.2024;09:15;35,53025
05.05.2024;09:30;35,0985
05.05.2024;09:45;34,66675
05.05.2024;10:00;34,235
05.05.2024;10:15;34,02475
05.05.2024;10:30;33,814499999999995
05.05.2024;10:45;33,60425
05.05.2024;11:00;33,394
05.05.2024;11:15;33,382999999999996
05.05.2024;11:30;33,372
05.05.2024;11:45;33,361000000000004
05.05.2024;12:00;33,35
05.05.2024;12:15;33,349000000000004
05.05.2024;12:30;33,348
05.05.2024;12:45;33,346999999999994
05.05.2024;13:00;33,346
05.05.2024;13:15;33,32275
05.05.2024;13:30;33,299499999999995
05.05.2024;13:45;33,27625
05.05.2024;14:00;33,253
05.05.2024;14:15;33,27475
05.05.2024;14:30;33,2965
05.05.2024;14:45;33,318250000000006
05.05.2024;15:00;33,34
05.05.2024;15:15;33,3425
05.05.2024;15:30;33,345
05.05.2024;15:45;33,347500000000004
05.05.2024;16:00;33,35
05.05.2024;16:15;34,15
05.05.2024;16:30;34,95
05.05.2024;16:45;35,75
05.05.2024;17:00;36,55
05.05.2024;17:15;37,912499999999994
05.05.2024;17:30;39,275
05.05.2024;17:45;40,6375
05.05.2024;18:00;42,0
05.05.2024;18:15;42,2435
05.05.2024;18:30;42,486999999999995
05.05.2024;18:45;42,7305
05.05.2024;19:00;42,974
05.05.2024;19:15;43,366
05.05.2024;19:30;43,757999999999996
05.05.2024;19:45;44,15
05.05.2024;20:00;44,542
05.05.2024;20:15;44,43225
05.05.2024;20:30;44,322500000000005
05.05.2024;20:45;44,21275
05.05.2024;21:00;44,103
05.05.2024;21:15;43,883250000000004
05.05.2024;21:30;43,6635
05.05.2024;21:45;43,443749999999994
05.05.2024;22:00;43,224
05.05.2024;22:15;42,972249999999995
05.05.2024;22:30;42,7205
05.05.2024;22:45;42,46875
05.05.2024;23:00;42,217
05.05.2024;23:15;42,07175
05.05.2024;23:30;41,926500000000004
05.05.2024;23:45;41,78125
06.05.2024;00:00;41,636
06.05.2024;00:15;61,8145
06.05.2024;00:30;81,993
06.05.2024;00:45;102,17150000000001
06.05.2024;01:00;122,35
06.05.2024;01:15;102,11025
06.05.2024;01:30;81,87049999999999
06.05.2024;01:45;61,63074999999999
06.05.2024;02:00;41,391
06.05.2024;02:15;41,3795
06.05.2024;02:30;41,367999999999995
06.05.2024;02:45;41,3565
06.05.2024;03:00;41,345
06.05.2024;03:15;41,3885
06.05.2024;03:30;41,432
06.05.2024;03:45;41,4755
06.05.2024;04:00;41,519
06.05.2024;04:15;41,69625
06.05.2024;04:30;41,8735
06.05.2024;04:45;42,05075
06.05.2024;05:00;42,228
06.05.2024;05:15;42,68575
06.05.2024;05:30;43,1435
06.05.2024;05:45;43,60125
06.05.2024;06:00;44,059
06.05.2024;06:15;44,63825
06.05.2024;06:30;45,2175
06.05.2024;06:45;45,796749999999996
06.05.2024;07:00;46,376
06.05.2024;07:15;45,65325
06.05.2024;07:30;44,930499999999995
06.05.2024;07:45;44,20775
06.05.2024;08:00;43,485
06.05.2024;08:15;43,176249999999996
06.05.2024;08:30;42,8675
06.05.2024;08:45;42,55875
06.05.2024;09:00;42,25
06.05.2024;09:15;42,05275
06.05.2024;09:30;41,8555
06.05.2024;09:45;41,658249999999995
06.05.2024;10:00;41,461
06.05.2024;10:15;41,339
06.05.2024;10:30;41,217
06.05.2024;10:45;41,095
06.05.2024;11:00;40,973
06.05.2024;11:15;40,973749999999995
06.05.2024;11:30;40,9745
06.05.2024;11:45;40,97525
06.05.2024;12:00;40,976
06.05.2024;12:15;40,93725
06.05.2024;12:30;40,8985
06.05.2024;12:45;40,85975
06.05.2024;13:00;40,821
06.05.2024;13:15;40,8255
06.05.2024;13:30;40,83
06.05.2024;13:45;40,8345
06.05.2024;14:00;40,839
06.05.2024;14:15;40,9945
06.05.2024;14:30;41,15
06.05.2024;14:45;41,305499999999995
06.05.2024;15:00;41,461
06.05.2024;15:15;41,473749999999995
06.05.2024;15:30;41,4865
06.05.2024;15:45;41,49925
06.05.2024;16:00;41,512
06.05.2024;16:15;41,8055
06.05.2024;16:30;42,099000000000004
06.05.2024;16:45;42,3925
06.05.2024;17:00;42,686
06.05.2024;17:15;43,06125
06.05.2024;17:30;43,436499999999995
06.05.2024;17:45;43,811749999999996
06.05.2024;18:00;44,187
06.05.2024;18:15;44,894
06.05.2024;18:30;45,601
06.05.2024;18:45;46,308
06.05.2024;19:00;47,015
06.05.2024;19:15;47,1985
06.05.2024;19:30;47,382000000000005
06.05.2024;19:45;47,5655
06.05.2024;20:00;47,749
06.05.2024;20:15;46,84875
06.05.2024;20:30;45,9485
06.05.2024;20:45;45,04825
06.05.2024;21:00;44,148
06.05.2024;21:15;43,813
06.05.2024;21:30;43,478
06.05.2024;21:45;43,143
06.05.2024;22:00;42,808
06.05.2024;22:15;42,554
06.05.2024;22:30;42,3
06.05.2024;22:45;42,046
06.05.2024;23:00;41,792
06.05.2024;23:15;41,72475
06.05.2024;23:30;41,6575
06.05.2024;23:45;41,590250000000005
07.05.2024;00:00;41,523
07.05.2024;00:15;41,459
07.05.2024;00:30;41,395
07.05.2024;00:45;41,331
07.05.2024;01:00;41,267
07.05.2024;01:15;41,218500000000006
07.05.2024;01:30;41,17
07.05.2024;01:45;41,1215
07.05.2024;02:00;41,073
07.05.2024;02:15;41,141999999999996
07.05.2024;02:30;41,211
07.05.2024;02:45;41,28
07.05.2024;03:00;41,349
07.05.2024;03:15;41,35124999999999
07.05.2024;03:30;41,3535
07.05.2024;03:45;41,35575
07.05.2024;04:00;41,358
07.05.2024;04:15;41,4075
07.05.2024;04:30;41,456999999999994
07.05.2024;04:45;41,506499999999996
07.05.2024;05:00;41,556
07.05.2024;05:15;41,9755
07.05.2024;05:30;42,394999999999996
07.05.2024;05:45;42,8145
07.05.2024;06:00;43,234
07.05.2024;06:15;43,8055
07.05.2024;06:30;44,377
07.05.2024;06:45;44,9485
07.05.2024;07:00;45,52
07.05.2024;07:15;45,294000000000004
07.05.2024;07:30;45,068
07.05.2024;07:45;44,842
07.05.2024;08:00;44,616
07.05.2024;08:15;44,09325
07.05.2024;08:30;43,570499999999996
07.05.2024;08:45;43,04775
07.05.2024;09:00;42,525
07.05.2024;09:15;42,3615
07.05.2024;09:30;42,198
07.05.2024;09:45;42,0345
07.05.2024;10:00;41,871
07.05.2024;10:15;41,76775
07.05.2024;10:30;41,664500000000004
07.05.2024;10:45;41,56125
07.05.2024;11:00;41,458
07.05.2024;11:15;41,29925
07.05.2024;11:30;41,1405
07.05.2024;11:45;40,98175
07.05.2024;12:00;40,823
07.05.2024;12:15;40,7155
07.05.2024;12:30;40,608000000000004
07.05.2024;12:45;40,5005
07.05.2024;13:00;40,393
07.05.2024;13:15;40,2705
07.05.2024;13:30;40,147999999999996
07.05.2024;13:45;40,0255
07.05.2024;14:00;39,903
07.05.2024;14:15;40,116
07.05.2024;14:30;40,329
07.05.2024;14:45;40,542
07.05.2024;15:00;40,755
07.05.2024;15:15;40,981750000000005
07.05.2024;15:30;41,2085
07.05.2024;15:45;41,435249999999996
07.05.2024;16:00;41,662
07.05.2024;16:15;41,8545
07.05.2024;16:30;42,047
07.05.2024;16:45;42,2395
07.05.2024;17:00;42,432
07.05.2024;17:15;42,808
07.05.2024;17:30;43,184
07.05.2024;17:45;43,56
07.05.2024;18:00;43,936
07.05.2024;18:15;44,63575
07.05.2024;18:30;45,335499999999996
07.05.2024;18:45;46,03525
07.05.2024;19:00;46,735
07.05.2024;19:15;47,165
07.05.2024;19:30;47,595
07.05.2024;19:45;48,025
07.05.2024;20:00;48,455
07.05.2024;20:15;47,729749999999996
07.05.2024;20:30;47,0045
07.05.2024;20:45;46,279250000000005
07.05.2024;21:00;45,554
07.05.2024;21:15;45,045500000000004
07.05.2024;21:30;44,537000000000006
07.05.2024;21:45;44,0285
07.05.2024;22:00;43,52
07.05.2024;22:15;43,183
07.05.2024;22:30;42,846000000000004
07.05.2024;22:45;42,509
07.05.2024;23:00;42,172
07.05.2024;23:15;42,065749999999994
07.05.2024;23:30;41,9595
07.05.2024;23:45;41,85325
08.05.2024;00:00;41,747
08.05.2024;00:15;41,66875
08.05.2024;00:30;41,5905
08.05.2024;00:45;41,512249999999995
08.05.2024;01:00;41,434
08.05.2024;01:15;41,435
08.05.2024;01:30;41,436
08.05.2024;01:45;41,437
08.05.2024;02:00;41,438
08.05.2024;02:15;41,47775
08.05.2024;02:30;41,5175
08.05.2024;02:45;41,55725
08.05.2024;03:00;41,597
08.05.2024;03:15;41,59725
08.05.2024;03:30;41,5975
08.05.2024;03:45;41,59775
08.05.2024;04:00;41,598
08.05.2024;04:15;41,77575
08.05.2024;04:30;41,9535
08.05.2024;04:45;42,131249999999994
08.05.2024;05:00;42,309
08.05.2024;05:15;42,756249999999994
08.05.2024;05:30;43,2035
08.05.2024;05:45;43,65075
08.05.2024;06:00;44,098
08.05.2024;06:15;44,385
08.05.2024;06:30;44,672
08.05.2024;06:45;44,959
08.05.2024;07:00;45,246
08.05.2024;07:15;45,025000000000006
08.05.2024;07:30;44,804
08.05.2024;07:45;44,583
08.05.2024;08:00;44,362
08.05.2024;08:15;43,919250000000005
08.05.2024;08:30;43,4765
08.05.2024;08:45;43,03375
08.05.2024;09:00;42,591
08.05.2024;09:15;42,41575
08.05.2024;09:30;42,2405
08.05.2024;09:45;42,06525
08.05.2024;10:00;41,89
08.05.2024;10:15;41,742000000000004
08.05.2024;10:30;41,594
08.05.2024;10:45;41,446
08.05.2024;11:00;41,298
08.05.2024;11:15;41,13425
08.05.2024;11:30;40,9705
08.05.2024;11:45;40,80675
08.05.2024;12:00;40,643
08.05.2024;12:15;40,539500000000004
08.05.2024;12:30;40,436
08.05.2024;12:45;40,332499999999996
08.05.2024;13:00;40,229
08.05.2024;13:15;40,17375
08.05.2024;13:30;40,1185
08.05.2024;13:45;40,063250000000004
08.05.2024;14:00;40,008
08.05.2024;14:15;40,017250000000004
08.05.2024;14:30;40,0265
08.05.2024;14:45;40,03575
08.05.2024;15:00;40,045
08.05.2024;15:15;40,264250000000004
08.05.2024;15:30;40,4835
08.05.2024;15:45;40,702749999999995
08.05.2024;16:00;40,922
08.05.2024;16:15;41,3065
08.05.2024;16:30;41,691
08.05.2024;16:45;42,0755
08.05.2024;17:00;42,46
08.05.2024;17:15;42,845
08.05.2024;17:30;43,230000000000004
08.05.2024;17:45;43,615
08.05.2024;18:00;44,0
08.05.2024;18:15;44,525999999999996
08.05.2024;18:30;45,052
08.05.2024;18:45;45,578
08.05.2024;19:00;46,104
08.05.2024;19:15;46,275999999999996
08.05.2024;19:30;46,448
08.05.2024;19:45;46,620000000000005
08.05.2024;20:00;46,792
08.05.2024;20:15;46,29775
08.05.2024;20:30;45,8035
08.05.2024;20:45;45,30925
08.05.2024;21:00;44,815
08.05.2024;21:15;44,362249999999996
08.05.2024;21:30;43,909499999999994
08.05.2024;21:45;43,45675
08.05.2024;22:00;43,004
08.05.2024;22:15;42,7895
08.05.2024;22:30;42,575
08.05.2024;22:45;42,3605
08.05.2024;23:00;42,146
08.05.2024;23:15;42,137
08.05.2024;23:30;42,128
08.05.2024;23:45;42,119
09.05.2024;00:00;42,11
09.05.2024;00:15;42,1215
09.05.2024;00:30;42,132999999999996
09.05.2024;00:45;42,1445
09.05.2024;01:00;42,156
09.05.2024;01:15;42,02875
09.05.2024;01:30;41,9015
09.05.2024;01:45;41,774249999999995
09.05.2024;02:00;41,647
09.05.2024;02:15;41,6465
09.05.2024;02:30;41,646
09.05.2024;02:45;41,6455
09.05.2024;03:00;41,645
09.05.2024;03:15;41,792
09.05.2024;03:30;41,939
09.05.2024;03:45;42,086
09.05.2024;04:00;42,233
09.05.2024;04:15;42,272
09.05.2024;04:30;42,311
09.05.2024;04:45;42,35
09.05.2024;05:00;42,389
09.05.2024;05:15;42,3325
09.05.2024;05:30;42,275999999999996
09.05.2024;05:45;42,2195
09.05.2024;06:00;42,163
09.05.2024;06:15;41,976
09.05.2024;06:30;41,789
09.05.2024;06:45;41,602
09.05.2024;07:00;41,415
09.05.2024;07:15;41,037
09.05.2024;07:30;40,659
09.05.2024;07:45;40,281
09.05.2024;08:00;39,903
09.05.2024;08:15;38,84825
09.05.2024;08:30;37,793499999999995
09.05.2024;08:45;36,738749999999996
09.05.2024;09:00;35,684
09.05.2024;09:15;35,22725
09.05.2024;09:30;34,7705
09.05.2024;09:45;34,31375
09.05.2024;10:00;33,857
09.05.2024;10:15;33,71725
09.05.2024;10:30;33,5775
09.05.2024;10:45;33,43775
09.05.2024;11:00;33,298
09.05.2024;11:15;33,289
09.05.2024;11:30;33,28
09.05.2024;11:45;33,271
09.05.2024;12:00;33,262
09.05.2024;12:15;33,25025
09.05.2024;12:30;33,2385
09.05.2024;12:45;33,22675
09.05.2024;13:00;33,215
09.05.2024;13:15;33,198
09.05.2024;13:30;33,181
09.05.2024;13:45;33,164
09.05.2024;14:00;33,147
09.05.2024;14:15;33,174499999999995
09.05.2024;14:30;33,202
09.05.2024;14:45;33,2295
09.05.2024;15:00;33,257
09.05.2024;15:15;33,29725
09.05.2024;15:30;33,3375
09.05.2024;15:45;33,37775
09.05.2024;16:00;33,418
09.05.2024;16:15;35,013
09.05.2024;16:30;36,608000000000004
09.05.2024;16:45;38,203
09.05.2024;17:00;39,798
09.05.2024;17:15;40,429
09.05.2024;17:30;41,06
09.05.2024;17:45;41,691
09.05.2024;18:00;42,322
09.05.2024;18:15;42,77525
09.05.2024;18:30;43,2285
09.05.2024;18:45;43,68175
09.05.2024;19:00;44,135
09.05.2024;19:15;44,7585
09.05.2024;19:30;45,382
09.05.2024;19:45;46,0055
09.05.2024;20:00;46,629
09.05.2024;20:15;46,400999999999996
09.05.2024;20:30;46,173
09.05.2024;20:45;45,945
09.05.2024;21:00;45,717
09.05.2024;21:15;45,12375
09.05.2024;21:30;44,5305
09.05.2024;21:45;43,93725
09.05.2024;22:00;43,344
09.05.2024;22:15;43,03925
09.05.2024;22:30;42,7345
09.05.2024;22:45;42,42975
09.05.2024;23:00;42,125
09.05.2024;23:15;42,2345
09.05.2024;23:30;42,344
09.05.2024;23:45;42,453500000000005
10.05.2024;00:00;42,563
10.05.2024;00:15;42,383
10.05.2024;00:30;42,203
10.05.2024;00:45;42,023
10.05.2024;01:00;41,843
10.05.2024;01:15;41,6465
10.05.2024;01:30;41,45
10.05.2024;01:45;41,2535
10.05.2024;02:00;41,057
10.05.2024;02:15;40,99225
10.05.2024;02:30;40,9275
10.05.2024;02:45;40,862750000000005
10.05.2024;03:00;40,798
10.05.2024;03:15;40,8055
10.05.2024;03:30;40,813
10.05.2024;03:45;40,8205
10.05.2024;04:00;40,828
10.05.2024;04:15;41,219750000000005
10.05.2024;04:30;41,61150000000001
10.05.2024;04:45;42,00325
10.05.2024;05:00;42,395
10.05.2024;05:15;43,01375
10.05.2024;05:30;43,6325
10.05.2024;05:45;44,25125
10.05.2024;06:00;44,87
10.05.2024;06:15;44,726749999999996
10.05.2024;06:30;44,5835
10.05.2024;06:45;44,44025
10.05.2024;07:00;44,297
10.05.2024;07:15;43,95025
10.05.2024;07:30;43,6035
10.05.2024;07:45;43,25675
10.05.2024;08:00;42,91
10.05.2024;08:15;42,20475
10.05.2024;08:30;41,4995
10.05.2024;08:45;40,79425
10.05.2024;09:00;40,089
10.05.2024;09:15;38,92525
10.05.2024;09:30;37,7615
10.05.2024;09:45;36,59775
10.05.2024;10:00;35,434
10.05.2024;10:15;34,98475
10.05.2024;10:30;34,5355
10.05.2024;10:45;34,08625
10.05.2024;11:00;33,637
10.05.2024;11:15;33,57825
10.05.2024;11:30;33,5195
10.05.2024;11:45;33,460750000000004
10.05.2024;12:00;33,402
10.05.2024;12:15;33,3895
10.05.2024;12:30;33,376999999999995
10.05.2024;12:45;33,3645
10.05.2024;13:00;33,352
10.05.2024;13:15;33,352
10.05.2024;13:30;33,352
10.05.2024;13:45;33,352
10.05.2024;14:00;33,352
10.05.2024;14:15;33,861999999999995
10.05.2024;14:30;34,372
10.05.2024;14:45;34,882000000000005
10.05.2024;15:00;35,392
10.05.2024;15:15;36,518
10.05.2024;15:30;37,644000000000005
10.05.2024;15:45;38,77
10.05.2024;16:00;39,896
10.05.2024;16:15;40,4065
10.05.2024;16:30;40,917
10.05.2024;16:45;41,4275
10.05.2024;17:00;41,938
10.05.2024;17:15;42,43875
10.05.2024;17:30;42,9395
10.05.2024;17:45;43,440250000000006
10.05.2024;18:00;43,941
10.05.2024;18:15;44,69975
10.05.2024;18:30;45,4585
10.05.2024;18:45;46,21725
10.05.2024;19:00;46,976
10.05.2024;19:15;47,8375
10.05.2024;19:30;48,699
10.05.2024;19:45;49,5605
10.05.2024;20:00;50,422
10.05.2024;20:15;49,561749999999996
10.05.2024;20:30;48,701499999999996
10.05.2024;20:45;47,84125
10.05.2024;21:00;46,981
10.05.2024;21:15;46,195
10.05.2024;21:30;45,409000000000006
10.05.2024;21:45;44,623000000000005
10.05.2024;22:00;43,837
10.05.2024;22:15;43,51925
10.05.2024;22:30;43,2015
10.05.2024;22:45;42,883750000000006
10.05.2024;23:00;42,566
10.05.2024;23:15;42,681000000000004
10.05.2024;23:30;42,79600000000001
10.05.2024;23:45;42,911
11.05.2024;00:00;43,026
11.05.2024;00:15;42,9615
11.05.2024;00:30;42,897000000000006
11.05.2024;00:45;42,8325
11.05.2024;01:00;42,768
11.05.2024;01:15;42,66425
11.05.2024;01:30;42,560500000000005
11.05.2024;01:45;42,45675
11.05.2024;02:00;42,353
11.05.2024;02:15;42,3295
11.05.2024;02:30;42,306
11.05.2024;02:45;42,2825
11.05.2024;03:00;42,259
11.05.2024;03:15;42,2795
11.05.2024;03:30;42,3
11.05.2024;03:45;42,3205
11.05.2024;04:00;42,341
11.05.2024;04:15;42,36075
11.05.2024;04:30;42,3805
11.05.2024;04:45;42,40025
11.05.2024;05:00;42,42
11.05.2024;05:15;42,3205
11.05.2024;05:30;42,221000000000004
11.05.2024;05:45;42,1215
11.05.2024;06:00;42,022
11.05.2024;06:15;41,85
11.05.2024;06:30;41,678
11.05.2024;06:45;41,506
11.05.2024;07:00;41,334
11.05.2024;07:15;40,749750000000006
11.05.2024;07:30;40,1655
11.05.2024;07:45;39,58125
11.05.2024;08:00;38,997
11.05.2024;08:15;37,755250000000004
11.05.2024;08:30;36,5135
11.05.2024;08:45;35,27175
11.05.2024;09:00;34,03
11.05.2024;09:15;33,86
11.05.2024;09:30;33,69
11.05.2024;09:45;33,52
11.05.2024;10:00;33,35
11.05.2024;10:15;33,08825
11.05.2024;10:30;32,826499999999996
11.05.2024;10:45;32,56475
11.05.2024;11:00;32,303
11.05.2024;11:15;32,034499999999994
11.05.2024;11:30;31,766
11.05.2024;11:45;31,4975
11.05.2024;12:00;31,229
11.05.2024;12:15;31,2095
11.05.2024;12:30;31,189999999999998
11.05.2024;12:45;31,1705
11.05.2024;13:00;31,151
11.05.2024;13:15;31,095
11.05.2024;13:30;31,039
11.05.2024;13:45;30,983
11.05.2024;14:00;30,927
11.05.2024;14:15;31,24625
11.05.2024;14:30;31,5655
11.05.2024;14:45;31,88475
11.05.2024;15:00;32,204
11.05.2024;15:15;32,48025
11.05.2024;15:30;32,7565
11.05.2024;15:45;33,03275
11.05.2024;16:00;33,309
11.05.2024;16:15;34,1385
11.05.2024;16:30;34,968
11.05.2024;16:45;35,7975
11.05.2024;17:00;36,627
11.05.2024;17:15;37,853500000000004
11.05.2024;17:30;39,08
11.05.2024;17:45;40,3065
11.05.2024;18:00;41,533
11.05.2024;18:15;42,029250000000005
11.05.2024;18:30;42,5255
11.05.2024;18:45;43,02175
11.05.2024;19:00;43,518
11.05.2024;19:15;44,0385
11.05.2024;19:30;44,559
11.05.2024;19:45;45,0795
11.05.2024;20:00;45,6
11.05.2024;20:15;45,1245
11.05.2024;20:30;44,649
11.05.2024;20:45;44,173500000000004
11.05.2024;21:00;43,698
11.05.2024;21:15;43,2675
11.05.2024;21:30;42,837
11.05.2024;21:45;42,4065
11.05.2024;22:00;41,976
11.05.2024;22:15;41,52875
11.05.2024;22:30;41,0815
11.05.2024;22:45;40,634249999999994
11.05.2024;23:00;40,187
11.05.2024;23:15;40,114999999999995
11.05.2024;23:30;40,043
11.05.2024;23:45;39,971000000000004
12.05.2024;00:00;39,899
12.05.2024;00:15;39,62425
12.05.2024;00:30;39,3495
12.05.2024;00:45;39,074749999999995
12.05.2024;01:00;38,8
12.05.2024;01:15;38,5505
12.05.2024;01:30;38,301
12.05.2024;01:45;38,0515
12.05.2024;02:00;37,802
12.05.2024;02:15;37,7195
12.05.2024;02:30;37,637
12.05.2024;02:45;37,554500000000004
12.05.2024;03:00;37,472
12.05.2024;03:15;37,59975
12.05.2024;03:30;37,7275
12.05.2024;03:45;37,85525
12.05.2024;04:00;37,983
12.05.2024;04:15;37,91225
12.05.2024;04:30;37,841499999999996
12.05.2024;04:45;37,77075
12.05.2024;05:00;37,7
12.05.2024;05:15;37,05275
12.05.2024;05:30;36,4055
12.05.2024;05:45;35,75825
12.05.2024;06:00;35,111
12.05.2024;06:15;34,790499999999994
12.05.2024;06:30;34,47
12.05.2024;06:45;34,1495
12.05.2024;07:00;33,829
12.05.2024;07:15;33,768
12.05.2024;07:30;33,707
12.05.2024;07:45;33,646
12.05.2024;08:00;33,585
12.05.2024;08:15;33,45625
12.05.2024;08:30;33,3275
12.05.2024;08:45;33,198750000000004
12.05.2024;09:00;33,07
12.05.2024;09:15;32,515
12.05.2024;09:30;31,96
12.05.2024;09:45;31,405
12.05.2024;10:00;30,85
12.05.2024;10:15;29,734
12.05.2024;10:30;28,618000000000002
12.05.2024;10:45;27,502
12.05.2024;11:00;26,386
12.05.2024;11:15;25,6255
12.05.2024;11:30;24,865000000000002
12.05.2024;11:45;24,1045
12.05.2024;12:00;23,344
12.05.2024;12:15;22,45925
12.05.2024;12:30;21,5745
12.05.2024;12:45;20,68975
12.05.2024;13:00;19,805
12.05.2024;13:15;19,87
12.05.2024;13:30;19,935000000000002
12.05.2024;13:45;20,0
12.05.2024;14:00;20,065
12.05.2024;14:15;21,25925
12.05.2024;14:30;22,4535
12.05.2024;14:45;23,64775
12.05.2024;15:00;24,842
12.05.2024;15:15;26,219
12.05.2024;15:30;27,596
12.05.2024;15:45;28,973
12.05.2024;16:00;30,35
12.05.2024;16:15;31,06675
12.05.2024;16:30;31,7835
12.05.2024;16:45;32,50025
12.05.2024;17:00;33,217
12.05.2024;17:15;33,81275
12.05.2024;17:30;34,408500000000004
12.05.2024;17:45;35,00425
12.05.2024;18:00;35,6
12.05.2024;18:15;36,736000000000004
12.05.2024;18:30;37,872
12.05.2024;18:45;39,007999999999996
12.05.2024;19:00;40,144
12.05.2024;19:15;40,339
12.05.2024;19:30;40,534
12.05.2024;19:45;40,729
12.05.2024;20:00;40,924
12.05.2024;20:15;40,487
12.05.2024;20:30;40,05
12.05.2024;20:45;39,613
12.05.2024;21:00;39,176
12.05.2024;21:15;38,834500000000006
12.05.2024;21:30;38,493
12.05.2024;21:45;38,1515
12.05.2024;22:00;37,81
12.05.2024;22:15;37,58525
12.05.2024;22:30;37,3605
12.05.2024;22:45;37,13575
12.05.2024;23:00;36,911
12.05.2024;23:15;36,69175
12.05.2024;23:30;36,4725
12.05.2024;23:45;36,25325
13.05.2024;00:00;36,034
13.05.2024;00:15;36,01
13.05.2024;00:30;35,986000000000004
13.05.2024;00:45;35,962
13.05.2024;01:00;35,938
13.05.2024;01:15;35,93375
13.05.2024;01:30;35,929500000000004
13.05.2024;01:45;35,92525
13.05.2024;02:00;35,921
13.05.2024;02:15;35,89575
13.05.2024;02:30;35,8705
13.05.2024;02:45;35,84525
13.05.2024;03:00;35,82
13.05.2024;03:15;35,8775
13.05.2024;03:30;35,935
13.05.2024;03:45;35,9925
13.05.2024;04:00;36,05
13.05.2024;04:15;36,367
13.05.2024;04:30;36,684
13.05.2024;04:45;37,001
13.05.2024;05:00;37,318
13.05.2024;05:15;38,32525
13.05.2024;05:30;39,332499999999996
13.05.2024;05:45;40,33975
13.05.2024;06:00;41,347
13.05.2024;06:15;42,01275
13.05.2024;06:30;42,6785
13.05.2024;06:45;43,34425
13.05.2024;07:00;44,01
13.05.2024;07:15;43,30675
13.05.2024;07:30;42,6035
13.05.2024;07:45;41,90025
13.05.2024;08:00;41,197
13.05.2024;08:15;40,323
13.05.2024;08:30;39,449
13.05.2024;08:45;38,575
13.05.2024;09:00;37,701
13.05.2024;09:15;36,872749999999996
13.05.2024;09:30;36,0445
13.05.2024;09:45;35,21625
13.05.2024;10:00;34,388
13.05.2024;10:15;34,10425
13.05.2024;10:30;33,820499999999996
13.05.2024;10:45;33,53675
13.05.2024;11:00;33,253
13.05.2024;11:15;33,21
13.05.2024;11:30;33,167
13.05.2024;11:45;33,124
13.05.2024;12:00;33,081
13.05.2024;12:15;33,0915
13.05.2024;12:30;33,102000000000004
13.05.2024;12:45;33,1125
13.05.2024;13:00;33,123
13.05.2024;13:15;33,118249999999996
13.05.2024;13:30;33,1135
13.05.2024;13:45;33,10875
13.05.2024;14:00;33,104
13.05.2024;14:15;33,14725
13.05.2024;14:30;33,1905
13.05.2024;14:45;33,23375
13.05.2024;15:00;33,277
13.05.2024;15:15;33,297
13.05.2024;15:30;33,317
13.05.2024;15:45;33,337
13.05.2024;16:00;33,357
13.05.2024;16:15;34,7305
13.05.2024;16:30;36,104
13.05.2024;16:45;37,4775
13.05.2024;17:00;38,851
13.05.2024;17:15;39,55375
13.05.2024;17:30;40,2565
13.05.2024;17:45;40,95925
13.05.2024;18:00;41,662
13.05.2024;18:15;43,2385
13.05.2024;18:30;44,815
13.05.2024;18:45;46,3915
13.05.2024;19:00;47,968
13.05.2024;19:15;47,7885
13.05.2024;19:30;47,609
13.05.2024;19:45;47,429500000000004
13.05.2024;20:00;47,25
13.05.2024;20:15;45,9925
13.05.2024;20:30;44,735
13.05.2024;20:45;43,4775
13.05.2024;21:00;42,22
13.05.2024;21:15;41,74125
13.05.2024;21:30;41,2625
13.05.2024;21:45;40,78375
13.05.2024;22:00;40,305
13.05.2024;22:15;39,88375
13.05.2024;22:30;39,4625
13.05.2024;22:45;39,04125
13.05.2024;23:00;38,62
13.05.2024;23:15;38,516999999999996
13.05.2024;23:30;38,414
13.05.2024;23:45;38,311
14.05.2024;00:00;38,208
14.05.2024;00:15;38,07925
14.05.2024;00:30;37,9505
14.05.2024;00:45;37,821749999999994
14.05.2024;01:00;37,693
14.05.2024;01:15;37,491
14.05.2024;01:30;37,289
14.05.2024;01:45;37,086999999999996
14.05.2024;02:00;36,885
14.05.2024;02:15;36,85325
14.05.2024;02:30;36,8215
14.05.2024;02:45;36,78975
14.05.2024;03:00;36,758
14.05.2024;03:15;36,62825
14.05.2024;03:30;36,4985
14.05.2024;03:45;36,36875
14.05.2024;04:00;36,239
14.05.2024;04:15;36,8255
14.05.2024;04:30;37,412
14.05.2024;04:45;37,9985
14.05.2024;05:00;38,585
14.05.2024;05:15;39,07325
14.05.2024;05:30;39,561499999999995
14.05.2024;05:45;40,049749999999996
14.05.2024;06:00;40,538
14.05.2024;06:15;40,67425
14.05.2024;06:30;40,8105
14.05.2024;06:45;40,946749999999994
14.05.2024;07:00;41,083
14.05.2024;07:15;40,43725
14.05.2024;07:30;39,7915
14.05.2024;07:45;39,14575
14.05.2024;08:00;38,5
14.05.2024;08:15;37,3535
14.05.2024;08:30;36,207
14.05.2024;08:45;35,060500000000005
14.05.2024;09:00;33,914
14.05.2024;09:15;33,71475
14.05.2024;09:30;33,5155
14.05.2024;09:45;33,31625
14.05.2024;10:00;33,117
14.05.2024;10:15;32,89725
14.05.2024;10:30;32,677499999999995
14.05.2024;10:45;32,45775
14.05.2024;11:00;32,238
14.05.2024;11:15;31,60775
14.05.2024;11:30;30,9775
14.05.2024;11:45;30,34725
14.05.2024;12:00;29,717
14.05.2024;12:15;29,551499999999997
14.05.2024;12:30;29,386
14.05.2024;12:45;29,2205
14.05.2024;13:00;29,055
14.05.2024;13:15;29,13725
14.05.2024;13:30;29,2195
14.05.2024;13:45;29,30175
14.05.2024;14:00;29,384
14.05.2024;14:15;29,879
14.05.2024;14:30;30,374000000000002
14.05.2024;14:45;30,869
14.05.2024;15:00;31,364
14.05.2024;15:15;31,78725
14.05.2024;15:30;32,2105
14.05.2024;15:45;32,63375
14.05.2024;16:00;33,057
14.05.2024;16:15;33,12925
14.05.2024;16:30;33,201499999999996
14.05.2024;16:45;33,27375
14.05.2024;17:00;33,346
14.05.2024;17:15;34,4405
14.05.2024;17:30;35,535
14.05.2024;17:45;36,62949999999999
14.05.2024;18:00;37,724
14.05.2024;18:15;38,727999999999994
14.05.2024;18:30;39,732
14.05.2024;18:45;40,736000000000004
14.05.2024;19:00;41,74
14.05.2024;19:15;41,97925
14.05.2024;19:30;42,218500000000006
14.05.2024;19:45;42,457750000000004
14.05.2024;20:00;42,697
14.05.2024;20:15;42,2705
14.05.2024;20:30;41,844
14.05.2024;20:45;41,417500000000004
14.05.2024;21:00;40,991
14.05.2024;21:15;40,2145
14.05.2024;21:30;39,438
14.05.2024;21:45;38,6615
14.05.2024;22:00;37,885
14.05.2024;22:15;37,444
14.05.2024;22:30;37,003
14.05.2024;22:45;36,562
14.05.2024;23:00;36,121
14.05.2024;23:15;36,19225
14.05.2024;23:30;36,2635
14.05.2024;23:45;36,33475
15.05.2024;00:00;36,406
15.05.2024;00:15;36,4505
15.05.2024;00:30;36,495000000000005
15.05.2024;00:45;36,539500000000004
15.05.2024;01:00;36,584
15.05.2024;01:15;36,760000000000005
15.05.2024;01:30;36,936
15.05.2024;01:45;37,111999999999995
15.05.2024;02:00;37,288
15.05.2024;02:15;37,3485
15.05.2024;02:30;37,409
15.05.2024;02:45;37,4695
15.05.2024;03:00;37,53
15.05.2024;03:15;37,434
15.05.2024;03:30;37,338
15.05.2024;03:45;37,242000000000004
15.05.2024;04:00;37,146
15.05.2024;04:15;37,51875
15.05.2024;04:30;37,8915
15.05.2024;04:45;38,264250000000004
15.05.2024;05:00;38,637
15.05.2024;05:15;39,4405
15.05.2024;05:30;40,244
15.05.2024;05:45;41,0475
15.05.2024;06:00;41,851
15.05.2024;06:15;41,92975
15.05.2024;06:30;42,0085
15.05.2024;06:45;42,08725
15.05.2024;07:00;42,166
15.05.2024;07:15;42,07325
15.05.2024;07:30;41,9805
15.05.2024;07:45;41,88775
15.05.2024;08:00;41,795
15.05.2024;08:15;40,89425
15.05.2024;08:30;39,9935
15.05.2024;08:45;39,09275
15.05.2024;09:00;38,192
15.05.2024;09:15;37,1655
15.05.2024;09:30;36,138999999999996
15.05.2024;09:45;35,1125
15.05.2024;10:00;34,086
15.05.2024;10:15;33,9
15.05.2024;10:30;33,714
15.05.2024;10:45;33,528
15.05.2024;11:00;33,342
15.05.2024;11:15;33,09525
15.05.2024;11:30;32,8485
15.05.2024;11:45;32,601749999999996
15.05.2024;12:00;32,355
15.05.2024;12:15;32,32425
15.05.2024;12:30;32,293499999999995
15.05.2024;12:45;32,26275
15.05.2024;13:00;32,232
15.05.2024;13:15;32,26375
15.05.2024;13:30;32,295500000000004
15.05.2024;13:45;32,32725
15.05.2024;14:00;32,359
15.05.2024;14:15;32,6045
15.05.2024;14:30;32,85
15.05.2024;14:45;33,0955
15.05.2024;15:00;33,341
15.05.2024;15:15;33,3865
15.05.2024;15:30;33,432
15.05.2024;15:45;33,477500000000006
15.05.2024;16:00;33,523
15.05.2024;16:15;34,238
15.05.2024;16:30;34,953
15.05.2024;16:45;35,668000000000006
15.05.2024;17:00;36,383
15.05.2024;17:15;37,46625
15.05.2024;17:30;38,5495
15.05.2024;17:45;39,63275
15.05.2024;18:00;40,716
15.05.2024;18:15;41,4055
15.05.2024;18:30;42,095
15.05.2024;18:45;42,784499999999994
15.05.2024;19:00;43,474
15.05.2024;19:15;43,69799999999999
15.05.2024;19:30;43,922
15.05.2024;19:45;44,146
15.05.2024;20:00;44,37
15.05.2024;20:15;43,709999999999994
15.05.2024;20:30;43,05
15.05.2024;20:45;42,39
15.05.2024;21:00;41,73
15.05.2024;21:15;41,226
15.05.2024;21:30;40,721999999999994
15.05.2024;21:45;40,217999999999996
15.05.2024;22:00;39,714
15.05.2024;22:15;39,339749999999995
15.05.2024;22:30;38,9655
15.05.2024;22:45;38,59125
15.05.2024;23:00;38,217
15.05.2024;23:15;38,27875
15.05.2024;23:30;38,3405
15.05.2024;23:45;38,402249999999995
16.05.2024;00:00;38,464
16.05.2024;00:15;38,3795
16.05.2024;00:30;38,295
16.05.2024;00:45;38,210499999999996
16.05.2024;01:00;38,126
16.05.2024;01:15;37,9225
16.05.2024;01:30;37,718999999999994
16.05.2024;01:45;37,515499999999996
16.05.2024;02:00;37,312
16.05.2024;02:15;37,558749999999996
16.05.2024;02:30;37,805499999999995
16.05.2024;02:45;38,05225
16.05.2024;03:00;38,299
16.05.2024;03:15;38,17275
16.05.2024;03:30;38,046499999999995
16.05.2024;03:45;37,920249999999996
16.05.2024;04:00;37,794
16.05.2024;04:15;38,1205
16.05.2024;04:30;38,447
16.05.2024;04:45;38,7735
16.05.2024;05:00;39,1
16.05.2024;05:15;39,69625
16.05.2024;05:30;40,292500000000004
16.05.2024;05:45;40,88875
16.05.2024;06:00;41,485
16.05.2024;06:15;41,8465
16.05.2024;06:30;42,208
16.05.2024;06:45;42,5695
16.05.2024;07:00;42,931
16.05.2024;07:15;42,61025
16.05.2024;07:30;42,289500000000004
16.05.2024;07:45;41,96875
16.05.2024;08:00;41,648
16.05.2024;08:15;40,901
16.05.2024;08:30;40,153999999999996
16.05.2024;08:45;39,407
16.05.2024;09:00;38,66
16.05.2024;09:15;37,62
16.05.2024;09:30;36,58
16.05.2024;09:45;35,54
16.05.2024;10:00;34,5
16.05.2024;10:15;34,2145
16.05.2024;10:30;33,929
16.05.2024;10:45;33,643499999999996
16.05.2024;11:00;33,358
16.05.2024;11:15;33,3555
16.05.2024;11:30;33,352999999999994
16.05.2024;11:45;33,3505
16.05.2024;12:00;33,348
16.05.2024;12:15;33,33075
16.05.2024;12:30;33,313500000000005
16.05.2024;12:45;33,29625
16.05.2024;13:00;33,279
16.05.2024;13:15;33,292750000000005
16.05.2024;13:30;33,3065
16.05.2024;13:45;33,32025
16.05.2024;14:00;33,334
16.05.2024;14:15;33,33825
16.05.2024;14:30;33,3425
16.05.2024;14:45;33,34675
16.05.2024;15:00;33,351
16.05.2024;15:15;33,60075
16.05.2024;15:30;33,8505
16.05.2024;15:45;34,10025
16.05.2024;16:00;34,35
16.05.2024;16:15;35,22375
16.05.2024;16:30;36,0975
16.05.2024;16:45;36,97125
16.05.2024;17:00;37,845
16.05.2024;17:15;38,59525
16.05.2024;17:30;39,3455
16.05.2024;17:45;40,095749999999995
16.05.2024;18:00;40,846
16.05.2024;18:15;41,3735
16.05.2024;18:30;41,900999999999996
16.05.2024;18:45;42,4285
16.05.2024;19:00;42,956
16.05.2024;19:15;43,30225
16.05.2024;19:30;43,6485
16.05.2024;19:45;43,99475
16.05.2024;20:00;44,341
16.05.2024;20:15;43,7905
16.05.2024;20:30;43,24
16.05.2024;20:45;42,6895
16.05.2024;21:00;42,139
16.05.2024;21:15;42,006
16.05.2024;21:30;41,873000000000005
16.05.2024;21:45;41,74
16.05.2024;22:00;41,607
16.05.2024;22:15;41,27225
16.05.2024;22:30;40,9375
16.05.2024;22:45;40,60275
16.05.2024;23:00;40,268
16.05.2024;23:15;40,2765
16.05.2024;23:30;40,285
16.05.2024;23:45;40,2935
17.05.2024;00:00;40,302
17.05.2024;00:15;40,144
17.05.2024;00:30;39,986000000000004
17.05.2024;00:45;39,828
17.05.2024;01:00;39,67
17.05.2024;01:15;39,670500000000004
17.05.2024;01:30;39,671
17.05.2024;01:45;39,671499999999995
17.05.2024;02:00;39,672
17.05.2024;02:15;39,653499999999994
17.05.2024;02:30;39,635
17.05.2024;02:45;39,6165
17.05.2024;03:00;39,598
17.05.2024;03:15;39,64575
17.05.2024;03:30;39,6935
17.05.2024;03:45;39,74125
17.05.2024;04:00;39,789
17.05.2024;04:15;39,76025
17.05.2024;04:30;39,7315
17.05.2024;04:45;39,70275
17.05.2024;05:00;39,674
17.05.2024;05:15;40,18625
17.05.2024;05:30;40,698499999999996
17.05.2024;05:45;41,21075
17.05.2024;06:00;41,723
17.05.2024;06:15;42,12825
17.05.2024;06:30;42,533500000000004
17.05.2024;06:45;42,93875
17.05.2024;07:00;43,344
17.05.2024;07:15;43,21325
17.05.2024;07:30;43,082499999999996
17.05.2024;07:45;42,95175
17.05.2024;08:00;42,821
17.05.2024;08:15;42,30075
17.05.2024;08:30;41,7805
17.05.2024;08:45;41,26025
17.05.2024;09:00;40,74
17.05.2024;09:15;40,504000000000005
17.05.2024;09:30;40,268
17.05.2024;09:45;40,032
17.05.2024;10:00;39,796
17.05.2024;10:15;39,619749999999996
17.05.2024;10:30;39,4435
17.05.2024;10:45;39,267250000000004
17.05.2024;11:00;39,091
17.05.2024;11:15;38,6085
17.05.2024;11:30;38,126000000000005
17.05.2024;11:45;37,6435
17.05.2024;12:00;37,161
17.05.2024;12:15;36,91425
17.05.2024;12:30;36,667500000000004
17.05.2024;12:45;36,42075
17.05.2024;13:00;36,174
17.05.2024;13:15;36,257999999999996
17.05.2024;13:30;36,342
17.05.2024;13:45;36,426
17.05.2024;14:00;36,51
17.05.2024;14:15;36,6575
17.05.2024;14:30;36,805
17.05.2024;14:45;36,9525
17.05.2024;15:00;37,1
17.05.2024;15:15;37,46475
17.05.2024;15:30;37,829499999999996
17.05.2024;15:45;38,19425
17.05.2024;16:00;38,559
17.05.2024;16:15;39,02025
17.05.2024;16:30;39,4815
17.05.2024;16:45;39,942750000000004
17.05.2024;17:00;40,404
17.05.2024;17:15;40,3875
17.05.2024;17:30;40,371
17.05.2024;17:45;40,3545
17.05.2024;18:00;40,338
17.05.2024;18:15;40,96475
17.05.2024;18:30;41,591499999999996
17.05.2024;18:45;42,21825
17.05.2024;19:00;42,845
17.05.2024;19:15;43,16975
17.05.2024;19:30;43,4945
17.05.2024;19:45;43,81925
17.05.2024;20:00;44,144
17.05.2024;20:15;43,826
17.05.2024;20:30;43,507999999999996
17.05.2024;20:45;43,19
17.05.2024;21:00;42,872
17.05.2024;21:15;42,72625
17.05.2024;21:30;42,5805
17.05.2024;21:45;42,43475
17.05.2024;22:00;42,289
17.05.2024;22:15;42,0705
17.05.2024;22:30;41,852000000000004
17.05.2024;22:45;41,6335
17.05.2024;23:00;41,415
17.05.2024;23:15;41,0875
17.05.2024;23:30;40,76
17.05.2024;23:45;40,4325
18.05.2024;00:00;40,105
18.05.2024;00:15;40,006499999999996
18.05.2024;00:30;39,908
18.05.2024;00:45;39,8095
18.05.2024;01:00;39,711
18.05.2024;01:15;39,71625
18.05.2024;01:30;39,7215
18.05.2024;01:45;39,726749999999996
18.05.2024;02:00;39,732
18.05.2024;02:15;39,766
18.05.2024;02:30;39,8
18.05.2024;02:45;39,834
18.05.2024;03:00;39,868
18.05.2024;03:15;39,963750000000005
18.05.2024;03:30;40,0595
18.05.2024;03:45;40,155249999999995
18.05.2024;04:00;40,251
18.05.2024;04:15;40,338499999999996
18.05.2024;04:30;40,426
18.05.2024;04:45;40,5135
18.05.2024;05:00;40,601
18.05.2024;05:15;40,58475
18.05.2024;05:30;40,5685
18.05.2024;05:45;40,55225
18.05.2024;06:00;40,536
18.05.2024;06:15;40,49925
18.05.2024;06:30;40,462500000000006
18.05.2024;06:45;40,42575
18.05.2024;07:00;40,389
18.05.2024;07:15;40,225750000000005
18.05.2024;07:30;40,0625
18.05.2024;07:45;39,899249999999995
18.05.2024;08:00;39,736
18.05.2024;08:15;39,323499999999996
18.05.2024;08:30;38,911
18.05.2024;08:45;38,4985
18.05.2024;09:00;38,086
18.05.2024;09:15;37,13775
18.05.2024;09:30;36,189499999999995
18.05.2024;09:45;35,24125
18.05.2024;10:00;34,293
18.05.2024;10:15;34,075
18.05.2024;10:30;33,857
18.05.2024;10:45;33,638999999999996
18.05.2024;11:00;33,421
18.05.2024;11:15;33,40275
18.05.2024;11:30;33,3845
18.05.2024;11:45;33,36625
18.05.2024;12:00;33,348
18.05.2024;12:15;33,316
18.05.2024;12:30;33,284
18.05.2024;12:45;33,251999999999995
18.05.2024;13:00;33,22
18.05.2024;13:15;33,18275
18.05.2024;13:30;33,1455
18.05.2024;13:45;33,10825
18.05.2024;14:00;33,071
18.05.2024;14:15;33,092749999999995
18.05.2024;14:30;33,1145
18.05.2024;14:45;33,136250000000004
18.05.2024;15:00;33,158
18.05.2024;15:15;33,205
18.05.2024;15:30;33,251999999999995
18.05.2024;15:45;33,299
18.05.2024;16:00;33,346
18.05.2024;16:15;34,613499999999995
18.05.2024;16:30;35,881
18.05.2024;16:45;37,1485
18.05.2024;17:00;38,416
18.05.2024;17:15;39,19725
18.05.2024;17:30;39,9785
18.05.2024;17:45;40,75975
18.05.2024;18:00;41,541
18.05.2024;18:15;42,241749999999996
18.05.2024;18:30;42,942499999999995
18.05.2024;18:45;43,64325
18.05.2024;19:00;44,344
18.05.2024;19:15;44,887
18.05.2024;19:30;45,43
18.05.2024;19:45;45,973
18.05.2024;20:00;46,516
18.05.2024;20:15;46,294
18.05.2024;20:30;46,072
18.05.2024;20:45;45,85
18.05.2024;21:00;45,628
18.05.2024;21:15;44,9715
18.05.2024;21:30;44,315
18.05.2024;21:45;43,658500000000004
18.05.2024;22:00;43,002
18.05.2024;22:15;42,754000000000005
18.05.2024;22:30;42,506
18.05.2024;22:45;42,257999999999996
18.05.2024;23:00;42,01
18.05.2024;23:15;42,112249999999996
18.05.2024;23:30;42,2145
18.05.2024;23:45;42,31675
19.05.2024;00:00;42,419
19.05.2024;00:15;42,378249999999994
19.05.2024;00:30;42,3375
19.05.2024;00:45;42,29675
19.05.2024;01:00;42,256
19.05.2024;01:15;42,246
19.05.2024;01:30;42,236000000000004
19.05.2024;01:45;42,226
19.05.2024;02:00;42,216
19.05.2024;02:15;42,17225
19.05.2024;02:30;42,1285
19.05.2024;02:45;42,08475
19.05.2024;03:00;42,041
19.05.2024;03:15;42,021499999999996
19.05.2024;03:30;42,001999999999995
19.05.2024;03:45;41,9825
19.05.2024;04:00;41,963
19.05.2024;04:15;41,823750000000004
19.05.2024;04:30;41,6845
19.05.2024;04:45;41,545249999999996
19.05.2024;05:00;41,406
19.05.2024;05:15;41,28125
19.05.2024;05:30;41,156499999999994
19.05.2024;05:45;41,031749999999995
19.05.2024;06:00;40,907
19.05.2024;06:15;40,77375
19.05.2024;06:30;40,6405
19.05.2024;06:45;40,50725
19.05.2024;07:00;40,374
19.05.2024;07:15;39,792
19.05.2024;07:30;39,21
19.05.2024;07:45;38,628
19.05.2024;08:00;38,046
19.05.2024;08:15;37,012
19.05.2024;08:30;35,977999999999994
19.05.2024;08:45;34,943999999999996
19.05.2024;09:00;33,91
19.05.2024;09:15;33,76925
19.05.2024;09:30;33,6285
19.05.2024;09:45;33,48775
19.05.2024;10:00;33,347
19.05.2024;10:15;33,34325
19.05.2024;10:30;33,3395
19.05.2024;10:45;33,335750000000004
19.05.2024;11:00;33,332
19.05.2024;11:15;33,285
19.05.2024;11:30;33,238
19.05.2024;11:45;33,191
19.05.2024;12:00;33,144
19.05.2024;12:15;33,01025
19.05.2024;12:30;32,8765
19.05.2024;12:45;32,74275
19.05.2024;13:00;32,609
19.05.2024;13:15;32,416000000000004
19.05.2024;13:30;32,223
19.05.2024;13:45;32,03
19.05.2024;14:00;31,837
19.05.2024;14:15;31,96525
19.05.2024;14:30;32,0935
19.05.2024;14:45;32,22175
19.05.2024;15:00;32,35
19.05.2024;15:15;32,505250000000004
19.05.2024;15:30;32,6605
19.05.2024;15:45;32,815749999999994
19.05.2024;16:00;32,971
19.05.2024;16:15;33,06425
19.05.2024;16:30;33,1575
19.05.2024;16:45;33,25075
19.05.2024;17:00;33,344
19.05.2024;17:15;34,94975
19.05.2024;17:30;36,5555
19.05.2024;17:45;38,16125
19.05.2024;18:00;39,767
19.05.2024;18:15;40,4025
19.05.2024;18:30;41,038
19.05.2024;18:45;41,6735
19.05.2024;19:00;42,309
19.05.2024;19:15;42,91075
19.05.2024;19:30;43,5125
19.05.2024;19:45;44,11425
19.05.2024;20:00;44,716
19.05.2024;20:15;44,946
19.05.2024;20:30;45,176
19.05.2024;20:45;45,406000000000006
19.05.2024;21:00;45,636
19.05.2024;21:15;45,112750000000005
19.05.2024;21:30;44,5895
19.05.2024;21:45;44,06625
19.05.2024;22:00;43,543
19.05.2024;22:15;43,14825
19.05.2024;22:30;42,7535
19.05.2024;22:45;42,35875
19.05.2024;23:00;41,964
19.05.2024;23:15;42,08775
19.05.2024;23:30;42,2115
19.05.2024;23:45;42,33525
20.05.2024;00:00;42,459
20.05.2024;00:15;42,24775
20.05.2024;00:30;42,036500000000004
20.05.2024;00:45;41,82525
20.05.2024;01:00;41,614
20.05.2024;01:15;41,71625
20.05.2024;01:30;41,8185
20.05.2024;01:45;41,92075
20.05.2024;02:00;42,023
20.05.2024;02:15;42,007000000000005
20.05.2024;02:30;41,991
20.05.2024;02:45;41,975
20.05.2024;03:00;41,959
20.05.2024;03:15;42,012
20.05.2024;03:30;42,065
20.05.2024;03:45;42,118
20.05.2024;04:00;42,171
20.05.2024;04:15;42,252250000000004
20.05.2024;04:30;42,3335
20.05.2024;04:45;42,41475
20.05.2024;05:00;42,496
20.05.2024;05:15;42,8275
20.05.2024;05:30;43,159000000000006
20.05.2024;05:45;43,490500000000004
20.05.2024;06:00;43,822
20.05.2024;06:15;43,84625
20.05.2024;06:30;43,8705
20.05.2024;06:45;43,89475
20.05.2024;07:00;43,919
20.05.2024;07:15;43,08275
20.05.2024;07:30;42,2465
20.05.2024;07:45;41,41025
20.05.2024;08:00;40,574
20.05.2024;08:15;39,588
20.05.2024;08:30;38,602000000000004
20.05.2024;08:45;37,616
20.05.2024;09:00;36,63
20.05.2024;09:15;36,12025
20.05.2024;09:30;35,6105
20.05.2024;09:45;35,100750000000005
20.05.2024;10:00;34,591
20.05.2024;10:15;34,43225
20.05.2024;10:30;34,2735
20.05.2024;10:45;34,11475
20.05.2024;11:00;33,956
20.05.2024;11:15;33,86475
20.05.2024;11:30;33,7735
20.05.2024;11:45;33,68225
20.05.2024;12:00;33,591
20.05.2024;12:15;33,53075
20.05.2024;12:30;33,4705
20.05.2024;12:45;33,410250000000005
20.05.2024;13:00;33,35
20.05.2024;13:15;33,341750000000005
20.05.2024;13:30;33,3335
20.05.2024;13:45;33,32525
20.05.2024;14:00;33,317
20.05.2024;14:15;33,3235
20.05.2024;14:30;33,33
20.05.2024;14:45;33,3365
20.05.2024;15:00;33,343
20.05.2024;15:15;33,367000000000004
20.05.2024;15:30;33,391000000000005
20.05.2024;15:45;33,415
20.05.2024;16:00;33,439
20.05.2024;16:15;35,021
20.05.2024;16:30;36,603
20.05.2024;16:45;38,185
20.05.2024;17:00;39,767
20.05.2024;17:15;40,31125
20.05.2024;17:30;40,855500000000006
20.05.2024;17:45;41,399750000000004
20.05.2024;18:00;41,944
20.05.2024;18:15;42,636250000000004
20.05.2024;18:30;43,328500000000005
20.05.2024;18:45;44,02075
20.05.2024;19:00;44,713
20.05.2024;19:15;45,26975
20.05.2024;19:30;45,826499999999996
20.05.2024;19:45;46,38325
20.05.2024;20:00;46,94
20.05.2024;20:15;46,55075
20.05.2024;20:30;46,161500000000004
20.05.2024;20:45;45,77225
20.05.2024;21:00;45,383
20.05.2024;21:15;44,7905
20.05.2024;21:30;44,198
20.05.2024;21:45;43,6055
20.05.2024;22:00;43,013
20.05.2024;22:15;42,59375
20.05.2024;22:30;42,174499999999995
20.05.2024;22:45;41,75525
20.05.2024;23:00;41,336
20.05.2024;23:15;41,376
20.05.2024;23:30;41,416
20.05.2024;23:45;41,456
21.05.2024;00:00;41,496
21.05.2024;00:15;41,3695
21.05.2024;00:30;41,243
21.05.2024;00:45;41,1165
21.05.2024;01:00;40,99
21.05.2024;01:15;40,98525
21.05.2024;01:30;40,9805
21.05.2024;01:45;40,97575
21.05.2024;02:00;40,971
21.05.2024;02:15;41,01375
21.05.2024;02:30;41,0565
21.05.2024;02:45;41,09925
21.05.2024;03:00;41,142
21.05.2024;03:15;41,06725
21.05.2024;03:30;40,99250000000001
21.05.2024;03:45;40,917750000000005
21.05.2024;04:00;40,843
21.05.2024;04:15;60,969750000000005
21.05.2024;04:30;81,09649999999999
21.05.2024;04:45;101,22325
21.05.2024;05:00;121,35
21.05.2024;05:15;102,1565
21.05.2024;05:30;82,963
21.05.2024;05:45;63,769499999999994
21.05.2024;06:00;44,576
21.05.2024;06:15;44,844
21.05.2024;06:30;45,112
21.05.2024;06:45;45,38
21.05.2024;07:00;45,648
21.05.2024;07:15;45,00725
21.05.2024;07:30;44,3665
21.05.2024;07:45;43,725750000000005
21.05.2024;08:00;43,085
21.05.2024;08:15;42,69775
21.05.2024;08:30;42,310500000000005
21.05.2024;08:45;41,92325
21.05.2024;09:00;41,536
21.05.2024;09:15;41,164
21.05.2024;09:30;40,792
21.05.2024;09:45;40,42
21.05.2024;10:00;40,048
21.05.2024;10:15;39,734
21.05.2024;10:30;39,42
21.05.2024;10:45;39,106
21.05.2024;11:00;38,792
21.05.2024;11:15;38,14325
21.05.2024;11:30;37,4945
21.05.2024;11:45;36,84575
21.05.2024;12:00;36,197
21.05.2024;12:15;36,268750000000004
21.05.2024;12:30;36,340500000000006
21.05.2024;12:45;36,41225
21.05.2024;13:00;36,484
21.05.2024;13:15;37,05275
21.05.2024;13:30;37,6215
21.05.2024;13:45;38,19025
21.05.2024;14:00;38,759
21.05.2024;14:15;39,147999999999996
21.05.2024;14:30;39,537
21.05.2024;14:45;39,926
21.05.2024;15:00;40,315
21.05.2024;15:15;40,564
21.05.2024;15:30;40,813
21.05.2024;15:45;41,062
21.05.2024;16:00;41,311
21.05.2024;16:15;41,520250000000004
21.05.2024;16:30;41,7295
21.05.2024;16:45;41,93875
21.05.2024;17:00;42,148
21.05.2024;17:15;42,5345
21.05.2024;17:30;42,92100000000001
21.05.2024;17:45;43,307500000000005
21.05.2024;18:00;43,694
21.05.2024;18:15;44,2825
21.05.2024;18:30;44,871
21.05.2024;18:45;45,459500000000006
21.05.2024;19:00;46,048
21.05.2024;19:15;45,35025
21.05.2024;19:30;44,6525
21.05.2024;19:45;43,95475
21.05.2024;20:00;43,257
21.05.2024;20:15;42,869749999999996
21.05.2024;20:30;42,4825
21.05.2024;20:45;42,09525
21.05.2024;21:00;41,708
21.05.2024;21:15;41,69475
21.05.2024;21:30;41,6815
21.05.2024;21:45;41,66825
21.05.2024;22:00;41,655
21.05.2024;22:15;41,2265
21.05.2024;22:30;40,798
21.05.2024;22:45;40,3695
21.05.2024;23:00;39,941
21.05.2024;23:15;40,044000000000004
21.05.2024;23:30;40,147000000000006
21.05.2024;23:45;40,25
22.05.2024;00:00;40,353
22.05.2024;00:15;40,26225
22.05.2024;00:30;40,1715
22.05.2024;00:45;40,08075
22.05.2024;01:00;39,99
22.05.2024;01:15;39,9525
22.05.2024;01:30;39,915000000000006
22.05.2024;01:45;39,877500000000005
22.05.2024;02:00;39,84
22.05.2024;02:15;39,5705
22.05.2024;02:30;39,301
22.05.2024;02:45;39,0315
22.05.2024;03:00;38,762
22.05.2024;03:15;38,9755
22.05.2024;03:30;39,189
22.05.2024;03:45;39,4025
22.05.2024;04:00;39,616
22.05.2024;04:15;39,8045
22.05.2024;04:30;39,992999999999995
22.05.2024;04:45;40,1815
22.05.2024;05:00;40,37
22.05.2024;05:15;41,0685
22.05.2024;05:30;41,766999999999996
22.05.2024;05:45;42,4655
22.05.2024;06:00;43,164
22.05.2024;06:15;43,2885
22.05.2024;06:30;43,413
22.05.2024;06:45;43,5375
22.05.2024;07:00;43,662
22.05.2024;07:15;43,4585
22.05.2024;07:30;43,254999999999995
22.05.2024;07:45;43,0515
22.05.2024;08:00;42,848
22.05.2024;08:15;42,50375
22.05.2024;08:30;42,159499999999994
22.05.2024;08:45;41,81525
22.05.2024;09:00;41,471
22.05.2024;09:15;41,190749999999994
22.05.2024;09:30;40,9105
22.05.2024;09:45;40,630250000000004
22.05.2024;10:00;40,35
22.05.2024;10:15;40,344500000000004
22.05.2024;10:30;40,339
22.05.2024;10:45;40,3335
22.05.2024;11:00;40,328
22.05.2024;11:15;40,22475
22.05.2024;11:30;40,1215
22.05.2024;11:45;40,01825
22.05.2024;12:00;39,915
22.05.2024;12:15;39,6965
22.05.2024;12:30;39,477999999999994
22.05.2024;12:45;39,259499999999996
22.05.2024;13:00;39,041
22.05.2024;13:15;39,02175
22.05.2024;13:30;39,0025
22.05.2024;13:45;38,98325
22.05.2024;14:00;38,964
22.05.2024;14:15;39,23975
22.05.2024;14:30;39,5155
22.05.2024;14:45;39,79125
22.05.2024;15:00;40,067
22.05.2024;15:15;40,328
22.05.2024;15:30;40,589
22.05.2024;15:45;40,849999999999994
22.05.2024;16:00;41,111
22.05.2024;16:15;41,482
22.05.2024;16:30;41,852999999999994
22.05.2024;16:45;42,224
22.05.2024;17:00;42,595
22.05.2024;17:15;42,783249999999995
22.05.2024;17:30;42,9715
22.05.2024;17:45;43,15975
22.05.2024;18:00;43,348
22.05.2024;18:15;44,524
22.05.2024;18:30;45,7
22.05.2024;18:45;46,876
22.05.2024;19:00;48,052
22.05.2024;19:15;48,2485
22.05.2024;19:30;48,445
22.05.2024;19:45;48,6415
22.05.2024;20:00;48,838
22.05.2024;20:15;48,36575
22.05.2024;20:30;47,8935
22.05.2024;20:45;47,42125
22.05.2024;21:00;46,949
22.05.2024;21:15;46,242
22.05.2024;21:30;45,535
22.05.2024;21:45;44,828
22.05.2024;22:00;44,121
22.05.2024;22:15;43,75875
22.05.2024;22:30;43,3965
22.05.2024;22:45;43,03425
22.05.2024;23:00;42,672
22.05.2024;23:15;42,32325
22.05.2024;23:30;41,9745
22.05.2024;23:45;41,62575
23.05.2024;00:00;41,277
23.05.2024;00:15;41,2565
23.05.2024;00:30;41,236000000000004
23.05.2024;00:45;41,2155
23.05.2024;01:00;41,195
23.05.2024;01:15;41,107
23.05.2024;01:30;41,019000000000005
23.05.2024;01:45;40,931000000000004
23.05.2024;02:00;40,843
23.05.2024;02:15;40,886750000000006
23.05.2024;02:30;40,9305
23.05.2024;02:45;40,97425
23.05.2024;03:00;41,018
23.05.2024;03:15;41,06725
23.05.2024;03:30;41,1165
23.05.2024;03:45;41,16575
23.05.2024;04:00;41,215
23.05.2024;04:15;41,368750000000006
23.05.2024;04:30;41,5225
23.05.2024;04:45;41,676249999999996
23.05.2024;05:00;41,83
23.05.2024;05:15;42,4095
23.05.2024;05:30;42,989000000000004
23.05.2024;05:45;43,5685
23.05.2024;06:00;44,148
23.05.2024;06:15;44,3985
23.05.2024;06:30;44,649
23.05.2024;06:45;44,8995
23.05.2024;07:00;45,15
23.05.2024;07:15;44,646
23.05.2024;07:30;44,141999999999996
23.05.2024;07:45;43,638
23.05.2024;08:00;43,134
23.05.2024;08:15;42,57925
23.05.2024;08:30;42,0245
23.05.2024;08:45;41,46975
23.05.2024;09:00;40,915
23.05.2024;09:15;40,896
23.05.2024;09:30;40,876999999999995
23.05.2024;09:45;40,858
23.05.2024;10:00;40,839
23.05.2024;10:15;40,56925
23.05.2024;10:30;40,299499999999995
23.05.2024;10:45;40,02975
23.05.2024;11:00;39,76
23.05.2024;11:15;39,47
23.05.2024;11:30;39,18
23.05.2024;11:45;38,89
23.05.2024;12:00;38,6
23.05.2024;12:15;38,42025
23.05.2024;12:30;38,2405
23.05.2024;12:45;38,06075
23.05.2024;13:00;37,881
23.05.2024;13:15;38,17275
23.05.2024;13:30;38,4645
23.05.2024;13:45;38,75625
23.05.2024;14:00;39,048
23.05.2024;14:15;39,408500000000004
23.05.2024;14:30;39,769000000000005
23.05.2024;14:45;40,1295
23.05.2024;15:00;40,49
23.05.2024;15:15;40,79925
23.05.2024;15:30;41,1085
23.05.2024;15:45;41,41775
23.05.2024;16:00;41,727
23.05.2024;16:15;42,04875
23.05.2024;16:30;42,3705
23.05.2024;16:45;42,69225
23.05.2024;17:00;43,014
23.05.2024;17:15;43,38525
23.05.2024;17:30;43,7565
23.05.2024;17:45;44,127750000000006
23.05.2024;18:00;44,499
23.05.2024;18:15;45,618750000000006
23.05.2024;18:30;46,7385
23.05.2024;18:45;47,85825
23.05.2024;19:00;48,978
23.05.2024;19:15;49,572500000000005
23.05.2024;19:30;50,167
23.05.2024;19:45;50,7615
23.05.2024;20:00;51,356
23.05.2024;20:15;50,754000000000005
23.05.2024;20:30;50,152
23.05.2024;20:45;49,55
23.05.2024;21:00;48,948
23.05.2024;21:15;48,20225
23.05.2024;21:30;47,456500000000005
23.05.2024;21:45;46,710750000000004
23.05.2024;22:00;45,965
23.05.2024;22:15;45,437000000000005
23.05.2024;22:30;44,909000000000006
23.05.2024;22:45;44,381
23.05.2024;23:00;43,853
23.05.2024;23:15;43,8065
23.05.2024;23:30;43,760000000000005
23.05.2024;23:45;43,7135
24.05.2024;00:00;43,667
24.05.2024;00:15;43,44075
24.05.2024;00:30;43,2145
24.05.2024;00:45;42,98825
24.05.2024;01:00;42,762
24.05.2024;01:15;42,65375
24.05.2024;01:30;42,545500000000004
24.05.2024;01:45;42,43725
24.05.2024;02:00;42,329
24.05.2024;02:15;42,28975
24.05.2024;02:30;42,2505
24.05.2024;02:45;42,21125
24.05.2024;03:00;42,172
24.05.2024;03:15;42,2615
24.05.2024;03:30;42,351
24.05.2024;03:45;42,4405
24.05.2024;04:00;42,53
24.05.2024;04:15;42,81575
24.05.2024;04:30;43,1015
24.05.2024;04:45;43,38725
24.05.2024;05:00;43,673
24.05.2024;05:15;44,188250000000004
24.05.2024;05:30;44,703500000000005
24.05.2024;05:45;45,21875
24.05.2024;06:00;45,734
24.05.2024;06:15;45,689750000000004
24.05.2024;06:30;45,6455
24.05.2024;06:45;45,60125
24.05.2024;07:00;45,557
24.05.2024;07:15;45,40275
24.05.2024;07:30;45,2485
24.05.2024;07:45;45,09425
24.05.2024;08:00;44,94
24.05.2024;08:15;44,695
24.05.2024;08:30;44,45
24.05.2024;08:45;44,205
24.05.2024;09:00;43,96
24.05.2024;09:15;43,7115
24.05.2024;09:30;43,463
24.05.2024;09:45;43,2145
24.05.2024;10:00;42,966
24.05.2024;10:15;42,81375
24.05.2024;10:30;42,661500000000004
24.05.2024;10:45;42,50925
24.05.2024;11:00;42,357
24.05.2024;11:15;42,32975
24.05.2024;11:30;42,302499999999995
24.05.2024;11:45;42,27525
24.05.2024;12:00;42,248
24.05.2024;12:15;42,217
24.05.2024;12:30;42,186
24.05.2024;12:45;42,155
24.05.2024;13:00;42,124
24.05.2024;13:15;42,1335
24.05.2024;13:30;42,143
24.05.2024;13:45;42,1525
24.05.2024;14:00;42,162
24.05.2024;14:15;42,1635
24.05.2024;14:30;42,165
24.05.2024;14:45;42,1665
24.05.2024;15:00;42,168
24.05.2024;15:15;42,07025
24.05.2024;15:30;41,9725
24.05.2024;15:45;41,87475
24.05.2024;16:00;41,777
24.05.2024;16:15;42,14
24.05.2024;16:30;42,503
24.05.2024;16:45;42,866
24.05.2024;17:00;43,229
24.05.2024;17:15;43,5535
24.05.2024;17:30;43,878
24.05.2024;17:45;44,2025
24.05.2024;18:00;44,527
24.05.2024;18:15;44,9825
24.05.2024;18:30;45,438
24.05.2024;18:45;45,893499999999996
24.05.2024;19:00;46,349
24.05.2024;19:15;46,22425
24.05.2024;19:30;46,0995
24.05.2024;19:45;45,97475
24.05.2024;20:00;45,85
24.05.2024;20:15;45,621
24.05.2024;20:30;45,391999999999996
24.05.2024;20:45;45,163
24.05.2024;21:00;44,934
24.05.2024;21:15;44,77975
24.05.2024;21:30;44,6255
24.05.2024;21:45;44,47125
24.05.2024;22:00;44,317
24.05.2024;22:15;44,07125
24.05.2024;22:30;43,825500000000005
24.05.2024;22:45;43,579750000000004
24.05.2024;23:00;43,334
24.05.2024;23:15;43,21
24.05.2024;23:30;43,086
24.05.2024;23:45;42,962
25.05.2024;00:00;42,838
25.05.2024;00:15;42,76175
25.05.2024;00:30;42,685500000000005
25.05.2024;00:45;42,60925
25.05.2024;01:00;42,533
25.05.2024;01:15;42,498000000000005
25.05.2024;01:30;42,463
25.05.2024;01:45;42,428
25.05.2024;02:00;42,393
25.05.2024;02:15;42,36125
25.05.2024;02:30;42,329499999999996
25.05.2024;02:45;42,29775
25.05.2024;03:00;42,266
25.05.2024;03:15;42,26275
25.05.2024;03:30;42,2595
25.05.2024;03:45;42,25625
25.05.2024;04:00;42,253
25.05.2024;04:15;42,28375
25.05.2024;04:30;42,314499999999995
25.05.2024;04:45;42,34525
25.05.2024;05:00;42,376
25.05.2024;05:15;42,3865
25.05.2024;05:30;42,397
25.05.2024;05:45;42,4075
25.05.2024;06:00;42,418
25.05.2024;06:15;42,30675
25.05.2024;06:30;42,195499999999996
25.05.2024;06:45;42,08425
25.05.2024;07:00;41,973
25.05.2024;07:15;41,78175
25.05.2024;07:30;41,5905
25.05.2024;07:45;41,399249999999995
25.05.2024;08:00;41,208
25.05.2024;08:15;41,11225
25.05.2024;08:30;41,0165
25.05.2024;08:45;40,92075
25.05.2024;09:00;40,825
25.05.2024;09:15;40,312000000000005
25.05.2024;09:30;39,79900000000001
25.05.2024;09:45;39,286
25.05.2024;10:00;38,773
25.05.2024;10:15;37,65075
25.05.2024;10:30;36,5285
25.05.2024;10:45;35,40625
25.05.2024;11:00;34,284
25.05.2024;11:15;34,1315
25.05.2024;11:30;33,979
25.05.2024;11:45;33,826499999999996
25.05.2024;12:00;33,674
25.05.2024;12:15;33,594
25.05.2024;12:30;33,513999999999996
25.05.2024;12:45;33,434
25.05.2024;13:00;33,354
25.05.2024;13:15;33,353
25.05.2024;13:30;33,352000000000004
25.05.2024;13:45;33,351
25.05.2024;14:00;33,35
25.05.2024;14:15;33,3505
25.05.2024;14:30;33,351
25.05.2024;14:45;33,3515
25.05.2024;15:00;33,352
25.05.2024;15:15;33,70725
25.05.2024;15:30;34,0625
25.05.2024;15:45;34,41775
25.05.2024;16:00;34,773
25.05.2024;16:15;36,318250000000006
25.05.2024;16:30;37,8635
25.05.2024;16:45;39,40875
25.05.2024;17:00;40,954
25.05.2024;17:15;41,45875
25.05.2024;17:30;41,963499999999996
25.05.2024;17:45;42,46825
25.05.2024;18:00;42,973
25.05.2024;18:15;43,4615
25.05.2024;18:30;43,95
25.05.2024;18:45;44,4385
25.05.2024;19:00;44,927
25.05.2024;19:15;45,33075
25.05.2024;19:30;45,7345
25.05.2024;19:45;46,13825
25.05.2024;20:00;46,542
25.05.2024;20:15;46,66775
25.05.2024;20:30;46,7935
25.05.2024;20:45;46,919250000000005
25.05.2024;21:00;47,045
25.05.2024;21:15;46,5155
25.05.2024;21:30;45,986000000000004
25.05.2024;21:45;45,4565
25.05.2024;22:00;44,927
25.05.2024;22:15;44,64625
25.05.2024;22:30;44,3655
25.05.2024;22:45;44,08475
25.05.2024;23:00;43,804
25.05.2024;23:15;43,8745
25.05.2024;23:30;43,945
25.05.2024;23:45;44,0155
26.05.2024;00:00;44,086
26.05.2024;00:15;43,8595
26.05.2024;00:30;43,632999999999996
26.05.2024;00:45;43,4065
26.05.2024;01:00;43,18
26.05.2024;01:15;42,991749999999996
26.05.2024;01:30;42,8035
26.05.2024;01:45;42,61525
26.05.2024;02:00;42,427
26.05.2024;02:15;42,41025
26.05.2024;02:30;42,3935
26.05.2024;02:45;42,37675
26.05.2024;03:00;42,36
26.05.2024;03:15;42,3865
26.05.2024;03:30;42,413
26.05.2024;03:45;42,4395
26.05.2024;04:00;42,466
26.05.2024;04:15;42,40225
26.05.2024;04:30;42,338499999999996
26.05.2024;04:45;42,27475
26.05.2024;05:00;42,211
26.05.2024;05:15;42,083
26.05.2024;05:30;41,955
26.05.2024;05:45;41,827
26.05.2024;06:00;41,699
26.05.2024;06:15;41,40925
26.05.2024;06:30;41,1195
26.05.2024;06:45;40,82975
26.05.2024;07:00;40,54
26.05.2024;07:15;39,07375
26.05.2024;07:30;37,6075
26.05.2024;07:45;36,14125
26.05.2024;08:00;34,675
26.05.2024;08:15;34,344249999999995
26.05.2024;08:30;34,01349999999999
26.05.2024;08:45;33,68275
26.05.2024;09:00;33,352
26.05.2024;09:15;33,3515
26.05.2024;09:30;33,351
26.05.2024;09:45;33,3505
26.05.2024;10:00;33,35
26.05.2024;10:15;33,347750000000005
26.05.2024;10:30;33,3455
26.05.2024;10:45;33,34325
26.05.2024;11:00;33,341
26.05.2024;11:15;33,29025
26.05.2024;11:30;33,2395
26.05.2024;11:45;33,18875
26.05.2024;12:00;33,138
26.05.2024;12:15;32,924499999999995
26.05.2024;12:30;32,711
26.05.2024;12:45;32,4975
26.05.2024;13:00;32,284
26.05.2024;13:15;31,9535
26.05.2024;13:30;31,622999999999998
26.05.2024;13:45;31,2925
26.05.2024;14:00;30,962
26.05.2024;14:15;31,31125
26.05.2024;14:30;31,6605
26.05.2024;14:45;32,009750000000004
26.05.2024;15:00;32,359
26.05.2024;15:15;32,591750000000005
26.05.2024;15:30;32,8245
26.05.2024;15:45;33,057249999999996
26.05.2024;16:00;33,29
26.05.2024;16:15;34,73
26.05.2024;16:30;36,17
26.05.2024;16:45;37,61
26.05.2024;17:00;39,05
26.05.2024;17:15;39,9565
26.05.2024;17:30;40,863
26.05.2024;17:45;41,7695
26.05.2024;18:00;42,676
26.05.2024;18:15;43,2965
26.05.2024;18:30;43,917
26.05.2024;18:45;44,5375
26.05.2024;19:00;45,158
26.05.2024;19:15;45,1745
26.05.2024;19:30;45,191
26.05.2024;19:45;45,207499999999996
26.05.2024;20:00;45,224
26.05.2024;20:15;45,283
26.05.2024;20:30;45,342
26.05.2024;20:45;45,400999999999996
26.05.2024;21:00;45,46
26.05.2024;21:15;45,106
26.05.2024;21:30;44,751999999999995
26.05.2024;21:45;44,397999999999996
26.05.2024;22:00;44,044
26.05.2024;22:15;43,558
26.05.2024;22:30;43,072
26.05.2024;22:45;42,586
26.05.2024;23:00;42,1
26.05.2024;23:15;41,871
26.05.2024;23:30;41,641999999999996
26.05.2024;23:45;41,413
27.05.2024;00:00;41,184
27.05.2024;00:15;41,10225
27.05.2024;00:30;41,0205
27.05.2024;00:45;40,93875
27.05.2024;01:00;40,857
27.05.2024;01:15;40,84125
27.05.2024;01:30;40,8255
27.05.2024;01:45;40,809749999999994
27.05.2024;02:00;40,794
27.05.2024;02:15;40,793749999999996
27.05.2024;02:30;40,793499999999995
27.05.2024;02:45;40,79325
27.05.2024;03:00;40,793
27.05.2024;03:15;40,879
27.05.2024;03:30;40,965
27.05.2024;03:45;41,051
27.05.2024;04:00;41,137
27.05.2024;04:15;41,29125
27.05.2024;04:30;41,445499999999996
27.05.2024;04:45;41,59975
27.05.2024;05:00;41,754
27.05.2024;05:15;42,4765
27.05.2024;05:30;43,199
27.05.2024;05:45;43,921499999999995
27.05.2024;06:00;44,644
27.05.2024;06:15;45,039
27.05.2024;06:30;45,434
27.05.2024;06:45;45,82899999999999
27.05.2024;07:00;46,224
27.05.2024;07:15;46,119249999999994
27.05.2024;07:30;46,0145
27.05.2024;07:45;45,90975
27.05.2024;08:00;45,805
27.05.2024;08:15;45,37175
27.05.2024;08:30;44,938500000000005
27.05.2024;08:45;44,505250000000004
27.05.2024;09:00;44,072
27.05.2024;09:15;43,602500000000006
27.05.2024;09:30;43,133
27.05.2024;09:45;42,6635
27.05.2024;10:00;42,194
27.05.2024;10:15;42,1395
27.05.2024;10:30;42,085
27.05.2024;10:45;42,0305
27.05.2024;11:00;41,976
27.05.2024;11:15;41,753
27.05.2024;11:30;41,53
27.05.2024;11:45;41,307
27.05.2024;12:00;41,084
27.05.2024;12:15;41,012
27.05.2024;12:30;40,94
27.05.2024;12:45;40,868
27.05.2024;13:00;40,796
27.05.2024;13:15;40,7585
27.05.2024;13:30;40,721000000000004
27.05.2024;13:45;40,6835
27.05.2024;14:00;40,646
27.05.2024;14:15;40,7665
27.05.2024;14:30;40,887
27.05.2024;14:45;41,0075
27.05.2024;15:00;41,128
27.05.2024;15:15;41,3
27.05.2024;15:30;41,472
27.05.2024;15:45;41,644000000000005
27.05.2024;16:00;41,816
27.05.2024;16:15;42,475500000000004
27.05.2024;16:30;43,135000000000005
27.05.2024;16:45;43,7945
27.05.2024;17:00;44,454
27.05.2024;17:15;44,963
27.05.2024;17:30;45,472
27.05.2024;17:45;45,981
27.05.2024;18:00;46,49
27.05.2024;18:15;47,872
27.05.2024;18:30;49,254000000000005
27.05.2024;18:45;50,636
27.05.2024;19:00;52,018
27.05.2024;19:15;52,8875
27.05.2024;19:30;53,757000000000005
27.05.2024;19:45;54,6265
27.05.2024;20:00;55,496
27.05.2024;20:15;54,206
27.05.2024;20:30;52,916
27.05.2024;20:45;51,626
27.05.2024;21:00;50,336
27.05.2024;21:15;49,3745
27.05.2024;21:30;48,413
27.05.2024;21:45;47,4515
27.05.2024;22:00;46,49
27.05.2024;22:15;46,0495
27.05.2024;22:30;45,609
27.05.2024;22:45;45,1685
27.05.2024;23:00;44,728
27.05.2024;23:15;44,328
27.05.2024;23:30;43,928
27.05.2024;23:45;43,528
28.05.2024;00:00;43,128
28.05.2024;00:15;42,946
28.05.2024;00:30;42,763999999999996
28.05.2024;00:45;42,582
28.05.2024;01:00;42,4
28.05.2024;01:15;42,3285
28.05.2024;01:30;42,257
28.05.2024;01:45;42,1855
28.05.2024;02:00;42,114
28.05.2024;02:15;42,0535
28.05.2024;02:30;41,992999999999995
28.05.2024;02:45;41,9325
28.05.2024;03:00;41,872
28.05.2024;03:15;41,8405
28.05.2024;03:30;41,809
28.05.2024;03:45;41,7775
28.05.2024;04:00;41,746
28.05.2024;04:15;41,848
28.05.2024;04:30;41,95
28.05.2024;04:45;42,05200000000001
28.05.2024;05:00;42,154
28.05.2024;05:15;42,7115
28.05.2024;05:30;43,269000000000005
28.05.2024;05:45;43,8265
28.05.2024;06:00;44,384
28.05.2024;06:15;44,628
28.05.2024;06:30;44,872
28.05.2024;06:45;45,116
28.05.2024;07:00;45,36
28.05.2024;07:15;44,91325
28.05.2024;07:30;44,466499999999996
28.05.2024;07:45;44,01975
28.05.2024;08:00;43,573
28.05.2024;08:15;43,153
28.05.2024;08:30;42,733000000000004
28.05.2024;08:45;42,313
28.05.2024;09:00;41,893
28.05.2024;09:15;41,57025
28.05.2024;09:30;41,2475
28.05.2024;09:45;40,924749999999996
28.05.2024;10:00;40,602
28.05.2024;10:15;40,518249999999995
28.05.2024;10:30;40,4345
28.05.2024;10:45;40,350750000000005
28.05.2024;11:00;40,267
28.05.2024;11:15;40,065250000000006
28.05.2024;11:30;39,8635
28.05.2024;11:45;39,66175
28.05.2024;12:00;39,46
28.05.2024;12:15;39,31375
28.05.2024;12:30;39,167500000000004
28.05.2024;12:45;39,02125
28.05.2024;13:00;38,875
28.05.2024;13:15;38,8755
28.05.2024;13:30;38,876000000000005
28.05.2024;13:45;38,8765
28.05.2024;14:00;38,877
28.05.2024;14:15;39,13675
28.05.2024;14:30;39,3965
28.05.2024;14:45;39,65625
28.05.2024;15:00;39,916
28.05.2024;15:15;40,0875
28.05.2024;15:30;40,259
28.05.2024;15:45;40,430499999999995
28.05.2024;16:00;40,602
28.05.2024;16:15;40,934
28.05.2024;16:30;41,266
28.05.2024;16:45;41,598
28.05.2024;17:00;41,93
28.05.2024;17:15;42,342
28.05.2024;17:30;42,754000000000005
28.05.2024;17:45;43,166000000000004
28.05.2024;18:00;43,578
28.05.2024;18:15;44,27225
28.05.2024;18:30;44,966499999999996
28.05.2024;18:45;45,66075
28.05.2024;19:00;46,355
28.05.2024;19:15;46,7115
28.05.2024;19:30;47,068
28.05.2024;19:45;47,424499999999995
28.05.2024;20:00;47,781
28.05.2024;20:15;47,27325
28.05.2024;20:30;46,7655
28.05.2024;20:45;46,25775
28.05.2024;21:00;45,75
28.05.2024;21:15;45,15225
28.05.2024;21:30;44,554500000000004
28.05.2024;21:45;43,95675
28.05.2024;22:00;43,359
28.05.2024;22:15;43,07625
28.05.2024;22:30;42,7935
28.05.2024;22:45;42,51075
28.05.2024;23:00;42,228
28.05.2024;23:15;41,814
28.05.2024;23:30;41,400000000000006
28.05.2024;23:45;40,986000000000004
29.05.2024;00:00;40,572
29.05.2024;00:15;40,205
29.05.2024;00:30;39,838
29.05.2024;00:45;39,471000000000004
29.05.2024;01:00;39,104
29.05.2024;01:15;39,0225
29.05.2024;01:30;38,941
29.05.2024;01:45;38,8595
29.05.2024;02:00;38,778
29.05.2024;02:15;38,68575
29.05.2024;02:30;38,5935
29.05.2024;02:45;38,50125
29.05.2024;03:00;38,409
29.05.2024;03:15;38,39
29.05.2024;03:30;38,370999999999995
29.05.2024;03:45;38,352
29.05.2024;04:00;38,333
29.05.2024;04:15;38,235
29.05.2024;04:30;38,137
29.05.2024;04:45;38,039
29.05.2024;05:00;37,941
29.05.2024;05:15;38,597
29.05.2024;05:30;39,253
29.05.2024;05:45;39,909
29.05.2024;06:00;40,565
29.05.2024;06:15;40,9225
29.05.2024;06:30;41,28
29.05.2024;06:45;41,637499999999996
29.05.2024;07:00;41,995
29.05.2024;07:15;42,12175
29.05.2024;07:30;42,2485
29.05.2024;07:45;42,37525
29.05.2024;08:00;42,502
29.05.2024;08:15;41,94175
29.05.2024;08:30;41,3815
29.05.2024;08:45;40,821250000000006
29.05.2024;09:00;40,261
29.05.2024;09:15;40,2295
29.05.2024;09:30;40,198
29.05.2024;09:45;40,1665
29.05.2024;10:00;40,135
29.05.2024;10:15;39,991749999999996
29.05.2024;10:30;39,8485
29.05.2024;10:45;39,70525
29.05.2024;11:00;39,562
29.05.2024;11:15;39,485749999999996
29.05.2024;11:30;39,409499999999994
29.05.2024;11:45;39,33325
29.05.2024;12:00;39,257
29.05.2024;12:15;39,3365
29.05.2024;12:30;39,416
29.05.2024;12:45;39,4955
29.05.2024;13:00;39,575
29.05.2024;13:15;39,57325
29.05.2024;13:30;39,5715
29.05.2024;13:45;39,56975
29.05.2024;14:00;39,568
29.05.2024;14:15;39,75075
29.05.2024;14:30;39,933499999999995
29.05.2024;14:45;40,11625
29.05.2024;15:00;40,299
29.05.2024;15:15;40,3785
29.05.2024;15:30;40,458
29.05.2024;15:45;40,537499999999994
29.05.2024;16:00;40,617
29.05.2024;16:15;41,031
29.05.2024;16:30;41,445
29.05.2024;16:45;41,859
29.05.2024;17:00;42,273
29.05.2024;17:15;42,408750000000005
29.05.2024;17:30;42,5445
29.05.2024;17:45;42,68025
29.05.2024;18:00;42,816
29.05.2024;18:15;43,2355
29.05.2024;18:30;43,655
29.05.2024;18:45;44,0745
29.05.2024;19:00;44,494
29.05.2024;19:15;45,2205
29.05.2024;19:30;45,947
29.05.2024;19:45;46,6735
29.05.2024;20:00;47,4
29.05.2024;20:15;47,469
29.05.2024;20:30;47,538
29.05.2024;20:45;47,607
29.05.2024;21:00;47,676
29.05.2024;21:15;47,10425
29.05.2024;21:30;46,5325
29.05.2024;21:45;45,960750000000004
29.05.2024;22:00;45,389
29.05.2024;22:15;44,7675
29.05.2024;22:30;44,146
29.05.2024;22:45;43,5245
29.05.2024;23:00;42,903
29.05.2024;23:15;43,0255
29.05.2024;23:30;43,147999999999996
29.05.2024;23:45;43,2705
30.05.2024;00:00;43,393
30.05.2024;00:15;43,28725
30.05.2024;00:30;43,1815
30.05.2024;00:45;43,07575
30.05.2024;01:00;42,97
30.05.2024;01:15;42,84525
30.05.2024;01:30;42,7205
30.05.2024;01:45;42,595749999999995
30.05.2024;02:00;42,471
30.05.2024;02:15;42,531499999999994
30.05.2024;02:30;42,592
30.05.2024;02:45;42,6525
30.05.2024;03:00;42,713
30.05.2024;03:15;42,73625
30.05.2024;03:30;42,7595
30.05.2024;03:45;42,78275
30.05.2024;04:00;42,806
30.05.2024;04:15;42,961749999999995
30.05.2024;04:30;43,1175
30.05.2024;04:45;43,273250000000004
30.05.2024;05:00;43,429
30.05.2024;05:15;43,4935
30.05.2024;05:30;43,558
30.05.2024;05:45;43,6225
30.05.2024;06:00;43,687
30.05.2024;06:15;43,7695
30.05.2024;06:30;43,852000000000004
30.05.2024;06:45;43,9345
30.05.2024;07:00;44,017
30.05.2024;07:15;43,793000000000006
30.05.2024;07:30;43,569
30.05.2024;07:45;43,345
30.05.2024;08:00;43,121
30.05.2024;08:15;43,02575
30.05.2024;08:30;42,9305
30.05.2024;08:45;42,83525
30.05.2024;09:00;42,74
30.05.2024;09:15;42,5175
30.05.2024;09:30;42,295
30.05.2024;09:45;42,072500000000005
30.05.2024;10:00;41,85
30.05.2024;10:15;41,725
30.05.2024;10:30;41,6
30.05.2024;10:45;41,475
30.05.2024;11:00;41,35
30.05.2024;11:15;41,123000000000005
30.05.2024;11:30;40,896
30.05.2024;11:45;40,669
30.05.2024;12:00;40,442
30.05.2024;12:15;40,24325
30.05.2024;12:30;40,0445
30.05.2024;12:45;39,845749999999995
30.05.2024;13:00;39,647
30.05.2024;13:15;39,647
30.05.2024;13:30;39,647
30.05.2024;13:45;39,647
30.05.2024;14:00;39,647
30.05.2024;14:15;39,765
30.05.2024;14:30;39,882999999999996
30.05.2024;14:45;40,001
30.05.2024;15:00;40,119
30.05.2024;15:15;40,5205
30.05.2024;15:30;40,922
30.05.2024;15:45;41,3235
30.05.2024;16:00;41,725
30.05.2024;16:15;41,8845
30.05.2024;16:30;42,044
30.05.2024;16:45;42,2035
30.05.2024;17:00;42,363
30.05.2024;17:15;42,8765
30.05.2024;17:30;43,39
30.05.2024;17:45;43,9035
30.05.2024;18:00;44,417
30.05.2024;18:15;45,031
30.05.2024;18:30;45,644999999999996
30.05.2024;18:45;46,259
30.05.2024;19:00;46,873
30.05.2024;19:15;47,3605
30.05.2024;19:30;47,848
30.05.2024;19:45;48,335499999999996
30.05.2024;20:00;48,823
30.05.2024;20:15;48,541
30.05.2024;20:30;48,259
30.05.2024;20:45;47,977000000000004
30.05.2024;21:00;47,695
30.05.2024;21:15;46,911500000000004
30.05.2024;21:30;46,128
30.05.2024;21:45;45,3445
30.05.2024;22:00;44,561
30.05.2024;22:15;44,275999999999996
30.05.2024;22:30;43,991
30.05.2024;22:45;43,706
30.05.2024;23:00;43,421
30.05.2024;23:15;43,308499999999995
30.05.2024;23:30;43,196
30.05.2024;23:45;43,0835
31.05.2024;00:00;42,971
31.05.2024;00:15;42,5835
31.05.2024;00:30;42,196
31.05.2024;00:45;41,808499999999995
31.05.2024;01:00;41,421
31.05.2024;01:15;41,3905
31.05.2024;01:30;41,36
31.05.2024;01:45;41,329499999999996
31.05.2024;02:00;41,299
31.05.2024;02:15;41,1545
31.05.2024;02:30;41,01
31.05.2024;02:45;40,8655
31.05.2024;03:00;40,721
31.05.2024;03:15;40,741499999999995
31.05.2024;03:30;40,762
31.05.2024;03:45;40,7825
31.05.2024;04:00;40,803
31.05.2024;04:15;41,19125
31.05.2024;04:30;41,579499999999996
31.05.2024;04:45;41,96775
31.05.2024;05:00;42,356
31.05.2024;05:15;42,761250000000004
31.05.2024;05:30;43,1665
31.05.2024;05:45;43,571749999999994
31.05.2024;06:00;43,977
31.05.2024;06:15;44,048
31.05.2024;06:30;44,119
31.05.2024;06:45;44,19
31.05.2024;07:00;44,261
31.05.2024;07:15;44,25125
31.05.2024;07:30;44,2415
31.05.2024;07:45;44,231750000000005
31.05.2024;08:00;44,222
31.05.2024;08:15;44,063
31.05.2024;08:30;43,903999999999996
31.05.2024;08:45;43,745
31.05.2024;09:00;43,586
31.05.2024;09:15;43,32625
31.05.2024;09:30;43,0665
31.05.2024;09:45;42,806749999999994
31.05.2024;10:00;42,547
31.05.2024;10:15;42,298249999999996
31.05.2024;10:30;42,049499999999995
31.05.2024;10:45;41,80075
31.05.2024;11:00;41,552
31.05.2024;11:15;41,37425
31.05.2024;11:30;41,1965
31.05.2024;11:45;41,01875
31.05.2024;12:00;40,841
31.05.2024;12:15;40,68075
31.05.2024;12:30;40,5205
31.05.2024;12:45;40,36025
31.05.2024;13:00;40,2
31.05.2024;13:15;40,120000000000005
31.05.2024;13:30;40,040000000000006
31.05.2024;13:45;39,96
31.05.2024;14:00;39,88
31.05.2024;14:15;39,921
31.05.2024;14:30;39,962
31.05.2024;14:45;40,003
31.05.2024;15:00;40,044
31.05.2024;15:15;40,247249999999994
31.05.2024;15:30;40,4505
31.05.2024;15:45;40,65375
31.05.2024;16:00;40,857
31.05.2024;16:15;41,08275
31.05.2024;16:30;41,308499999999995
31.05.2024;16:45;41,53425
31.05.2024;17:00;41,76
31.05.2024;17:15;42,019
31.05.2024;17:30;42,278
31.05.2024;17:45;42,537
31.05.2024;18:00;42,796
31.05.2024;18:15;43,132999999999996
31.05.2024;18:30;43,47
31.05.2024;18:45;43,807
31.05.2024;19:00;44,144
31.05.2024;19:15;44,320499999999996
31.05.2024;19:30;44,497
31.05.2024;19:45;44,673500000000004
31.05.2024;20:00;44,85
31.05.2024;20:15;44,67275
31.05.2024;20:30;44,4955
31.05.2024;20:45;44,31825
31.05.2024;21:00;44,141
31.05.2024;21:15;43,98675
31.05.2024;21:30;43,832499999999996
31.05.2024;21:45;43,67825
31.05.2024;22:00;43,524
31.05.2024;22:15;43,085
31.05.2024;22:30;42,646
31.05.2024;22:45;42,207
31.05.2024;23:00;41,768
31.05.2024;23:15;41,878
31.05.2024;23:30;41,988
31.05.2024;23:45;42,098
01.06.2024;00:00;42,208
01.06.2024;00:15;42,214
01.06.2024;00:30;42,22
01.06.2024;00:45;42,226
01.06.2024;01:00;42,232
01.06.2024;01:15;42,003
01.06.2024;01:30;41,774
01.06.2024;01:45;41,545
01.06.2024;02:00;41,316
01.06.2024;02:15;41,128
01.06.2024;02:30;40,94
01.06.2024;02:45;40,752
01.06.2024;03:00;40,564
01.06.2024;03:15;40,557249999999996
01.06.2024;03:30;40,5505
01.06.2024;03:45;40,54375
01.06.2024;04:00;40,537
01.06.2024;04:15;40,536
01.06.2024;04:30;40,535
01.06.2024;04:45;40,534
01.06.2024;05:00;40,533
01.06.2024;05:15;40,61725
01.06.2024;05:30;40,701499999999996
01.06.2024;05:45;40,78575
01.06.2024;06:00;40,87
01.06.2024;06:15;40,849999999999994
01.06.2024;06:30;40,83
01.06.2024;06:45;40,81
01.06.2024;07:00;40,79
01.06.2024;07:15;40,74225
01.06.2024;07:30;40,6945
01.06.2024;07:45;40,64675
01.06.2024;08:00;40,599
01.06.2024;08:15;40,320499999999996
01.06.2024;08:30;40,042
01.06.2024;08:45;39,7635
01.06.2024;09:00;39,485
01.06.2024;09:15;39,130250000000004
01.06.2024;09:30;38,7755
01.06.2024;09:45;38,42075
01.06.2024;10:00;38,066
01.06.2024;10:15;37,9335
01.06.2024;10:30;37,801
01.06.2024;10:45;37,6685
01.06.2024;11:00;37,536
01.06.2024;11:15;37,01975
01.06.2024;11:30;36,5035
01.06.2024;11:45;35,987249999999996
01.06.2024;12:00;35,471
01.06.2024;12:15;35,12675
01.06.2024;12:30;34,7825
01.06.2024;12:45;34,43825
01.06.2024;13:00;34,094
01.06.2024;13:15;33,981
01.06.2024;13:30;33,868
01.06.2024;13:45;33,755
01.06.2024;14:00;33,642
01.06.2024;14:15;33,714
01.06.2024;14:30;33,786
01.06.2024;14:45;33,858000000000004
01.06.2024;15:00;33,93
01.06.2024;15:15;34,11
01.06.2024;15:30;34,29
01.06.2024;15:45;34,47
01.06.2024;16:00;34,65
01.06.2024;16:15;35,626999999999995
01.06.2024;16:30;36,604
01.06.2024;16:45;37,581
01.06.2024;17:00;38,558
01.06.2024;17:15;38,9435
01.06.2024;17:30;39,329
01.06.2024;17:45;39,7145
01.06.2024;18:00;40,1
01.06.2024;18:15;40,46
01.06.2024;18:30;40,82
01.06.2024;18:45;41,18
01.06.2024;19:00;41,54
01.06.2024;19:15;41,638999999999996
01.06.2024;19:30;41,738
01.06.2024;19:45;41,837
01.06.2024;20:00;41,936
01.06.2024;20:15;41,8335
01.06.2024;20:30;41,731
01.06.2024;20:45;41,6285
01.06.2024;21:00;41,526
01.06.2024;21:15;41,594
01.06.2024;21:30;41,662000000000006
01.06.2024;21:45;41,730000000000004
01.06.2024;22:00;41,798
01.06.2024;22:15;41,320750000000004
01.06.2024;22:30;40,843500000000006
01.06.2024;22:45;40,36625
01.06.2024;23:00;39,889
01.06.2024;23:15;39,147000000000006
01.06.2024;23:30;38,405
01.06.2024;23:45;37,663
02.06.2024;00:00;36,921
02.06.2024;00:15;36,80625
02.06.2024;00:30;36,691500000000005
02.06.2024;00:45;36,576750000000004
02.06.2024;01:00;36,462
02.06.2024;01:15;36,08025000000001
02.06.2024;01:30;35,6985
02.06.2024;01:45;35,31675
02.06.2024;02:00;34,935
02.06.2024;02:15;34,71925
02.06.2024;02:30;34,5035
02.06.2024;02:45;34,28775
02.06.2024;03:00;34,072
02.06.2024;03:15;34,115500000000004
02.06.2024;03:30;34,159000000000006
02.06.2024;03:45;34,2025
02.06.2024;04:00;34,246
02.06.2024;04:15;34,15025
02.06.2024;04:30;34,054500000000004
02.06.2024;04:45;33,95875
02.06.2024;05:00;33,863
02.06.2024;05:15;33,8575
02.06.2024;05:30;33,852000000000004
02.06.2024;05:45;33,8465
02.06.2024;06:00;33,841
02.06.2024;06:15;33,821
02.06.2024;06:30;33,801
02.06.2024;06:45;33,781000000000006
02.06.2024;07:00;33,761
02.06.2024;07:15;33,682500000000005
02.06.2024;07:30;33,604
02.06.2024;07:45;33,5255
02.06.2024;08:00;33,447
02.06.2024;08:15;33,42275
02.06.2024;08:30;33,3985
02.06.2024;08:45;33,37425
02.06.2024;09:00;33,35
02.06.2024;09:15;33,389
02.06.2024;09:30;33,428
02.06.2024;09:45;33,467
02.06.2024;10:00;33,506
02.06.2024;10:15;33,48625
02.06.2024;10:30;33,466499999999996
02.06.2024;10:45;33,44675
02.06.2024;11:00;33,427
02.06.2024;11:15;33,40525
02.06.2024;11:30;33,3835
02.06.2024;11:45;33,36175
02.06.2024;12:00;33,34
02.06.2024;12:15;33,24225
02.06.2024;12:30;33,1445
02.06.2024;12:45;33,04675
02.06.2024;13:00;32,949
02.06.2024;13:15;32,650999999999996
02.06.2024;13:30;32,353
02.06.2024;13:45;32,055
02.06.2024;14:00;31,757
02.06.2024;14:15;31,665750000000003
02.06.2024;14:30;31,5745
02.06.2024;14:45;31,483249999999998
02.06.2024;15:00;31,392
02.06.2024;15:15;31,657
02.06.2024;15:30;31,921999999999997
02.06.2024;15:45;32,187
02.06.2024;16:00;32,452
02.06.2024;16:15;32,64475
02.06.2024;16:30;32,8375
02.06.2024;16:45;33,030249999999995
02.06.2024;17:00;33,223
02.06.2024;17:15;33,6035
02.06.2024;17:30;33,983999999999995
02.06.2024;17:45;34,3645
02.06.2024;18:00;34,745
02.06.2024;18:15;36,077
02.06.2024;18:30;37,409
02.06.2024;18:45;38,741
02.06.2024;19:00;40,073
02.06.2024;19:15;40,766999999999996
02.06.2024;19:30;41,461
02.06.2024;19:45;42,155
02.06.2024;20:00;42,849
02.06.2024;20:15;43,147499999999994
02.06.2024;20:30;43,446
02.06.2024;20:45;43,7445
02.06.2024;21:00;44,043
02.06.2024;21:15;44,095
02.06.2024;21:30;44,147
02.06.2024;21:45;44,199
02.06.2024;22:00;44,251
02.06.2024;22:15;44,00475
02.06.2024;22:30;43,7585
02.06.2024;22:45;43,512249999999995
02.06.2024;23:00;43,266
02.06.2024;23:15;43,2435
02.06.2024;23:30;43,221000000000004
02.06.2024;23:45;43,1985
03.06.2024;00:00;43,176
03.06.2024;00:15;42,834
03.06.2024;00:30;42,492000000000004
03.06.2024;00:45;42,15
03.06.2024;01:00;41,808
03.06.2024;01:15;41,78525
03.06.2024;01:30;41,7625
03.06.2024;01:45;41,73975
03.06.2024;02:00;41,717
03.06.2024;02:15;41,7205
03.06.2024;02:30;41,724000000000004
03.06.2024;02:45;41,7275
03.06.2024;03:00;41,731
03.06.2024;03:15;41,69
03.06.2024;03:30;41,649
03.06.2024;03:45;41,608000000000004
03.06.2024;04:00;41,567
03.06.2024;04:15;41,917
03.06.2024;04:30;42,266999999999996
03.06.2024;04:45;42,617
03.06.2024;05:00;42,967
03.06.2024;05:15;43,89475
03.06.2024;05:30;44,8225
03.06.2024;05:45;45,750249999999994
03.06.2024;06:00;46,678
03.06.2024;06:15;48,1725
03.06.2024;06:30;49,667
03.06.2024;06:45;51,1615
03.06.2024;07:00;52,656
03.06.2024;07:15;51,9415
03.06.2024;07:30;51,227000000000004
03.06.2024;07:45;50,5125
03.06.2024;08:00;49,798
03.06.2024;08:15;48,888000000000005
03.06.2024;08:30;47,978
03.06.2024;08:45;47,068
03.06.2024;09:00;46,158
03.06.2024;09:15;45,43225
03.06.2024;09:30;44,706500000000005
03.06.2024;09:45;43,98075
03.06.2024;10:00;43,255
03.06.2024;10:15;43,17625
03.06.2024;10:30;43,0975
03.06.2024;10:45;43,01875
03.06.2024;11:00;42,94
03.06.2024;11:15;42,56975
03.06.2024;11:30;42,1995
03.06.2024;11:45;41,82925
03.06.2024;12:00;41,459
03.06.2024;12:15;41,30425
03.06.2024;12:30;41,1495
03.06.2024;12:45;40,99475
03.06.2024;13:00;40,84
03.06.2024;13:15;40,650000000000006
03.06.2024;13:30;40,46
03.06.2024;13:45;40,269999999999996
03.06.2024;14:00;40,08
03.06.2024;14:15;40,198
03.06.2024;14:30;40,316
03.06.2024;14:45;40,434
03.06.2024;15:00;40,552
03.06.2024;15:15;40,701499999999996
03.06.2024;15:30;40,851
03.06.2024;15:45;41,0005
03.06.2024;16:00;41,15
03.06.2024;16:15;41,848749999999995
03.06.2024;16:30;42,5475
03.06.2024;16:45;43,24625
03.06.2024;17:00;43,945
03.06.2024;17:15;44,47925
03.06.2024;17:30;45,0135
03.06.2024;17:45;45,54775
03.06.2024;18:00;46,082
03.06.2024;18:15;47,47175
03.06.2024;18:30;48,8615
03.06.2024;18:45;50,25125
03.06.2024;19:00;51,641
03.06.2024;19:15;52,45025
03.06.2024;19:30;53,2595
03.06.2024;19:45;54,06875
03.06.2024;20:00;54,878
03.06.2024;20:15;54,46575
03.06.2024;20:30;54,0535
03.06.2024;20:45;53,64125
03.06.2024;21:00;53,229
03.06.2024;21:15;51,9915
03.06.2024;21:30;50,754000000000005
03.06.2024;21:45;49,5165
03.06.2024;22:00;48,279
03.06.2024;22:15;47,44775
03.06.2024;22:30;46,6165
03.06.2024;22:45;45,785250000000005
03.06.2024;23:00;44,954
03.06.2024;23:15;44,72475
03.06.2024;23:30;44,4955
03.06.2024;23:45;44,26625
04.06.2024;00:00;44,037
04.06.2024;00:15;43,86475
04.06.2024;00:30;43,692499999999995
04.06.2024;00:45;43,52025
04.06.2024;01:00;43,348
04.06.2024;01:15;43,234
04.06.2024;01:30;43,120000000000005
04.06.2024;01:45;43,006
04.06.2024;02:00;42,892
04.06.2024;02:15;42,83
04.06.2024;02:30;42,768
04.06.2024;02:45;42,706
04.06.2024;03:00;42,644
04.06.2024;03:15;42,62675
04.06.2024;03:30;42,6095
04.06.2024;03:45;42,59225
04.06.2024;04:00;42,575
04.06.2024;04:15;42,886
04.06.2024;04:30;43,197
04.06.2024;04:45;43,508
04.06.2024;05:00;43,819
04.06.2024;05:15;45,25175
04.06.2024;05:30;46,6845
04.06.2024;05:45;48,11725
04.06.2024;06:00;49,55
04.06.2024;06:15;49,9415
04.06.2024;06:30;50,333
04.06.2024;06:45;50,7245
04.06.2024;07:00;51,116
04.06.2024;07:15;50,216499999999996
04.06.2024;07:30;49,317
04.06.2024;07:45;48,417500000000004
04.06.2024;08:00;47,518
04.06.2024;08:15;46,785250000000005
04.06.2024;08:30;46,0525
04.06.2024;08:45;45,31975
04.06.2024;09:00;44,587
04.06.2024;09:15;44,067750000000004
04.06.2024;09:30;43,548500000000004
04.06.2024;09:45;43,02925
04.06.2024;10:00;42,51
04.06.2024;10:15;42,25275
04.06.2024;10:30;41,9955
04.06.2024;10:45;41,73825
04.06.2024;11:00;41,481
04.06.2024;11:15;41,131750000000004
04.06.2024;11:30;40,7825
04.06.2024;11:45;40,43325
04.06.2024;12:00;40,084
04.06.2024;12:15;39,782250000000005
04.06.2024;12:30;39,480500000000006
04.06.2024;12:45;39,17875
04.06.2024;13:00;38,877
04.06.2024;13:15;38,591750000000005
04.06.2024;13:30;38,3065
04.06.2024;13:45;38,021249999999995
04.06.2024;14:00;37,736
04.06.2024;14:15;37,815999999999995
04.06.2024;14:30;37,896
04.06.2024;14:45;37,976
04.06.2024;15:00;38,056
04.06.2024;15:15;38,48025
04.06.2024;15:30;38,9045
04.06.2024;15:45;39,32875
04.06.2024;16:00;39,753
04.06.2024;16:15;40,27425
04.06.2024;16:30;40,795500000000004
04.06.2024;16:45;41,31675
04.06.2024;17:00;41,838
04.06.2024;17:15;42,6215
04.06.2024;17:30;43,405
04.06.2024;17:45;44,188500000000005
04.06.2024;18:00;44,972
04.06.2024;18:15;46,486000000000004
04.06.2024;18:30;48,0
04.06.2024;18:45;49,513999999999996
04.06.2024;19:00;51,028
04.06.2024;19:15;52,4965
04.06.2024;19:30;53,965
04.06.2024;19:45;55,4335
04.06.2024;20:00;56,902
04.06.2024;20:15;54,531
04.06.2024;20:30;52,16
04.06.2024;20:45;49,789
04.06.2024;21:00;47,418
04.06.2024;21:15;46,5845
04.06.2024;21:30;45,751000000000005
04.06.2024;21:45;44,917500000000004
04.06.2024;22:00;44,084
04.06.2024;22:15;43,29575
04.06.2024;22:30;42,5075
04.06.2024;22:45;41,71925
04.06.2024;23:00;40,931
04.06.2024;23:15;40,456999999999994
04.06.2024;23:30;39,983
04.06.2024;23:45;39,509
05.06.2024;00:00;39,035
05.06.2024;00:15;38,711999999999996
05.06.2024;00:30;38,388999999999996
05.06.2024;00:45;38,066
05.06.2024;01:00;37,743
05.06.2024;01:15;37,7585
05.06.2024;01:30;37,774
05.06.2024;01:45;37,789500000000004
05.06.2024;02:00;37,805
05.06.2024;02:15;37,942499999999995
05.06.2024;02:30;38,08
05.06.2024;02:45;38,2175
05.06.2024;03:00;38,355
05.06.2024;03:15;38,306
05.06.2024;03:30;38,257
05.06.2024;03:45;38,208
05.06.2024;04:00;38,159
05.06.2024;04:15;38,7365
05.06.2024;04:30;39,314
05.06.2024;04:45;39,8915
05.06.2024;05:00;40,469
05.06.2024;05:15;41,278
05.06.2024;05:30;42,087
05.06.2024;05:45;42,896
05.06.2024;06:00;43,705
05.06.2024;06:15;44,685249999999996
05.06.2024;06:30;45,665499999999994
05.06.2024;06:45;46,64575
05.06.2024;07:00;47,626
05.06.2024;07:15;46,879999999999995
05.06.2024;07:30;46,134
05.06.2024;07:45;45,388000000000005
05.06.2024;08:00;44,642
05.06.2024;08:15;43,923
05.06.2024;08:30;43,204
05.06.2024;08:45;42,485
05.06.2024;09:00;41,766
05.06.2024;09:15;41,41025
05.06.2024;09:30;41,054500000000004
05.06.2024;09:45;40,698750000000004
05.06.2024;10:00;40,343
05.06.2024;10:15;40,1455
05.06.2024;10:30;39,948
05.06.2024;10:45;39,7505
05.06.2024;11:00;39,553
05.06.2024;11:15;39,21225
05.06.2024;11:30;38,8715
05.06.2024;11:45;38,53075
05.06.2024;12:00;38,19
05.06.2024;12:15;37,734249999999996
05.06.2024;12:30;37,278499999999994
05.06.2024;12:45;36,82275
05.06.2024;13:00;36,367
05.06.2024;13:15;36,27025
05.06.2024;13:30;36,1735
05.06.2024;13:45;36,07675
05.06.2024;14:00;35,98
05.06.2024;14:15;36,074
05.06.2024;14:30;36,168
05.06.2024;14:45;36,262
05.06.2024;15:00;36,356
05.06.2024;15:15;37,16875
05.06.2024;15:30;37,9815
05.06.2024;15:45;38,79425
05.06.2024;16:00;39,607
05.06.2024;16:15;40,0535
05.06.2024;16:30;40,5
05.06.2024;16:45;40,9465
05.06.2024;17:00;41,393
05.06.2024;17:15;42,0095
05.06.2024;17:30;42,626000000000005
05.06.2024;17:45;43,2425
05.06.2024;18:00;43,859
05.06.2024;18:15;44,406
05.06.2024;18:30;44,953
05.06.2024;18:45;45,5
05.06.2024;19:00;46,047
05.06.2024;19:15;46,77025
05.06.2024;19:30;47,4935
05.06.2024;19:45;48,21675
05.06.2024;20:00;48,94
05.06.2024;20:15;48,992999999999995
05.06.2024;20:30;49,046
05.06.2024;20:45;49,099000000000004
05.06.2024;21:00;49,152
05.06.2024;21:15;48,73825
05.06.2024;21:30;48,3245
05.06.2024;21:45;47,91075
05.06.2024;22:00;47,497
05.06.2024;22:15;46,61
05.06.2024;22:30;45,723
05.06.2024;22:45;44,836
05.06.2024;23:00;43,949
05.06.2024;23:15;43,63025
05.06.2024;23:30;43,311499999999995
05.06.2024;23:45;42,99275
06.06.2024;00:00;42,674
06.06.2024;00:15;42,591
06.06.2024;00:30;42,507999999999996
06.06.2024;00:45;42,425
06.06.2024;01:00;42,342
06.06.2024;01:15;42,2405
06.06.2024;01:30;42,138999999999996
06.06.2024;01:45;42,0375
06.06.2024;02:00;41,936
06.06.2024;02:15;41,923249999999996
06.06.2024;02:30;41,9105
06.06.2024;02:45;41,89775
06.06.2024;03:00;41,885
06.06.2024;03:15;41,957499999999996
06.06.2024;03:30;42,03
06.06.2024;03:45;42,1025
06.06.2024;04:00;42,175
06.06.2024;04:15;42,443
06.06.2024;04:30;42,711
06.06.2024;04:45;42,979
06.06.2024;05:00;43,247
06.06.2024;05:15;43,87025
06.06.2024;05:30;44,4935
06.06.2024;05:45;45,11675
06.06.2024;06:00;45,74
06.06.2024;06:15;45,840500000000006
06.06.2024;06:30;45,941
06.06.2024;06:45;46,0415
06.06.2024;07:00;46,142
06.06.2024;07:15;45,36475
06.06.2024;07:30;44,587500000000006
06.06.2024;07:45;43,81025
06.06.2024;08:00;43,033
06.06.2024;08:15;42,4095
06.06.2024;08:30;41,786
06.06.2024;08:45;41,1625
06.06.2024;09:00;40,539
06.06.2024;09:15;40,18675
06.06.2024;09:30;39,834500000000006
06.06.2024;09:45;39,48225
06.06.2024;10:00;39,13
06.06.2024;10:15;38,441250000000004
06.06.2024;10:30;37,7525
06.06.2024;10:45;37,06375
06.06.2024;11:00;36,375
06.06.2024;11:15;36,227000000000004
06.06.2024;11:30;36,079
06.06.2024;11:45;35,931
06.06.2024;12:00;35,783
06.06.2024;12:15;35,66225
06.06.2024;12:30;35,5415
06.06.2024;12:45;35,42075
06.06.2024;13:00;35,3
06.06.2024;13:15;35,41825
06.06.2024;13:30;35,536500000000004
06.06.2024;13:45;35,65475
06.06.2024;14:00;35,773
06.06.2024;14:15;36,10850000000001
06.06.2024;14:30;36,444
06.06.2024;14:45;36,7795
06.06.2024;15:00;37,115
06.06.2024;15:15;37,7265
06.06.2024;15:30;38,338
06.06.2024;15:45;38,9495
06.06.2024;16:00;39,561
06.06.2024;16:15;40,025
06.06.2024;16:30;40,489000000000004
06.06.2024;16:45;40,953
06.06.2024;17:00;41,417
06.06.2024;17:15;41,648250000000004
06.06.2024;17:30;41,8795
06.06.2024;17:45;42,110749999999996
06.06.2024;18:00;42,342
06.06.2024;18:15;42,98625
06.06.2024;18:30;43,6305
06.06.2024;18:45;44,27475
06.06.2024;19:00;44,919
06.06.2024;19:15;46,12625
06.06.2024;19:30;47,3335
06.06.2024;19:45;48,540749999999996
06.06.2024;20:00;49,748
06.06.2024;20:15;49,841499999999996
06.06.2024;20:30;49,935
06.06.2024;20:45;50,0285
06.06.2024;21:00;50,122
06.06.2024;21:15;49,24025
06.06.2024;21:30;48,3585
06.06.2024;21:45;47,476749999999996
06.06.2024;22:00;46,595
06.06.2024;22:15;45,8935
06.06.2024;22:30;45,192
06.06.2024;22:45;44,4905
06.06.2024;23:00;43,789
06.06.2024;23:15;43,70425
06.06.2024;23:30;43,6195
06.06.2024;23:45;43,53475
07.06.2024;00:00;43,45
07.06.2024;00:15;43,328250000000004
07.06.2024;00:30;43,206500000000005
07.06.2024;00:45;43,08475
07.06.2024;01:00;42,963
07.06.2024;01:15;42,85225
07.06.2024;01:30;42,7415
07.06.2024;01:45;42,630750000000006
07.06.2024;02:00;42,52
07.06.2024;02:15;42,41575
07.06.2024;02:30;42,3115
07.06.2024;02:45;42,20725
07.06.2024;03:00;42,103
07.06.2024;03:15;42,021
07.06.2024;03:30;41,939
07.06.2024;03:45;41,857
07.06.2024;04:00;41,775
07.06.2024;04:15;41,96625
07.06.2024;04:30;42,1575
07.06.2024;04:45;42,348749999999995
07.06.2024;05:00;42,54
07.06.2024;05:15;43,09125
07.06.2024;05:30;43,6425
07.06.2024;05:45;44,193749999999994
07.06.2024;06:00;44,745
07.06.2024;06:15;44,8725
07.06.2024;06:30;45,0
07.06.2024;06:45;45,1275
07.06.2024;07:00;45,255
07.06.2024;07:15;44,847750000000005
07.06.2024;07:30;44,4405
07.06.2024;07:45;44,033249999999995
07.06.2024;08:00;43,626
07.06.2024;08:15;43,021
07.06.2024;08:30;42,416
07.06.2024;08:45;41,811
07.06.2024;09:00;41,206
07.06.2024;09:15;40,7585
07.06.2024;09:30;40,311
07.06.2024;09:45;39,8635
07.06.2024;10:00;39,416
07.06.2024;10:15;38,93425
07.06.2024;10:30;38,4525
07.06.2024;10:45;37,970749999999995
07.06.2024;11:00;37,489
07.06.2024;11:15;37,302
07.06.2024;11:30;37,114999999999995
07.06.2024;11:45;36,928
07.06.2024;12:00;36,741
07.06.2024;12:15;36,52725
07.06.2024;12:30;36,313500000000005
07.06.2024;12:45;36,09975
07.06.2024;13:00;35,886
07.06.2024;13:15;35,687250000000006
07.06.2024;13:30;35,4885
07.06.2024;13:45;35,28975
07.06.2024;14:00;35,091
07.06.2024;14:15;34,98275
07.06.2024;14:30;34,8745
07.06.2024;14:45;34,76625
07.06.2024;15:00;34,658
07.06.2024;15:15;34,97025
07.06.2024;15:30;35,2825
07.06.2024;15:45;35,59475
07.06.2024;16:00;35,907
07.06.2024;16:15;36,88175
07.06.2024;16:30;37,8565
07.06.2024;16:45;38,83125
07.06.2024;17:00;39,806
07.06.2024;17:15;40,32225
07.06.2024;17:30;40,838499999999996
07.06.2024;17:45;41,35475
07.06.2024;18:00;41,871
07.06.2024;18:15;42,95525
07.06.2024;18:30;44,039500000000004
07.06.2024;18:45;45,12375
07.06.2024;19:00;46,208
07.06.2024;19:15;46,86225
07.06.2024;19:30;47,5165
07.06.2024;19:45;48,17075
07.06.2024;20:00;48,825
07.06.2024;20:15;48,8025
07.06.2024;20:30;48,78
07.06.2024;20:45;48,7575
07.06.2024;21:00;48,735
07.06.2024;21:15;48,06075
07.06.2024;21:30;47,3865
07.06.2024;21:45;46,71225
07.06.2024;22:00;46,038
07.06.2024;22:15;45,30225
07.06.2024;22:30;44,5665
07.06.2024;22:45;43,830749999999995
07.06.2024;23:00;43,095
07.06.2024;23:15;43,11775
07.06.2024;23:30;43,1405
07.06.2024;23:45;43,16325
08.06.2024;00:00;43,186
08.06.2024;00:15;42,978
08.06.2024;00:30;42,769999999999996
08.06.2024;00:45;42,562
08.06.2024;01:00;42,354
08.06.2024;01:15;42,18575
08.06.2024;01:30;42,0175
08.06.2024;01:45;41,84925
08.06.2024;02:00;41,681
08.06.2024;02:15;41,686499999999995
08.06.2024;02:30;41,692
08.06.2024;02:45;41,697500000000005
08.06.2024;03:00;41,703
08.06.2024;03:15;41,60575
08.06.2024;03:30;41,5085
08.06.2024;03:45;41,41125
08.06.2024;04:00;41,314
08.06.2024;04:15;41,37575
08.06.2024;04:30;41,4375
08.06.2024;04:45;41,49925
08.06.2024;05:00;41,561
08.06.2024;05:15;41,49275
08.06.2024;05:30;41,424499999999995
08.06.2024;05:45;41,356249999999996
08.06.2024;06:00;41,288
08.06.2024;06:15;40,873999999999995
08.06.2024;06:30;40,459999999999994
08.06.2024;06:45;40,046
08.06.2024;07:00;39,632
08.06.2024;07:15;39,1165
08.06.2024;07:30;38,601
08.06.2024;07:45;38,085499999999996
08.06.2024;08:00;37,57
08.06.2024;08:15;36,821
08.06.2024;08:30;36,072
08.06.2024;08:45;35,323
08.06.2024;09:00;34,574
08.06.2024;09:15;34,26475
08.06.2024;09:30;33,9555
08.06.2024;09:45;33,64625
08.06.2024;10:00;33,337
08.06.2024;10:15;33,283500000000004
08.06.2024;10:30;33,230000000000004
08.06.2024;10:45;33,1765
08.06.2024;11:00;33,123
08.06.2024;11:15;32,923249999999996
08.06.2024;11:30;32,7235
08.06.2024;11:45;32,52375
08.06.2024;12:00;32,324
08.06.2024;12:15;31,988
08.06.2024;12:30;31,652
08.06.2024;12:45;31,316
08.06.2024;13:00;30,98
08.06.2024;13:15;30,82175
08.06.2024;13:30;30,6635
08.06.2024;13:45;30,50525
08.06.2024;14:00;30,347
08.06.2024;14:15;30,582250000000002
08.06.2024;14:30;30,817500000000003
08.06.2024;14:45;31,05275
08.06.2024;15:00;31,288
08.06.2024;15:15;31,59725
08.06.2024;15:30;31,9065
08.06.2024;15:45;32,21575
08.06.2024;16:00;32,525
08.06.2024;16:15;32,7315
08.06.2024;16:30;32,938
08.06.2024;16:45;33,1445
08.06.2024;17:00;33,351
08.06.2024;17:15;34,4735
08.06.2024;17:30;35,596000000000004
08.06.2024;17:45;36,7185
08.06.2024;18:00;37,841
08.06.2024;18:15;38,43925
08.06.2024;18:30;39,0375
08.06.2024;18:45;39,63575
08.06.2024;19:00;40,234
08.06.2024;19:15;40,996
08.06.2024;19:30;41,757999999999996
08.06.2024;19:45;42,519999999999996
08.06.2024;20:00;43,282
08.06.2024;20:15;43,124249999999996
08.06.2024;20:30;42,966499999999996
08.06.2024;20:45;42,80875
08.06.2024;21:00;42,651
08.06.2024;21:15;42,82575
08.06.2024;21:30;43,0005
08.06.2024;21:45;43,175250000000005
08.06.2024;22:00;43,35
08.06.2024;22:15;42,81975
08.06.2024;22:30;42,289500000000004
08.06.2024;22:45;41,75925
08.06.2024;23:00;41,229
08.06.2024;23:15;41,11625
08.06.2024;23:30;41,0035
08.06.2024;23:45;40,89075
09.06.2024;00:00;40,778
09.06.2024;00:15;40,51075
09.06.2024;00:30;40,2435
09.06.2024;00:45;39,97625
09.06.2024;01:00;39,709
09.06.2024;01:15;39,18225
09.06.2024;01:30;38,6555
09.06.2024;01:45;38,12875
09.06.2024;02:00;37,602
09.06.2024;02:15;36,92825
09.06.2024;02:30;36,25449999999999
09.06.2024;02:45;35,580749999999995
09.06.2024;03:00;34,907
09.06.2024;03:15;34,9725
09.06.2024;03:30;35,038
09.06.2024;03:45;35,1035
09.06.2024;04:00;35,169
09.06.2024;04:15;35,003249999999994
09.06.2024;04:30;34,8375
09.06.2024;04:45;34,67175
09.06.2024;05:00;34,506
09.06.2024;05:15;34,427
09.06.2024;05:30;34,348
09.06.2024;05:45;34,269
09.06.2024;06:00;34,19
09.06.2024;06:15;34,0355
09.06.2024;06:30;33,881
09.06.2024;06:45;33,7265
09.06.2024;07:00;33,572
09.06.2024;07:15;33,5145
09.06.2024;07:30;33,457
09.06.2024;07:45;33,3995
09.06.2024;08:00;33,342
09.06.2024;08:15;33,29375
09.06.2024;08:30;33,2455
09.06.2024;08:45;33,19725
09.06.2024;09:00;33,149
09.06.2024;09:15;33,00925
09.06.2024;09:30;32,8695
09.06.2024;09:45;32,72975
09.06.2024;10:00;32,59
09.06.2024;10:15;32,405
09.06.2024;10:30;32,22
09.06.2024;10:45;32,035000000000004
09.06.2024;11:00;31,85
09.06.2024;11:15;31,6
09.06.2024;11:30;31,35
09.06.2024;11:45;31,1
09.06.2024;12:00;30,85
09.06.2024;12:15;30,65775
09.06.2024;12:30;30,4655
09.06.2024;12:45;30,27325
09.06.2024;13:00;30,081
09.06.2024;13:15;29,969749999999998
09.06.2024;13:30;29,8585
09.06.2024;13:45;29,74725
09.06.2024;14:00;29,636
09.06.2024;14:15;29,8475
09.06.2024;14:30;30,058999999999997
09.06.2024;14:45;30,2705
09.06.2024;15:00;30,482
09.06.2024;15:15;31,052999999999997
09.06.2024;15:30;31,624
09.06.2024;15:45;32,195
09.06.2024;16:00;32,766
09.06.2024;16:15;32,899499999999996
09.06.2024;16:30;33,033
09.06.2024;16:45;33,1665
09.06.2024;17:00;33,3
09.06.2024;17:15;34,381499999999996
09.06.2024;17:30;35,462999999999994
09.06.2024;17:45;36,5445
09.06.2024;18:00;37,626
09.06.2024;18:15;38,978249999999996
09.06.2024;18:30;40,3305
09.06.2024;18:45;41,68275
09.06.2024;19:00;43,035
09.06.2024;19:15;43,51025
09.06.2024;19:30;43,9855
09.06.2024;19:45;44,46075
09.06.2024;20:00;44,936
09.06.2024;20:15;44,820499999999996
09.06.2024;20:30;44,705
09.06.2024;20:45;44,5895
09.06.2024;21:00;44,474
09.06.2024;21:15;44,403499999999994
09.06.2024;21:30;44,333
09.06.2024;21:45;44,2625
09.06.2024;22:00;44,192
09.06.2024;22:15;43,91175
09.06.2024;22:30;43,6315
09.06.2024;22:45;43,35125
09.06.2024;23:00;43,071
09.06.2024;23:15;42,48975
09.06.2024;23:30;41,908500000000004
09.06.2024;23:45;41,32725
10.06.2024;00:00;40,746
10.06.2024;00:15;40,68675
10.06.2024;00:30;40,6275
10.06.2024;00:45;40,56825
10.06.2024;01:00;40,509
10.06.2024;01:15;40,4375
10.06.2024;01:30;40,366
10.06.2024;01:45;40,2945
10.06.2024;02:00;40,223
10.06.2024;02:15;40,2115
10.06.2024;02:30;40,2
10.06.2024;02:45;40,1885
10.06.2024;03:00;40,177
10.06.2024;03:15;40,19525
10.06.2024;03:30;40,213499999999996
10.06.2024;03:45;40,23175
10.06.2024;04:00;40,25
10.06.2024;04:15;40,483000000000004
10.06.2024;04:30;40,716
10.06.2024;04:45;40,949
10.06.2024;05:00;41,182
10.06.2024;05:15;42,159000000000006
10.06.2024;05:30;43,136
10.06.2024;05:45;44,113
10.06.2024;06:00;45,09
10.06.2024;06:15;46,7845
10.06.2024;06:30;48,479
10.06.2024;06:45;50,173500000000004
10.06.2024;07:00;51,868
10.06.2024;07:15;50,89375
10.06.2024;07:30;49,9195
10.06.2024;07:45;48,94525
10.06.2024;08:00;47,971
10.06.2024;08:15;46,997
10.06.2024;08:30;46,022999999999996
10.06.2024;08:45;45,049
10.06.2024;09:00;44,075
10.06.2024;09:15;43,630250000000004
10.06.2024;09:30;43,185500000000005
10.06.2024;09:45;42,74075
10.06.2024;10:00;42,296
10.06.2024;10:15;42,1855
10.06.2024;10:30;42,075
10.06.2024;10:45;41,9645
10.06.2024;11:00;41,854
10.06.2024;11:15;41,585499999999996
10.06.2024;11:30;41,317
10.06.2024;11:45;41,048500000000004
10.06.2024;12:00;40,78
10.06.2024;12:15;40,76225
10.06.2024;12:30;40,7445
10.06.2024;12:45;40,72675
10.06.2024;13:00;40,709
10.06.2024;13:15;40,54600000000001
10.06.2024;13:30;40,383
10.06.2024;13:45;40,22
10.06.2024;14:00;40,057
10.06.2024;14:15;40,02725
10.06.2024;14:30;39,9975
10.06.2024;14:45;39,96775
10.06.2024;15:00;39,938
10.06.2024;15:15;40,041000000000004
10.06.2024;15:30;40,144000000000005
10.06.2024;15:45;40,247
10.06.2024;16:00;40,35
10.06.2024;16:15;40,63
10.06.2024;16:30;40,91
10.06.2024;16:45;41,19
10.06.2024;17:00;41,47
10.06.2024;17:15;41,90325
10.06.2024;17:30;42,3365
10.06.2024;17:45;42,76975
10.06.2024;18:00;43,203
10.06.2024;18:15;43,7045
10.06.2024;18:30;44,206
10.06.2024;18:45;44,7075
10.06.2024;19:00;45,209
10.06.2024;19:15;45,355500000000006
10.06.2024;19:30;45,502
10.06.2024;19:45;45,6485
10.06.2024;20:00;45,795
10.06.2024;20:15;45,51675
10.06.2024;20:30;45,2385
10.06.2024;20:45;44,96025
10.06.2024;21:00;44,682
10.06.2024;21:15;44,309250000000006
10.06.2024;21:30;43,9365
10.06.2024;21:45;43,56375
10.06.2024;22:00;43,191
10.06.2024;22:15;42,67475
10.06.2024;22:30;42,158500000000004
10.06.2024;22:45;41,64225
10.06.2024;23:00;41,126
10.06.2024;23:15;40,683749999999996
10.06.2024;23:30;40,2415
10.06.2024;23:45;39,79925
11.06.2024;00:00;39,357
11.06.2024;00:15;39,27925
11.06.2024;00:30;39,201499999999996
11.06.2024;00:45;39,12375
11.06.2024;01:00;39,046
11.06.2024;01:15;39,195750000000004
11.06.2024;01:30;39,3455
11.06.2024;01:45;39,49525
11.06.2024;02:00;39,645
11.06.2024;02:15;39,466750000000005
11.06.2024;02:30;39,2885
11.06.2024;02:45;39,11025
11.06.2024;03:00;38,932
11.06.2024;03:15;39,038000000000004
11.06.2024;03:30;39,144000000000005
11.06.2024;03:45;39,25
11.06.2024;04:00;39,356
11.06.2024;04:15;39,33225
11.06.2024;04:30;39,3085
11.06.2024;04:45;39,28475
11.06.2024;05:00;39,261
11.06.2024;05:15;39,829
11.06.2024;05:30;40,397000000000006
11.06.2024;05:45;40,965
11.06.2024;06:00;41,533
11.06.2024;06:15;41,99375
11.06.2024;06:30;42,454499999999996
11.06.2024;06:45;42,91525
11.06.2024;07:00;43,376
11.06.2024;07:15;43,157
11.06.2024;07:30;42,938
11.06.2024;07:45;42,719
11.06.2024;08:00;42,5
11.06.2024;08:15;41,91925
11.06.2024;08:30;41,338499999999996
11.06.2024;08:45;40,75775
11.06.2024;09:00;40,177
11.06.2024;09:15;39,71825
11.06.2024;09:30;39,2595
11.06.2024;09:45;38,80075
11.06.2024;10:00;38,342
11.06.2024;10:15;37,89725
11.06.2024;10:30;37,4525
11.06.2024;10:45;37,00775
11.06.2024;11:00;36,563
11.06.2024;11:15;36,03775
11.06.2024;11:30;35,5125
11.06.2024;11:45;34,98725
11.06.2024;12:00;34,462
11.06.2024;12:15;34,203
11.06.2024;12:30;33,944
11.06.2024;12:45;33,685
11.06.2024;13:00;33,426
11.06.2024;13:15;33,407000000000004
11.06.2024;13:30;33,388000000000005
11.06.2024;13:45;33,369
11.06.2024;14:00;33,35
11.06.2024;14:15;33,350750000000005
11.06.2024;14:30;33,3515
11.06.2024;14:45;33,35225
11.06.2024;15:00;33,353
11.06.2024;15:15;33,6995
11.06.2024;15:30;34,046
11.06.2024;15:45;34,3925
11.06.2024;16:00;34,739
11.06.2024;16:15;35,7735
11.06.2024;16:30;36,808
11.06.2024;16:45;37,8425
11.06.2024;17:00;38,877
11.06.2024;17:15;39,286500000000004
11.06.2024;17:30;39,696
11.06.2024;17:45;40,1055
11.06.2024;18:00;40,515
11.06.2024;18:15;41,22375
11.06.2024;18:30;41,932500000000005
11.06.2024;18:45;42,64125
11.06.2024;19:00;43,35
11.06.2024;19:15;44,041
11.06.2024;19:30;44,732
11.06.2024;19:45;45,423
11.06.2024;20:00;46,114
11.06.2024;20:15;45,98225
11.06.2024;20:30;45,8505
11.06.2024;20:45;45,71875
11.06.2024;21:00;45,587
11.06.2024;21:15;45,196250000000006
11.06.2024;21:30;44,8055
11.06.2024;21:45;44,41475
11.06.2024;22:00;44,024
11.06.2024;22:15;43,626000000000005
11.06.2024;22:30;43,228
11.06.2024;22:45;42,83
11.06.2024;23:00;42,432
11.06.2024;23:15;42,38275
11.06.2024;23:30;42,3335
11.06.2024;23:45;42,28425
12.06.2024;00:00;42,235
12.06.2024;00:15;42,1475
12.06.2024;00:30;42,06
12.06.2024;00:45;41,9725
12.06.2024;01:00;41,885
12.06.2024;01:15;41,7585
12.06.2024;01:30;41,632
12.06.2024;01:45;41,5055
12.06.2024;02:00;41,379
12.06.2024;02:15;41,424499999999995
12.06.2024;02:30;41,47
12.06.2024;02:45;41,5155
12.06.2024;03:00;41,561
12.06.2024;03:15;41,661
12.06.2024;03:30;41,760999999999996
12.06.2024;03:45;41,861
12.06.2024;04:00;41,961
12.06.2024;04:15;42,174499999999995
12.06.2024;04:30;42,388
12.06.2024;04:45;42,6015
12.06.2024;05:00;42,815
12.06.2024;05:15;43,56725
12.06.2024;05:30;44,3195
12.06.2024;05:45;45,071749999999994
12.06.2024;06:00;45,824
12.06.2024;06:15;46,1155
12.06.2024;06:30;46,407
12.06.2024;06:45;46,6985
12.06.2024;07:00;46,99
12.06.2024;07:15;46,4455
12.06.2024;07:30;45,900999999999996
12.06.2024;07:45;45,3565
12.06.2024;08:00;44,812
12.06.2024;08:15;43,91275
12.06.2024;08:30;43,0135
12.06.2024;08:45;42,11425
12.06.2024;09:00;41,215
12.06.2024;09:15;40,853500000000004
12.06.2024;09:30;40,492000000000004
12.06.2024;09:45;40,1305
12.06.2024;10:00;39,769
12.06.2024;10:15;39,61425
12.06.2024;10:30;39,4595
12.06.2024;10:45;39,30475
12.06.2024;11:00;39,15
12.06.2024;11:15;38,75225
12.06.2024;11:30;38,3545
12.06.2024;11:45;37,95675
12.06.2024;12:00;37,559
12.06.2024;12:15;37,52475
12.06.2024;12:30;37,4905
12.06.2024;12:45;37,45625
12.06.2024;13:00;37,422
12.06.2024;13:15;37,396
12.06.2024;13:30;37,37
12.06.2024;13:45;37,343999999999994
12.06.2024;14:00;37,318
12.06.2024;14:15;37,4595
12.06.2024;14:30;37,601
12.06.2024;14:45;37,7425
12.06.2024;15:00;37,884
12.06.2024;15:15;38,3255
12.06.2024;15:30;38,766999999999996
12.06.2024;15:45;39,2085
12.06.2024;16:00;39,65
12.06.2024;16:15;40,105
12.06.2024;16:30;40,56
12.06.2024;16:45;41,015
12.06.2024;17:00;41,47
12.06.2024;17:15;41,93875
12.06.2024;17:30;42,4075
12.06.2024;17:45;42,87625
12.06.2024;18:00;43,345
12.06.2024;18:15;44,238749999999996
12.06.2024;18:30;45,1325
12.06.2024;18:45;46,026250000000005
12.06.2024;19:00;46,92
12.06.2024;19:15;47,386
12.06.2024;19:30;47,852000000000004
12.06.2024;19:45;48,318
12.06.2024;20:00;48,784
12.06.2024;20:15;48,792
12.06.2024;20:30;48,8
12.06.2024;20:45;48,808
12.06.2024;21:00;48,816
12.06.2024;21:15;48,221500000000006
12.06.2024;21:30;47,627
12.06.2024;21:45;47,0325
12.06.2024;22:00;46,438
12.06.2024;22:15;45,84275
12.06.2024;22:30;45,2475
12.06.2024;22:45;44,65225
12.06.2024;23:00;44,057
12.06.2024;23:15;43,85525
12.06.2024;23:30;43,6535
12.06.2024;23:45;43,451750000000004
13.06.2024;00:00;43,25
13.06.2024;00:15;43,1065
13.06.2024;00:30;42,963
13.06.2024;00:45;42,819500000000005
13.06.2024;01:00;42,676
13.06.2024;01:15;42,44925
13.06.2024;01:30;42,2225
13.06.2024;01:45;41,99575
13.06.2024;02:00;41,769
13.06.2024;02:15;41,7945
13.06.2024;02:30;41,82
13.06.2024;02:45;41,8455
13.06.2024;03:00;41,871
13.06.2024;03:15;41,8365
13.06.2024;03:30;41,802
13.06.2024;03:45;41,7675
13.06.2024;04:00;41,733
13.06.2024;04:15;42,11125
13.06.2024;04:30;42,4895
13.06.2024;04:45;42,86775
13.06.2024;05:00;43,246
13.06.2024;05:15;43,83225
13.06.2024;05:30;44,4185
13.06.2024;05:45;45,00475
13.06.2024;06:00;45,591
13.06.2024;06:15;45,808
13.06.2024;06:30;46,025000000000006
13.06.2024;06:45;46,242000000000004
13.06.2024;07:00;46,459
13.06.2024;07:15;46,05725
13.06.2024;07:30;45,6555
13.06.2024;07:45;45,25375
13.06.2024;08:00;44,852
13.06.2024;08:15;44,0715
13.06.2024;08:30;43,291
13.06.2024;08:45;42,51049999999999
13.06.2024;09:00;41,73
13.06.2024;09:15;41,36024999999999
13.06.2024;09:30;40,9905
13.06.2024;09:45;40,62075
13.06.2024;10:00;40,251
13.06.2024;10:15;40,0685
13.06.2024;10:30;39,885999999999996
13.06.2024;10:45;39,7035
13.06.2024;11:00;39,521
13.06.2024;11:15;39,31225
13.06.2024;11:30;39,1035
13.06.2024;11:45;38,89475
13.06.2024;12:00;38,686
13.06.2024;12:15;38,525999999999996
13.06.2024;12:30;38,366
13.06.2024;12:45;38,206
13.06.2024;13:00;38,046
13.06.2024;13:15;37,95575
13.06.2024;13:30;37,8655
13.06.2024;13:45;37,77525
13.06.2024;14:00;37,685
13.06.2024;14:15;37,94475
13.06.2024;14:30;38,204499999999996
13.06.2024;14:45;38,46425
13.06.2024;15:00;38,724
13.06.2024;15:15;39,315999999999995
13.06.2024;15:30;39,908
13.06.2024;15:45;40,5
13.06.2024;16:00;41,092
13.06.2024;16:15;41,1585
13.06.2024;16:30;41,224999999999994
13.06.2024;16:45;41,2915
13.06.2024;17:00;41,358
13.06.2024;17:15;42,028749999999995
13.06.2024;17:30;42,6995
13.06.2024;17:45;43,37025
13.06.2024;18:00;44,041
13.06.2024;18:15;44,85975
13.06.2024;18:30;45,6785
13.06.2024;18:45;46,49725
13.06.2024;19:00;47,316
13.06.2024;19:15;48,53325
13.06.2024;19:30;49,7505
13.06.2024;19:45;50,96775
13.06.2024;20:00;52,185
13.06.2024;20:15;51,572250000000004
13.06.2024;20:30;50,959500000000006
13.06.2024;20:45;50,34675
13.06.2024;21:00;49,734
13.06.2024;21:15;48,34725
13.06.2024;21:30;46,960499999999996
13.06.2024;21:45;45,57375
13.06.2024;22:00;44,187
13.06.2024;22:15;43,60725
13.06.2024;22:30;43,0275
13.06.2024;22:45;42,44775
13.06.2024;23:00;41,868
13.06.2024;23:15;41,81675
13.06.2024;23:30;41,7655
13.06.2024;23:45;41,71425
14.06.2024;00:00;41,663
14.06.2024;00:15;41,370999999999995
14.06.2024;00:30;41,07899999999999
14.06.2024;00:45;40,787
14.06.2024;01:00;40,495
14.06.2024;01:15;40,307
14.06.2024;01:30;40,119
14.06.2024;01:45;39,931
14.06.2024;02:00;39,743
14.06.2024;02:15;39,633
14.06.2024;02:30;39,522999999999996
14.06.2024;02:45;39,413
14.06.2024;03:00;39,303
14.06.2024;03:15;39,21025
14.06.2024;03:30;39,1175
14.06.2024;03:45;39,02475
14.06.2024;04:00;38,932
14.06.2024;04:15;39,142
14.06.2024;04:30;39,352000000000004
14.06.2024;04:45;39,562
14.06.2024;05:00;39,772
14.06.2024;05:15;40,29175
14.06.2024;05:30;40,811499999999995
14.06.2024;05:45;41,33125
14.06.2024;06:00;41,851
14.06.2024;06:15;42,2495
14.06.2024;06:30;42,647999999999996
14.06.2024;06:45;43,0465
14.06.2024;07:00;43,445
14.06.2024;07:15;43,546
14.06.2024;07:30;43,647
14.06.2024;07:45;43,748
14.06.2024;08:00;43,849
14.06.2024;08:15;43,787749999999996
14.06.2024;08:30;43,7265
14.06.2024;08:45;43,66525
14.06.2024;09:00;43,604
14.06.2024;09:15;43,095
14.06.2024;09:30;42,586
14.06.2024;09:45;42,077
14.06.2024;10:00;41,568
14.06.2024;10:15;41,215999999999994
14.06.2024;10:30;40,864
14.06.2024;10:45;40,512
14.06.2024;11:00;40,16
14.06.2024;11:15;39,9795
14.06.2024;11:30;39,799
14.06.2024;11:45;39,6185
14.06.2024;12:00;39,438
14.06.2024;12:15;39,1025
14.06.2024;12:30;38,766999999999996
14.06.2024;12:45;38,4315
14.06.2024;13:00;38,096
14.06.2024;13:15;37,928
14.06.2024;13:30;37,76
14.06.2024;13:45;37,592
14.06.2024;14:00;37,424
14.06.2024;14:15;37,4305
14.06.2024;14:30;37,437
14.06.2024;14:45;37,4435
14.06.2024;15:00;37,45
14.06.2024;15:15;37,93275
14.06.2024;15:30;38,4155
14.06.2024;15:45;38,898250000000004
14.06.2024;16:00;39,381
14.06.2024;16:15;39,74825
14.06.2024;16:30;40,1155
14.06.2024;16:45;40,48275
14.06.2024;17:00;40,85
14.06.2024;17:15;41,2495
14.06.2024;17:30;41,649
14.06.2024;17:45;42,048500000000004
14.06.2024;18:00;42,448
14.06.2024;18:15;43,5735
14.06.2024;18:30;44,699
14.06.2024;18:45;45,8245
14.06.2024;19:00;46,95
14.06.2024;19:15;46,73275
14.06.2024;19:30;46,5155
14.06.2024;19:45;46,29825
14.06.2024;20:00;46,081
14.06.2024;20:15;45,82625
14.06.2024;20:30;45,5715
14.06.2024;20:45;45,31675
14.06.2024;21:00;45,062
14.06.2024;21:15;44,21925
14.06.2024;21:30;43,3765
14.06.2024;21:45;42,53375
14.06.2024;22:00;41,691
14.06.2024;22:15;41,09125
14.06.2024;22:30;40,4915
14.06.2024;22:45;39,89175
14.06.2024;23:00;39,292
14.06.2024;23:15;39,3235
14.06.2024;23:30;39,355000000000004
14.06.2024;23:45;39,3865
15.06.2024;00:00;39,418
15.06.2024;00:15;38,927
15.06.2024;00:30;38,436
15.06.2024;00:45;37,945
15.06.2024;01:00;37,454
15.06.2024;01:15;37,17725
15.06.2024;01:30;36,9005
15.06.2024;01:45;36,62375
15.06.2024;02:00;36,347
15.06.2024;02:15;36,31925
15.06.2024;02:30;36,2915
15.06.2024;02:45;36,26375
15.06.2024;03:00;36,236
15.06.2024;03:15;36,07725
15.06.2024;03:30;35,918499999999995
15.06.2024;03:45;35,75975
15.06.2024;04:00;35,601
15.06.2024;04:15;35,289249999999996
15.06.2024;04:30;34,9775
15.06.2024;04:45;34,66575
15.06.2024;05:00;34,354
15.06.2024;05:15;34,1415
15.06.2024;05:30;33,929
15.06.2024;05:45;33,716499999999996
15.06.2024;06:00;33,504
15.06.2024;06:15;33,467749999999995
15.06.2024;06:30;33,4315
15.06.2024;06:45;33,395250000000004
15.06.2024;07:00;33,359
15.06.2024;07:15;33,356750000000005
15.06.2024;07:30;33,3545
15.06.2024;07:45;33,35225
15.06.2024;08:00;33,35
15.06.2024;08:15;33,3485
15.06.2024;08:30;33,347
15.06.2024;08:45;33,3455
15.06.2024;09:00;33,344
15.06.2024;09:15;33,0935
15.06.2024;09:30;32,843
15.06.2024;09:45;32,5925
15.06.2024;10:00;32,342
15.06.2024;10:15;31,868
15.06.2024;10:30;31,394
15.06.2024;10:45;30,92
15.06.2024;11:00;30,446
15.06.2024;11:15;30,049
15.06.2024;11:30;29,652
15.06.2024;11:45;29,255000000000003
15.06.2024;12:00;28,858
15.06.2024;12:15;28,3445
15.06.2024;12:30;27,831
15.06.2024;12:45;27,3175
15.06.2024;13:00;26,804
15.06.2024;13:15;26,44025
15.06.2024;13:30;26,0765
15.06.2024;13:45;25,71275
15.06.2024;14:00;25,349
15.06.2024;14:15;25,9435
15.06.2024;14:30;26,538
15.06.2024;14:45;27,1325
15.06.2024;15:00;27,727
15.06.2024;15:15;28,3945
15.06.2024;15:30;29,061999999999998
15.06.2024;15:45;29,729499999999998
15.06.2024;16:00;30,397
15.06.2024;16:15;31,014249999999997
15.06.2024;16:30;31,6315
15.06.2024;16:45;32,24875
15.06.2024;17:00;32,866
15.06.2024;17:15;32,98675
15.06.2024;17:30;33,1075
15.06.2024;17:45;33,228249999999996
15.06.2024;18:00;33,349
15.06.2024;18:15;34,34925
15.06.2024;18:30;35,3495
15.06.2024;18:45;36,34975
15.06.2024;19:00;37,35
15.06.2024;19:15;38,457
15.06.2024;19:30;39,564
15.06.2024;19:45;40,671
15.06.2024;20:00;41,778
15.06.2024;20:15;41,669
15.06.2024;20:30;41,56
15.06.2024;20:45;41,451
15.06.2024;21:00;41,342
15.06.2024;21:15;40,951499999999996
15.06.2024;21:30;40,561
15.06.2024;21:45;40,170500000000004
15.06.2024;22:00;39,78
15.06.2024;22:15;39,182500000000005
15.06.2024;22:30;38,585
15.06.2024;22:45;37,9875
15.06.2024;23:00;37,39
15.06.2024;23:15;37,00275
15.06.2024;23:30;36,6155
15.06.2024;23:45;36,22825
16.06.2024;00:00;35,841
16.06.2024;00:15;35,47725
16.06.2024;00:30;35,1135
16.06.2024;00:45;34,749750000000006
16.06.2024;01:00;34,386
16.06.2024;01:15;34,25
16.06.2024;01:30;34,114000000000004
16.06.2024;01:45;33,978
16.06.2024;02:00;33,842
16.06.2024;02:15;33,792
16.06.2024;02:30;33,742000000000004
16.06.2024;02:45;33,692
16.06.2024;03:00;33,642
16.06.2024;03:15;33,62375
16.06.2024;03:30;33,605500000000006
16.06.2024;03:45;33,587250000000004
16.06.2024;04:00;33,569
16.06.2024;04:15;33,5775
16.06.2024;04:30;33,586
16.06.2024;04:45;33,594500000000004
16.06.2024;05:00;33,603
16.06.2024;05:15;33,6135
16.06.2024;05:30;33,624
16.06.2024;05:45;33,6345
16.06.2024;06:00;33,645
16.06.2024;06:15;33,5885
16.06.2024;06:30;33,532
16.06.2024;06:45;33,4755
16.06.2024;07:00;33,419
16.06.2024;07:15;33,40125
16.06.2024;07:30;33,3835
16.06.2024;07:45;33,36575
16.06.2024;08:00;33,348
16.06.2024;08:15;33,3165
16.06.2024;08:30;33,285
16.06.2024;08:45;33,2535
16.06.2024;09:00;33,222
16.06.2024;09:15;33,004000000000005
16.06.2024;09:30;32,786
16.06.2024;09:45;32,568
16.06.2024;10:00;32,35
16.06.2024;10:15;32,26675
16.06.2024;10:30;32,1835
16.06.2024;10:45;32,10025
16.06.2024;11:00;32,017
16.06.2024;11:15;31,85
16.06.2024;11:30;31,683
16.06.2024;11:45;31,516000000000002
16.06.2024;12:00;31,349
16.06.2024;12:15;31,099
16.06.2024;12:30;30,849
16.06.2024;12:45;30,599
16.06.2024;13:00;30,349
16.06.2024;13:15;30,2075
16.06.2024;13:30;30,066000000000003
16.06.2024;13:45;29,924500000000002
16.06.2024;14:00;29,783
16.06.2024;14:15;29,94875
16.06.2024;14:30;30,1145
16.06.2024;14:45;30,280250000000002
16.06.2024;15:00;30,446
16.06.2024;15:15;30,9185
16.06.2024;15:30;31,391
16.06.2024;15:45;31,8635
16.06.2024;16:00;32,336
16.06.2024;16:15;32,531
16.06.2024;16:30;32,726
16.06.2024;16:45;32,921
16.06.2024;17:00;33,116
16.06.2024;17:15;34,58
16.06.2024;17:30;36,044
16.06.2024;17:45;37,508
16.06.2024;18:00;38,972
16.06.2024;18:15;40,05775
16.06.2024;18:30;41,1435
16.06.2024;18:45;42,22925
16.06.2024;19:00;43,315
16.06.2024;19:15;43,802499999999995
16.06.2024;19:30;44,29
16.06.2024;19:45;44,7775
16.06.2024;20:00;45,265
16.06.2024;20:15;45,39325
16.06.2024;20:30;45,5215
16.06.2024;20:45;45,64975
16.06.2024;21:00;45,778
16.06.2024;21:15;45,6795
16.06.2024;21:30;45,581
16.06.2024;21:45;45,4825
16.06.2024;22:00;45,384
16.06.2024;22:15;44,7365
16.06.2024;22:30;44,089
16.06.2024;22:45;43,4415
16.06.2024;23:00;42,794
16.06.2024;23:15;42,3485
16.06.2024;23:30;41,903
16.06.2024;23:45;41,457499999999996
17.06.2024;00:00;41,012
17.06.2024;00:15;40,76475
17.06.2024;00:30;40,5175
17.06.2024;00:45;40,270250000000004
17.06.2024;01:00;40,023
17.06.2024;01:15;40,075
17.06.2024;01:30;40,127
17.06.2024;01:45;40,179
17.06.2024;02:00;40,231
17.06.2024;02:15;40,306
17.06.2024;02:30;40,381
17.06.2024;02:45;40,456
17.06.2024;03:00;40,531
17.06.2024;03:15;40,57475
17.06.2024;03:30;40,6185
17.06.2024;03:45;40,66225
17.06.2024;04:00;40,706
17.06.2024;04:15;41,1175
17.06.2024;04:30;41,528999999999996
17.06.2024;04:45;41,9405
17.06.2024;05:00;42,352
17.06.2024;05:15;43,07975
17.06.2024;05:30;43,8075
17.06.2024;05:45;44,53525
17.06.2024;06:00;45,263
17.06.2024;06:15;45,601749999999996
17.06.2024;06:30;45,9405
17.06.2024;06:45;46,279250000000005
17.06.2024;07:00;46,618
17.06.2024;07:15;46,20675
17.06.2024;07:30;45,795500000000004
17.06.2024;07:45;45,38425
17.06.2024;08:00;44,973
17.06.2024;08:15;44,1855
17.06.2024;08:30;43,397999999999996
17.06.2024;08:45;42,6105
17.06.2024;09:00;41,823
17.06.2024;09:15;41,2575
17.06.2024;09:30;40,692
17.06.2024;09:45;40,1265
17.06.2024;10:00;39,561
17.06.2024;10:15;39,3835
17.06.2024;10:30;39,206
17.06.2024;10:45;39,0285
17.06.2024;11:00;38,851
17.06.2024;11:15;38,52225
17.06.2024;11:30;38,1935
17.06.2024;11:45;37,86475
17.06.2024;12:00;37,536
17.06.2024;12:15;37,475750000000005
17.06.2024;12:30;37,4155
17.06.2024;12:45;37,35525
17.06.2024;13:00;37,295
17.06.2024;13:15;37,47425
17.06.2024;13:30;37,6535
17.06.2024;13:45;37,832750000000004
17.06.2024;14:00;38,012
17.06.2024;14:15;38,21
17.06.2024;14:30;38,408
17.06.2024;14:45;38,606
17.06.2024;15:00;38,804
17.06.2024;15:15;39,04575
17.06.2024;15:30;39,2875
17.06.2024;15:45;39,529250000000005
17.06.2024;16:00;39,771
17.06.2024;16:15;40,380250000000004
17.06.2024;16:30;40,9895
17.06.2024;16:45;41,598749999999995
17.06.2024;17:00;42,208
17.06.2024;17:15;42,8475
17.06.2024;17:30;43,486999999999995
17.06.2024;17:45;44,1265
17.06.2024;18:00;44,766
17.06.2024;18:15;45,84625
17.06.2024;18:30;46,926500000000004
17.06.2024;18:45;48,006750000000004
17.06.2024;19:00;49,087
17.06.2024;19:15;50,40675
17.06.2024;19:30;51,7265
17.06.2024;19:45;53,04625
17.06.2024;20:00;54,366
17.06.2024;20:15;54,11225
17.06.2024;20:30;53,8585
17.06.2024;20:45;53,604749999999996
17.06.2024;21:00;53,351
17.06.2024;21:15;51,5545
17.06.2024;21:30;49,757999999999996
17.06.2024;21:45;47,9615
17.06.2024;22:00;46,165
17.06.2024;22:15;45,5
17.06.2024;22:30;44,835
17.06.2024;22:45;44,17
17.06.2024;23:00;43,505
17.06.2024;23:15;43,389250000000004
17.06.2024;23:30;43,2735
17.06.2024;23:45;43,15775
18.06.2024;00:00;43,042
18.06.2024;00:15;42,87625
18.06.2024;00:30;42,710499999999996
18.06.2024;00:45;42,54475
18.06.2024;01:00;42,379
18.06.2024;01:15;42,31
18.06.2024;01:30;42,241
18.06.2024;01:45;42,172
18.06.2024;02:00;42,103
18.06.2024;02:15;42,147000000000006
18.06.2024;02:30;42,191
18.06.2024;02:45;42,235
18.06.2024;03:00;42,279
18.06.2024;03:15;42,304
18.06.2024;03:30;42,329
18.06.2024;03:45;42,354
18.06.2024;04:00;42,379
18.06.2024;04:15;42,52025
18.06.2024;04:30;42,661500000000004
18.06.2024;04:45;42,80275
18.06.2024;05:00;42,944
18.06.2024;05:15;43,90775
18.06.2024;05:30;44,8715
18.06.2024;05:45;45,83525
18.06.2024;06:00;46,799
18.06.2024;06:15;46,691
18.06.2024;06:30;46,583
18.06.2024;06:45;46,474999999999994
18.06.2024;07:00;46,367
18.06.2024;07:15;45,51175
18.06.2024;07:30;44,656499999999994
18.06.2024;07:45;43,801249999999996
18.06.2024;08:00;42,946
18.06.2024;08:15;42,5695
18.06.2024;08:30;42,193
18.06.2024;08:45;41,8165
18.06.2024;09:00;41,44
18.06.2024;09:15;41,16525
18.06.2024;09:30;40,8905
18.06.2024;09:45;40,61575
18.06.2024;10:00;40,341
18.06.2024;10:15;39,9635
18.06.2024;10:30;39,586
18.06.2024;10:45;39,2085
18.06.2024;11:00;38,831
18.06.2024;11:15;38,73975
18.06.2024;11:30;38,6485
18.06.2024;11:45;38,55725
18.06.2024;12:00;38,466
18.06.2024;12:15;38,46275
18.06.2024;12:30;38,459500000000006
18.06.2024;12:45;38,456250000000004
18.06.2024;13:00;38,453
18.06.2024;13:15;38,60325
18.06.2024;13:30;38,7535
18.06.2024;13:45;38,90375
18.06.2024;14:00;39,054
18.06.2024;14:15;39,456
18.06.2024;14:30;39,858000000000004
18.06.2024;14:45;40,26
18.06.2024;15:00;40,662
18.06.2024;15:15;40,739999999999995
18.06.2024;15:30;40,818
18.06.2024;15:45;40,896
18.06.2024;16:00;40,974
18.06.2024;16:15;41,3195
18.06.2024;16:30;41,665
18.06.2024;16:45;42,0105
18.06.2024;17:00;42,356
18.06.2024;17:15;43,43575
18.06.2024;17:30;44,5155
18.06.2024;17:45;45,59525
18.06.2024;18:00;46,675
18.06.2024;18:15;47,2985
18.06.2024;18:30;47,922
18.06.2024;18:45;48,5455
18.06.2024;19:00;49,169
18.06.2024;19:15;49,510999999999996
18.06.2024;19:30;49,852999999999994
18.06.2024;19:45;50,195
18.06.2024;20:00;50,537
18.06.2024;20:15;49,602
18.06.2024;20:30;48,667
18.06.2024;20:45;47,732
18.06.2024;21:00;46,797
18.06.2024;21:15;46,04025
18.06.2024;21:30;45,283500000000004
18.06.2024;21:45;44,52675
18.06.2024;22:00;43,77
18.06.2024;22:15;43,45575
18.06.2024;22:30;43,1415
18.06.2024;22:45;42,82725
18.06.2024;23:00;42,513
18.06.2024;23:15;42,721
18.06.2024;23:30;42,929
18.06.2024;23:45;43,137
19.06.2024;00:00;43,345
19.06.2024;00:15;43,132
19.06.2024;00:30;42,919
19.06.2024;00:45;42,706
19.06.2024;01:00;42,493
19.06.2024;01:15;42,3785
19.06.2024;01:30;42,263999999999996
19.06.2024;01:45;42,149499999999996
19.06.2024;02:00;42,035
19.06.2024;02:15;42,00825
19.06.2024;02:30;41,9815
19.06.2024;02:45;41,95475
19.06.2024;03:00;41,928
19.06.2024;03:15;41,87025
19.06.2024;03:30;41,8125
19.06.2024;03:45;41,75475
19.06.2024;04:00;41,697
19.06.2024;04:15;41,7705
19.06.2024;04:30;41,844
19.06.2024;04:45;41,917500000000004
19.06.2024;05:00;41,991
19.06.2024;05:15;42,6445
19.06.2024;05:30;43,298
19.06.2024;05:45;43,951499999999996
19.06.2024;06:00;44,605
19.06.2024;06:15;44,711999999999996
19.06.2024;06:30;44,819
19.06.2024;06:45;44,926
19.06.2024;07:00;45,033
19.06.2024;07:15;44,795500000000004
19.06.2024;07:30;44,558
19.06.2024;07:45;44,320499999999996
19.06.2024;08:00;44,083
19.06.2024;08:15;43,5575
19.06.2024;08:30;43,032
19.06.2024;08:45;42,5065
19.06.2024;09:00;41,981
19.06.2024;09:15;41,70075
19.06.2024;09:30;41,420500000000004
19.06.2024;09:45;41,14025
19.06.2024;10:00;40,86
19.06.2024;10:15;40,63825
19.06.2024;10:30;40,4165
19.06.2024;10:45;40,19475
19.06.2024;11:00;39,973
19.06.2024;11:15;39,768
19.06.2024;11:30;39,563
19.06.2024;11:45;39,358
19.06.2024;12:00;39,153
19.06.2024;12:15;38,69825
19.06.2024;12:30;38,2435
19.06.2024;12:45;37,78875
19.06.2024;13:00;37,334
19.06.2024;13:15;36,898250000000004
19.06.2024;13:30;36,462500000000006
19.06.2024;13:45;36,02675
19.06.2024;14:00;35,591
19.06.2024;14:15;35,61975
19.06.2024;14:30;35,6485
19.06.2024;14:45;35,67725
19.06.2024;15:00;35,706
19.06.2024;15:15;36,61450000000001
19.06.2024;15:30;37,523
19.06.2024;15:45;38,4315
19.06.2024;16:00;39,34
19.06.2024;16:15;39,5925
19.06.2024;16:30;39,845
19.06.2024;16:45;40,097500000000004
19.06.2024;17:00;40,35
19.06.2024;17:15;40,811
19.06.2024;17:30;41,272000000000006
19.06.2024;17:45;41,733000000000004
19.06.2024;18:00;42,194
19.06.2024;18:15;42,5555
19.06.2024;18:30;42,917
19.06.2024;18:45;43,2785
19.06.2024;19:00;43,64
19.06.2024;19:15;44,659
19.06.2024;19:30;45,678
19.06.2024;19:45;46,697
19.06.2024;20:00;47,716
19.06.2024;20:15;47,0015
19.06.2024;20:30;46,287
19.06.2024;20:45;45,5725
19.06.2024;21:00;44,858
19.06.2024;21:15;44,6875
19.06.2024;21:30;44,516999999999996
19.06.2024;21:45;44,3465
19.06.2024;22:00;44,176
19.06.2024;22:15;43,79975
19.06.2024;22:30;43,423500000000004
19.06.2024;22:45;43,04725
19.06.2024;23:00;42,671
19.06.2024;23:15;42,488
19.06.2024;23:30;42,305
19.06.2024;23:45;42,122
20.06.2024;00:00;41,939
20.06.2024;00:15;41,75725
20.06.2024;00:30;41,575500000000005
20.06.2024;00:45;41,393750000000004
20.06.2024;01:00;41,212
20.06.2024;01:15;41,218500000000006
20.06.2024;01:30;41,225
20.06.2024;01:45;41,2315
20.06.2024;02:00;41,238
20.06.2024;02:15;41,2365
20.06.2024;02:30;41,235
20.06.2024;02:45;41,2335
20.06.2024;03:00;41,232
20.06.2024;03:15;41,227000000000004
20.06.2024;03:30;41,222
20.06.2024;03:45;41,217
20.06.2024;04:00;41,212
20.06.2024;04:15;41,410250000000005
20.06.2024;04:30;41,60850000000001
20.06.2024;04:45;41,80675
20.06.2024;05:00;42,005
20.06.2024;05:15;42,694
20.06.2024;05:30;43,383
20.06.2024;05:45;44,072
20.06.2024;06:00;44,761
20.06.2024;06:15;44,72925
20.06.2024;06:30;44,697500000000005
20.06.2024;06:45;44,66575
20.06.2024;07:00;44,634
20.06.2024;07:15;44,38775
20.06.2024;07:30;44,1415
20.06.2024;07:45;43,895250000000004
20.06.2024;08:00;43,649
20.06.2024;08:15;43,091499999999996
20.06.2024;08:30;42,534
20.06.2024;08:45;41,9765
20.06.2024;09:00;41,419
20.06.2024;09:15;41,129999999999995
20.06.2024;09:30;40,840999999999994
20.06.2024;09:45;40,552
20.06.2024;10:00;40,263
20.06.2024;10:15;40,004
20.06.2024;10:30;39,745
20.06.2024;10:45;39,486
20.06.2024;11:00;39,227
20.06.2024;11:15;39,14425
20.06.2024;11:30;39,061499999999995
20.06.2024;11:45;38,97875
20.06.2024;12:00;38,896
20.06.2024;12:15;38,85475
20.06.2024;12:30;38,813500000000005
20.06.2024;12:45;38,77225
20.06.2024;13:00;38,731
20.06.2024;13:15;38,81525
20.06.2024;13:30;38,8995
20.06.2024;13:45;38,98375
20.06.2024;14:00;39,068
20.06.2024;14:15;39,352999999999994
20.06.2024;14:30;39,638
20.06.2024;14:45;39,923
20.06.2024;15:00;40,208
20.06.2024;15:15;40,4935
20.06.2024;15:30;40,778999999999996
20.06.2024;15:45;41,0645
20.06.2024;16:00;41,35
20.06.2024;16:15;41,80675
20.06.2024;16:30;42,2635
20.06.2024;16:45;42,72025
20.06.2024;17:00;43,177
20.06.2024;17:15;43,703
20.06.2024;17:30;44,229
20.06.2024;17:45;44,754999999999995
20.06.2024;18:00;45,281
20.06.2024;18:15;46,18875
20.06.2024;18:30;47,0965
20.06.2024;18:45;48,00425
20.06.2024;19:00;48,912
20.06.2024;19:15;50,02375
20.06.2024;19:30;51,1355
20.06.2024;19:45;52,24725
20.06.2024;20:00;53,359
20.06.2024;20:15;51,60825
20.06.2024;20:30;49,8575
20.06.2024;20:45;48,106750000000005
20.06.2024;21:00;46,356
20.06.2024;21:15;45,90025
20.06.2024;21:30;45,444500000000005
20.06.2024;21:45;44,98875
20.06.2024;22:00;44,533
20.06.2024;22:15;44,1135
20.06.2024;22:30;43,694
20.06.2024;22:45;43,274499999999996
20.06.2024;23:00;42,855
20.06.2024;23:15;42,998999999999995
20.06.2024;23:30;43,143
20.06.2024;23:45;43,287
21.06.2024;00:00;43,431
21.06.2024;00:15;43,18
21.06.2024;00:30;42,929
21.06.2024;00:45;42,678
21.06.2024;01:00;42,427
21.06.2024;01:15;42,4065
21.06.2024;01:30;42,385999999999996
21.06.2024;01:45;42,3655
21.06.2024;02:00;42,345
21.06.2024;02:15;42,292
21.06.2024;02:30;42,239000000000004
21.06.2024;02:45;42,186
21.06.2024;03:00;42,133
21.06.2024;03:15;42,095
21.06.2024;03:30;42,057
21.06.2024;03:45;42,019000000000005
21.06.2024;04:00;41,981
21.06.2024;04:15;41,97675
21.06.2024;04:30;41,9725
21.06.2024;04:45;41,96825
21.06.2024;05:00;41,964
21.06.2024;05:15;42,2335
21.06.2024;05:30;42,503
21.06.2024;05:45;42,7725
21.06.2024;06:00;43,042
21.06.2024;06:15;43,689
21.06.2024;06:30;44,336
21.06.2024;06:45;44,983000000000004
21.06.2024;07:00;45,63
21.06.2024;07:15;45,606
21.06.2024;07:30;45,582
21.06.2024;07:45;45,558
21.06.2024;08:00;45,534
21.06.2024;08:15;45,27975
21.06.2024;08:30;45,0255
21.06.2024;08:45;44,77125
21.06.2024;09:00;44,517
21.06.2024;09:15;44,2415
21.06.2024;09:30;43,966
21.06.2024;09:45;43,6905
21.06.2024;10:00;43,415
21.06.2024;10:15;43,14725
21.06.2024;10:30;42,8795
21.06.2024;10:45;42,61175
21.06.2024;11:00;42,344
21.06.2024;11:15;42,309
21.06.2024;11:30;42,274
21.06.2024;11:45;42,239000000000004
21.06.2024;12:00;42,204
21.06.2024;12:15;42,057500000000005
21.06.2024;12:30;41,911
21.06.2024;12:45;41,7645
21.06.2024;13:00;41,618
21.06.2024;13:15;41,5065
21.06.2024;13:30;41,394999999999996
21.06.2024;13:45;41,2835
21.06.2024;14:00;41,172
21.06.2024;14:15;41,26725
21.06.2024;14:30;41,3625
21.06.2024;14:45;41,45775
21.06.2024;15:00;41,553
21.06.2024;15:15;41,7235
21.06.2024;15:30;41,894
21.06.2024;15:45;42,064499999999995
21.06.2024;16:00;42,235
21.06.2024;16:15;42,53
21.06.2024;16:30;42,825
21.06.2024;16:45;43,12
21.06.2024;17:00;43,415
21.06.2024;17:15;43,64875
21.06.2024;17:30;43,8825
21.06.2024;17:45;44,11625
21.06.2024;18:00;44,35
21.06.2024;18:15;44,523250000000004
21.06.2024;18:30;44,6965
21.06.2024;18:45;44,869749999999996
21.06.2024;19:00;45,043
21.06.2024;19:15;44,979749999999996
21.06.2024;19:30;44,9165
21.06.2024;19:45;44,85325
21.06.2024;20:00;44,79
21.06.2024;20:15;44,561499999999995
21.06.2024;20:30;44,333
21.06.2024;20:45;44,1045
21.06.2024;21:00;43,876
21.06.2024;21:15;43,64425
21.06.2024;21:30;43,412499999999994
21.06.2024;21:45;43,180749999999996
21.06.2024;22:00;42,949
21.06.2024;22:15;42,60275
21.06.2024;22:30;42,2565
21.06.2024;22:45;41,91025
21.06.2024;23:00;41,564
21.06.2024;23:15;41,51225
21.06.2024;23:30;41,460499999999996
21.06.2024;23:45;41,40875
22.06.2024;00:00;41,357
22.06.2024;00:15;41,1115
22.06.2024;00:30;40,866
22.06.2024;00:45;40,6205
22.06.2024;01:00;40,375
22.06.2024;01:15;40,179500000000004
22.06.2024;01:30;39,984
22.06.2024;01:45;39,7885
22.06.2024;02:00;39,593
22.06.2024;02:15;39,29475
22.06.2024;02:30;38,9965
22.06.2024;02:45;38,69825
22.06.2024;03:00;38,4
22.06.2024;03:15;38,378
22.06.2024;03:30;38,355999999999995
22.06.2024;03:45;38,333999999999996
22.06.2024;04:00;38,312
22.06.2024;04:15;38,23325
22.06.2024;04:30;38,1545
22.06.2024;04:45;38,07575
22.06.2024;05:00;37,997
22.06.2024;05:15;38,34925
22.06.2024;05:30;38,701499999999996
22.06.2024;05:45;39,05375
22.06.2024;06:00;39,406
22.06.2024;06:15;39,11425
22.06.2024;06:30;38,8225
22.06.2024;06:45;38,53075
22.06.2024;07:00;38,239
22.06.2024;07:15;38,13975
22.06.2024;07:30;38,040499999999994
22.06.2024;07:45;37,94125
22.06.2024;08:00;37,842
22.06.2024;08:15;37,58525
22.06.2024;08:30;37,3285
22.06.2024;08:45;37,071749999999994
22.06.2024;09:00;36,815
22.06.2024;09:15;36,262249999999995
22.06.2024;09:30;35,7095
22.06.2024;09:45;35,15675
22.06.2024;10:00;34,604
22.06.2024;10:15;34,380250000000004
22.06.2024;10:30;34,1565
22.06.2024;10:45;33,93275
22.06.2024;11:00;33,709
22.06.2024;11:15;33,68475
22.06.2024;11:30;33,6605
22.06.2024;11:45;33,636250000000004
22.06.2024;12:00;33,612
22.06.2024;12:15;33,547250000000005
22.06.2024;12:30;33,4825
22.06.2024;12:45;33,41775
22.06.2024;13:00;33,353
22.06.2024;13:15;33,352000000000004
22.06.2024;13:30;33,351
22.06.2024;13:45;33,349999999999994
22.06.2024;14:00;33,349
22.06.2024;14:15;33,3475
22.06.2024;14:30;33,346000000000004
22.06.2024;14:45;33,344500000000004
22.06.2024;15:00;33,343
22.06.2024;15:15;33,450500000000005
22.06.2024;15:30;33,55800000000001
22.06.2024;15:45;33,6655
22.06.2024;16:00;33,773
22.06.2024;16:15;34,732
22.06.2024;16:30;35,691
22.06.2024;16:45;36,650000000000006
22.06.2024;17:00;37,609
22.06.2024;17:15;38,5565
22.06.2024;17:30;39,504000000000005
22.06.2024;17:45;40,4515
22.06.2024;18:00;41,399
22.06.2024;18:15;42,19075
22.06.2024;18:30;42,9825
22.06.2024;18:45;43,77425
22.06.2024;19:00;44,566
22.06.2024;19:15;44,83225
22.06.2024;19:30;45,0985
22.06.2024;19:45;45,36475
22.06.2024;20:00;45,631
22.06.2024;20:15;45,662
22.06.2024;20:30;45,693
22.06.2024;20:45;45,724000000000004
22.06.2024;21:00;45,755
22.06.2024;21:15;45,408
22.06.2024;21:30;45,061
22.06.2024;21:45;44,714
22.06.2024;22:00;44,367
22.06.2024;22:15;43,857
22.06.2024;22:30;43,346999999999994
22.06.2024;22:45;42,836999999999996
22.06.2024;23:00;42,327
22.06.2024;23:15;42,345
22.06.2024;23:30;42,363
22.06.2024;23:45;42,381
23.06.2024;00:00;42,399
23.06.2024;00:15;42,118
23.06.2024;00:30;41,837
23.06.2024;00:45;41,556
23.06.2024;01:00;41,275
23.06.2024;01:15;41,074749999999995
23.06.2024;01:30;40,8745
23.06.2024;01:45;40,67425
23.06.2024;02:00;40,474
23.06.2024;02:15;40,45975
23.06.2024;02:30;40,445499999999996
23.06.2024;02:45;40,43125
23.06.2024;03:00;40,417
23.06.2024;03:15;40,323750000000004
23.06.2024;03:30;40,2305
23.06.2024;03:45;40,137249999999995
23.06.2024;04:00;40,044
23.06.2024;04:15;39,92274999999999
23.06.2024;04:30;39,8015
23.06.2024;04:45;39,68025
23.06.2024;05:00;39,559
23.06.2024;05:15;39,45425
23.06.2024;05:30;39,3495
23.06.2024;05:45;39,244749999999996
23.06.2024;06:00;39,14
23.06.2024;06:15;38,85125
23.06.2024;06:30;38,5625
23.06.2024;06:45;38,27375
23.06.2024;07:00;37,985
23.06.2024;07:15;37,320499999999996
23.06.2024;07:30;36,656
23.06.2024;07:45;35,9915
23.06.2024;08:00;35,327
23.06.2024;08:15;34,93875
23.06.2024;08:30;34,5505
23.06.2024;08:45;34,16225
23.06.2024;09:00;33,774
23.06.2024;09:15;33,668
23.06.2024;09:30;33,562
23.06.2024;09:45;33,456
23.06.2024;10:00;33,35
23.06.2024;10:15;33,34875
23.06.2024;10:30;33,3475
23.06.2024;10:45;33,34625
23.06.2024;11:00;33,345
23.06.2024;11:15;33,34375
23.06.2024;11:30;33,3425
23.06.2024;11:45;33,34125
23.06.2024;12:00;33,34
23.06.2024;12:15;33,316250000000004
23.06.2024;12:30;33,292500000000004
23.06.2024;12:45;33,26875
23.06.2024;13:00;33,245
23.06.2024;13:15;33,215999999999994
23.06.2024;13:30;33,187
23.06.2024;13:45;33,158
23.06.2024;14:00;33,129
23.06.2024;14:15;33,132999999999996
23.06.2024;14:30;33,137
23.06.2024;14:45;33,141000000000005
23.06.2024;15:00;33,145
23.06.2024;15:15;33,1895
23.06.2024;15:30;33,234
23.06.2024;15:45;33,2785
23.06.2024;16:00;33,323
23.06.2024;16:15;33,894999999999996
23.06.2024;16:30;34,467
23.06.2024;16:45;35,039
23.06.2024;17:00;35,611
23.06.2024;17:15;36,82375
23.06.2024;17:30;38,036500000000004
23.06.2024;17:45;39,24925
23.06.2024;18:00;40,462
23.06.2024;18:15;41,1715
23.06.2024;18:30;41,881
23.06.2024;18:45;42,5905
23.06.2024;19:00;43,3
23.06.2024;19:15;43,690999999999995
23.06.2024;19:30;44,081999999999994
23.06.2024;19:45;44,473
23.06.2024;20:00;44,864
23.06.2024;20:15;44,8715
23.06.2024;20:30;44,879
23.06.2024;20:45;44,8865
23.06.2024;21:00;44,894
23.06.2024;21:15;44,86625
23.06.2024;21:30;44,838499999999996
23.06.2024;21:45;44,81075
23.06.2024;22:00;44,783
23.06.2024;22:15;44,4195
23.06.2024;22:30;44,056
23.06.2024;22:45;43,6925
23.06.2024;23:00;43,329
23.06.2024;23:15;43,48875
23.06.2024;23:30;43,6485
23.06.2024;23:45;43,80825
24.06.2024;00:00;43,968
24.06.2024;00:15;43,61825
24.06.2024;00:30;43,2685
24.06.2024;00:45;42,91875
24.06.2024;01:00;42,569
24.06.2024;01:15;42,3875
24.06.2024;01:30;42,206
24.06.2024;01:45;42,0245
24.06.2024;02:00;41,843
24.06.2024;02:15;41,831250000000004
24.06.2024;02:30;41,819500000000005
24.06.2024;02:45;41,80775
24.06.2024;03:00;41,796
24.06.2024;03:15;41,808499999999995
24.06.2024;03:30;41,821
24.06.2024;03:45;41,8335
24.06.2024;04:00;41,846
24.06.2024;04:15;42,147499999999994
24.06.2024;04:30;42,449
24.06.2024;04:45;42,7505
24.06.2024;05:00;43,052
24.06.2024;05:15;44,028
24.06.2024;05:30;45,004000000000005
24.06.2024;05:45;45,980000000000004
24.06.2024;06:00;46,956
24.06.2024;06:15;46,9545
24.06.2024;06:30;46,953
24.06.2024;06:45;46,9515
24.06.2024;07:00;46,95
24.06.2024;07:15;46,124750000000006
24.06.2024;07:30;45,2995
24.06.2024;07:45;44,47425
24.06.2024;08:00;43,649
24.06.2024;08:15;43,05775
24.06.2024;08:30;42,466499999999996
24.06.2024;08:45;41,87525
24.06.2024;09:00;41,284
24.06.2024;09:15;40,6475
24.06.2024;09:30;40,010999999999996
24.06.2024;09:45;39,3745
24.06.2024;10:00;38,738
24.06.2024;10:15;38,33625
24.06.2024;10:30;37,9345
24.06.2024;10:45;37,53275
24.06.2024;11:00;37,131
24.06.2024;11:15;36,9655
24.06.2024;11:30;36,8
24.06.2024;11:45;36,6345
24.06.2024;12:00;36,469
24.06.2024;12:15;36,43825
24.06.2024;12:30;36,4075
24.06.2024;12:45;36,37675
24.06.2024;13:00;36,346
24.06.2024;13:15;36,37025
24.06.2024;13:30;36,394499999999994
24.06.2024;13:45;36,418749999999996
24.06.2024;14:00;36,443
24.06.2024;14:15;36,866
24.06.2024;14:30;37,289
24.06.2024;14:45;37,711999999999996
24.06.2024;15:00;38,135
24.06.2024;15:15;38,59675
24.06.2024;15:30;39,058499999999995
24.06.2024;15:45;39,52025
24.06.2024;16:00;39,982
24.06.2024;16:15;40,38625
24.06.2024;16:30;40,790499999999994
24.06.2024;16:45;41,19475
24.06.2024;17:00;41,599
24.06.2024;17:15;41,9965
24.06.2024;17:30;42,394
24.06.2024;17:45;42,7915
24.06.2024;18:00;43,189
24.06.2024;18:15;44,56175
24.06.2024;18:30;45,9345
24.06.2024;18:45;47,307249999999996
24.06.2024;19:00;48,68
24.06.2024;19:15;50,0805
24.06.2024;19:30;51,480999999999995
24.06.2024;19:45;52,881499999999996
24.06.2024;20:00;54,282
24.06.2024;20:15;52,949
24.06.2024;20:30;51,616
24.06.2024;20:45;50,283
24.06.2024;21:00;48,95
24.06.2024;21:15;47,96475
24.06.2024;21:30;46,9795
24.06.2024;21:45;45,99425
24.06.2024;22:00;45,009
24.06.2024;22:15;44,3915
24.06.2024;22:30;43,774
24.06.2024;22:45;43,1565
24.06.2024;23:00;42,539
24.06.2024;23:15;42,46175
24.06.2024;23:30;42,3845
24.06.2024;23:45;42,307249999999996
25.06.2024;00:00;42,23
25.06.2024;00:15;42,129999999999995
25.06.2024;00:30;42,03
25.06.2024;00:45;41,93
25.06.2024;01:00;41,83
25.06.2024;01:15;41,829499999999996
25.06.2024;01:30;41,829
25.06.2024;01:45;41,828500000000005
25.06.2024;02:00;41,828
25.06.2024;02:15;41,839
25.06.2024;02:30;41,85
25.06.2024;02:45;41,861000000000004
25.06.2024;03:00;41,872
25.06.2024;03:15;41,879
25.06.2024;03:30;41,885999999999996
25.06.2024;03:45;41,893
25.06.2024;04:00;41,9
25.06.2024;04:15;42,135
25.06.2024;04:30;42,370000000000005
25.06.2024;04:45;42,605000000000004
25.06.2024;05:00;42,84
25.06.2024;05:15;43,337500000000006
25.06.2024;05:30;43,835
25.06.2024;05:45;44,332499999999996
25.06.2024;06:00;44,83
25.06.2024;06:15;45,01
25.06.2024;06:30;45,19
25.06.2024;06:45;45,37
25.06.2024;07:00;45,55
25.06.2024;07:15;45,095
25.06.2024;07:30;44,64
25.06.2024;07:45;44,184999999999995
25.06.2024;08:00;43,73
25.06.2024;08:15;43,001
25.06.2024;08:30;42,272
25.06.2024;08:45;41,543
25.06.2024;09:00;40,814
25.06.2024;09:15;40,156
25.06.2024;09:30;39,498000000000005
25.06.2024;09:45;38,84
25.06.2024;10:00;38,182
25.06.2024;10:15;37,29475
25.06.2024;10:30;36,4075
25.06.2024;10:45;35,520250000000004
25.06.2024;11:00;34,633
25.06.2024;11:15;34,312250000000006
25.06.2024;11:30;33,9915
25.06.2024;11:45;33,67075
25.06.2024;12:00;33,35
25.06.2024;12:15;33,34875
25.06.2024;12:30;33,3475
25.06.2024;12:45;33,34625
25.06.2024;13:00;33,345
25.06.2024;13:15;33,34525
25.06.2024;13:30;33,3455
25.06.2024;13:45;33,345749999999995
25.06.2024;14:00;33,346
25.06.2024;14:15;33,63675
25.06.2024;14:30;33,927499999999995
25.06.2024;14:45;34,21825
25.06.2024;15:00;34,509
25.06.2024;15:15;35,4285
25.06.2024;15:30;36,348
25.06.2024;15:45;37,2675
25.06.2024;16:00;38,187
25.06.2024;16:15;38,827749999999995
25.06.2024;16:30;39,4685
25.06.2024;16:45;40,10925
25.06.2024;17:00;40,75
25.06.2024;17:15;41,2975
25.06.2024;17:30;41,845
25.06.2024;17:45;42,3925
25.06.2024;18:00;42,94
25.06.2024;18:15;43,765
25.06.2024;18:30;44,59
25.06.2024;18:45;45,415
25.06.2024;19:00;46,24
25.06.2024;19:15;46,43475
25.06.2024;19:30;46,6295
25.06.2024;19:45;46,82425
25.06.2024;20:00;47,019
25.06.2024;20:15;46,653999999999996
25.06.2024;20:30;46,289
25.06.2024;20:45;45,924
25.06.2024;21:00;45,559
25.06.2024;21:15;45,171
25.06.2024;21:30;44,783
25.06.2024;21:45;44,394999999999996
25.06.2024;22:00;44,007
25.06.2024;22:15;43,591499999999996
25.06.2024;22:30;43,176
25.06.2024;22:45;42,7605
25.06.2024;23:00;42,345
25.06.2024;23:15;46,94625
25.06.2024;23:30;51,5475
25.06.2024;23:45;56,14875
26.06.2024;00:00;60,75
26.06.2024;00:15;59,352000000000004
26.06.2024;00:30;57,954
26.06.2024;00:45;56,556
26.06.2024;01:00;55,158
26.06.2024;01:15;56,12025
26.06.2024;01:30;57,082499999999996
26.06.2024;01:45;58,04475
26.06.2024;02:00;59,007
26.06.2024;02:15;61,66
26.06.2024;02:30;64,313
26.06.2024;02:45;66,966
26.06.2024;03:00;69,619
26.06.2024;03:15;69,62049999999999
26.06.2024;03:30;69,622
26.06.2024;03:45;69,6235
26.06.2024;04:00;69,625
26.06.2024;04:15;82,52375
26.06.2024;04:30;95,4225
26.06.2024;04:45;108,32124999999999
26.06.2024;05:00;121,22
26.06.2024;05:15;151,67275
26.06.2024;05:30;182,1255
26.06.2024;05:45;212,57825
26.06.2024;06:00;243,031
26.06.2024;06:15;213,44275
26.06.2024;06:30;183,8545
26.06.2024;06:45;154,26625
26.06.2024;07:00;124,678
26.06.2024;07:15;111,1095
26.06.2024;07:30;97,541
26.06.2024;07:45;83,9725
26.06.2024;08:00;70,404
26.06.2024;08:15;63,60225
26.06.2024;08:30;56,8005
26.06.2024;08:45;49,99875
26.06.2024;09:00;43,197
26.06.2024;09:15;42,339
26.06.2024;09:30;41,481
26.06.2024;09:45;40,623000000000005
26.06.2024;10:00;39,765
26.06.2024;10:15;38,939750000000004
26.06.2024;10:30;38,1145
26.06.2024;10:45;37,289249999999996
26.06.2024;11:00;36,464
26.06.2024;11:15;35,881
26.06.2024;11:30;35,298
26.06.2024;11:45;34,714999999999996
26.06.2024;12:00;34,132
26.06.2024;12:15;34,125249999999994
26.06.2024;12:30;34,1185
26.06.2024;12:45;34,11175
26.06.2024;13:00;34,105
26.06.2024;13:15;34,249249999999996
26.06.2024;13:30;34,3935
26.06.2024;13:45;34,53775
26.06.2024;14:00;34,682
26.06.2024;14:15;36,0415
26.06.2024;14:30;37,400999999999996
26.06.2024;14:45;38,7605
26.06.2024;15:00;40,12
26.06.2024;15:15;40,384249999999994
26.06.2024;15:30;40,6485
26.06.2024;15:45;40,91275
26.06.2024;16:00;41,177
26.06.2024;16:15;42,7005
26.06.2024;16:30;44,224000000000004
26.06.2024;16:45;45,7475
26.06.2024;17:00;47,271
26.06.2024;17:15;53,122749999999996
26.06.2024;17:30;58,9745
26.06.2024;17:45;64,82625
26.06.2024;18:00;70,678
26.06.2024;18:15;84,11375
26.06.2024;18:30;97,5495
26.06.2024;18:45;110,98525000000001
26.06.2024;19:00;124,421
26.06.2024;19:15;142,21375
26.06.2024;19:30;160,00650000000002
26.06.2024;19:45;177,79925000000003
26.06.2024;20:00;195,592
26.06.2024;20:15;177,82750000000001
26.06.2024;20:30;160,06300000000002
26.06.2024;20:45;142,2985
26.06.2024;21:00;124,534
26.06.2024;21:15;111,101
26.06.2024;21:30;97,668
26.06.2024;21:45;84,23500000000001
26.06.2024;22:00;70,802
26.06.2024;22:15;70,58675000000001
26.06.2024;22:30;70,3715
26.06.2024;22:45;70,15625
26.06.2024;23:00;69,941
26.06.2024;23:15;63,193250000000006
26.06.2024;23:30;56,4455
26.06.2024;23:45;49,69775
27.06.2024;00:00;42,95
27.06.2024;00:15;42,722500000000004
27.06.2024;00:30;42,495000000000005
27.06.2024;00:45;42,2675
27.06.2024;01:00;42,04
27.06.2024;01:15;41,8775
27.06.2024;01:30;41,715
27.06.2024;01:45;41,5525
27.06.2024;02:00;41,39
27.06.2024;02:15;41,451
27.06.2024;02:30;41,512
27.06.2024;02:45;41,573
27.06.2024;03:00;41,634
27.06.2024;03:15;41,53275
27.06.2024;03:30;41,4315
27.06.2024;03:45;41,33025
27.06.2024;04:00;41,229
27.06.2024;04:15;41,38375
27.06.2024;04:30;41,5385
27.06.2024;04:45;41,69325
27.06.2024;05:00;41,848
27.06.2024;05:15;42,661249999999995
27.06.2024;05:30;43,4745
27.06.2024;05:45;44,28775
27.06.2024;06:00;45,101
27.06.2024;06:15;45,291
27.06.2024;06:30;45,480999999999995
27.06.2024;06:45;45,671
27.06.2024;07:00;45,861
27.06.2024;07:15;45,60825
27.06.2024;07:30;45,3555
27.06.2024;07:45;45,10275
27.06.2024;08:00;44,85
27.06.2024;08:15;44,19675
27.06.2024;08:30;43,5435
27.06.2024;08:45;42,89025
27.06.2024;09:00;42,237
27.06.2024;09:15;41,68375
27.06.2024;09:30;41,1305
27.06.2024;09:45;40,57725
27.06.2024;10:00;40,024
27.06.2024;10:15;39,6655
27.06.2024;10:30;39,307
27.06.2024;10:45;38,9485
27.06.2024;11:00;38,59
27.06.2024;11:15;38,5005
27.06.2024;11:30;38,411
27.06.2024;11:45;38,3215
27.06.2024;12:00;38,232
27.06.2024;12:15;38,14425
27.06.2024;12:30;38,0565
27.06.2024;12:45;37,96875
27.06.2024;13:00;37,881
27.06.2024;13:15;37,86225
27.06.2024;13:30;37,8435
27.06.2024;13:45;37,824749999999995
27.06.2024;14:00;37,806
27.06.2024;14:15;37,90175
27.06.2024;14:30;37,9975
27.06.2024;14:45;38,09325
27.06.2024;15:00;38,189
27.06.2024;15:15;38,52725
27.06.2024;15:30;38,8655
27.06.2024;15:45;39,20375
27.06.2024;16:00;39,542
27.06.2024;16:15;39,88375
27.06.2024;16:30;40,2255
27.06.2024;16:45;40,56725
27.06.2024;17:00;40,909
27.06.2024;17:15;59,76925
27.06.2024;17:30;78,62950000000001
27.06.2024;17:45;97,48975
27.06.2024;18:00;116,35
27.06.2024;18:15;98,352
27.06.2024;18:30;80,354
27.06.2024;18:45;62,356
27.06.2024;19:00;44,358
27.06.2024;19:15;46,607
27.06.2024;19:30;48,855999999999995
27.06.2024;19:45;51,105
27.06.2024;20:00;53,354
27.06.2024;20:15;53,0075
27.06.2024;20:30;52,661
27.06.2024;20:45;52,3145
27.06.2024;21:00;51,968
27.06.2024;21:15;50,44375
27.06.2024;21:30;48,9195
27.06.2024;21:45;47,395250000000004
27.06.2024;22:00;45,871
27.06.2024;22:15;45,28575
27.06.2024;22:30;44,700500000000005
27.06.2024;22:45;44,11525
27.06.2024;23:00;43,53
27.06.2024;23:15;43,40625
27.06.2024;23:30;43,2825
27.06.2024;23:45;43,15875
28.06.2024;00:00;43,035
28.06.2024;00:15;42,999249999999996
28.06.2024;00:30;42,963499999999996
28.06.2024;00:45;42,92775
28.06.2024;01:00;42,892
28.06.2024;01:15;42,658500000000004
28.06.2024;01:30;42,425
28.06.2024;01:45;42,1915
28.06.2024;02:00;41,958
28.06.2024;02:15;41,80525
28.06.2024;02:30;41,6525
28.06.2024;02:45;41,49975
28.06.2024;03:00;41,347
28.06.2024;03:15;41,438
28.06.2024;03:30;41,528999999999996
28.06.2024;03:45;41,62
28.06.2024;04:00;41,711
28.06.2024;04:15;41,90275
28.06.2024;04:30;42,0945
28.06.2024;04:45;42,28625
28.06.2024;05:00;42,478
28.06.2024;05:15;43,20325
28.06.2024;05:30;43,9285
28.06.2024;05:45;44,65375
28.06.2024;06:00;45,379
28.06.2024;06:15;45,095
28.06.2024;06:30;44,811
28.06.2024;06:45;44,527
28.06.2024;07:00;44,243
28.06.2024;07:15;43,642
28.06.2024;07:30;43,041
28.06.2024;07:45;42,44
28.06.2024;08:00;41,839
28.06.2024;08:15;41,21425
28.06.2024;08:30;40,5895
28.06.2024;08:45;39,96475
28.06.2024;09:00;39,34
28.06.2024;09:15;38,45375
28.06.2024;09:30;37,5675
28.06.2024;09:45;36,681250000000006
28.06.2024;10:00;35,795
28.06.2024;10:15;35,2345
28.06.2024;10:30;34,674
28.06.2024;10:45;34,1135
28.06.2024;11:00;33,553
28.06.2024;11:15;33,46325
28.06.2024;11:30;33,3735
28.06.2024;11:45;33,28375
28.06.2024;12:00;33,194
28.06.2024;12:15;33,10575
28.06.2024;12:30;33,0175
28.06.2024;12:45;32,92925
28.06.2024;13:00;32,841
28.06.2024;13:15;32,7195
28.06.2024;13:30;32,598
28.06.2024;13:45;32,4765
28.06.2024;14:00;32,355
28.06.2024;14:15;32,355999999999995
28.06.2024;14:30;32,357
28.06.2024;14:45;32,358000000000004
28.06.2024;15:00;32,359
28.06.2024;15:15;32,44475
28.06.2024;15:30;32,5305
28.06.2024;15:45;32,61625
28.06.2024;16:00;32,702
28.06.2024;16:15;32,954499999999996
28.06.2024;16:30;33,207
28.06.2024;16:45;33,459500000000006
28.06.2024;17:00;33,712
28.06.2024;17:15;34,67100000000001
28.06.2024;17:30;35,63
28.06.2024;17:45;36,589
28.06.2024;18:00;37,548
28.06.2024;18:15;38,6065
28.06.2024;18:30;39,665
28.06.2024;18:45;40,7235
28.06.2024;19:00;41,782
28.06.2024;19:15;42,39725
28.06.2024;19:30;43,0125
28.06.2024;19:45;43,62775
28.06.2024;20:00;44,243
28.06.2024;20:15;44,97125
28.06.2024;20:30;45,6995
28.06.2024;20:45;46,42775
28.06.2024;21:00;47,156
28.06.2024;21:15;46,86875
28.06.2024;21:30;46,5815
28.06.2024;21:45;46,29425
28.06.2024;22:00;46,007
28.06.2024;22:15;45,56825
28.06.2024;22:30;45,1295
28.06.2024;22:45;44,69075
28.06.2024;23:00;44,252
28.06.2024;23:15;44,286500000000004
28.06.2024;23:30;44,321
28.06.2024;23:45;44,3555
29.06.2024;00:00;44,39
29.06.2024;00:15;44,37775
29.06.2024;00:30;44,3655
29.06.2024;00:45;44,35325
29.06.2024;01:00;44,341
29.06.2024;01:15;44,3405
29.06.2024;01:30;44,34
29.06.2024;01:45;44,3395
29.06.2024;02:00;44,339
29.06.2024;02:15;44,330749999999995
29.06.2024;02:30;44,3225
29.06.2024;02:45;44,31425
29.06.2024;03:00;44,306
29.06.2024;03:15;44,26925
29.06.2024;03:30;44,2325
29.06.2024;03:45;44,19575
29.06.2024;04:00;44,159
29.06.2024;04:15;44,0335
29.06.2024;04:30;43,908
29.06.2024;04:45;43,7825
29.06.2024;05:00;43,657
29.06.2024;05:15;43,49575
29.06.2024;05:30;43,3345
29.06.2024;05:45;43,173249999999996
29.06.2024;06:00;43,012
29.06.2024;06:15;42,7
29.06.2024;06:30;42,388000000000005
29.06.2024;06:45;42,076
29.06.2024;07:00;41,764
29.06.2024;07:15;41,33325
29.06.2024;07:30;40,9025
29.06.2024;07:45;40,47175
29.06.2024;08:00;40,041
29.06.2024;08:15;39,107749999999996
29.06.2024;08:30;38,174499999999995
29.06.2024;08:45;37,24125
29.06.2024;09:00;36,308
29.06.2024;09:15;35,6945
29.06.2024;09:30;35,081
29.06.2024;09:45;34,4675
29.06.2024;10:00;33,854
29.06.2024;10:15;33,729
29.06.2024;10:30;33,604
29.06.2024;10:45;33,479
29.06.2024;11:00;33,354
29.06.2024;11:15;33,3525
29.06.2024;11:30;33,351
29.06.2024;11:45;33,3495
29.06.2024;12:00;33,348
29.06.2024;12:15;33,342749999999995
29.06.2024;12:30;33,3375
29.06.2024;12:45;33,33225
29.06.2024;13:00;33,327
29.06.2024;13:15;33,330749999999995
29.06.2024;13:30;33,3345
29.06.2024;13:45;33,33825
29.06.2024;14:00;33,342
29.06.2024;14:15;33,3765
29.06.2024;14:30;33,411
29.06.2024;14:45;33,445499999999996
29.06.2024;15:00;33,48
29.06.2024;15:15;33,74525
29.06.2024;15:30;34,01049999999999
29.06.2024;15:45;34,275749999999995
29.06.2024;16:00;34,541
29.06.2024;16:15;35,980999999999995
29.06.2024;16:30;37,421
29.06.2024;16:45;38,861000000000004
29.06.2024;17:00;40,301
29.06.2024;17:15;41,17075
29.06.2024;17:30;42,0405
29.06.2024;17:45;42,910250000000005
29.06.2024;18:00;43,78
29.06.2024;18:15;44,34575
29.06.2024;18:30;44,911500000000004
29.06.2024;18:45;45,47725
29.06.2024;19:00;46,043
29.06.2024;19:15;46,34975
29.06.2024;19:30;46,6565
29.06.2024;19:45;46,96325
29.06.2024;20:00;47,27
29.06.2024;20:15;46,6225
29.06.2024;20:30;45,975
29.06.2024;20:45;45,3275
29.06.2024;21:00;44,68
29.06.2024;21:15;44,3495
29.06.2024;21:30;44,019
29.06.2024;21:45;43,6885
29.06.2024;22:00;43,358
29.06.2024;22:15;43,20175
29.06.2024;22:30;43,0455
29.06.2024;22:45;42,88925
29.06.2024;23:00;42,733
29.06.2024;23:15;42,13875
29.06.2024;23:30;41,5445
29.06.2024;23:45;40,95025
30.06.2024;00:00;40,356
30.06.2024;00:15;40,14675
30.06.2024;00:30;39,9375
30.06.2024;00:45;39,72825
30.06.2024;01:00;39,519
30.06.2024;01:15;39,6435
30.06.2024;01:30;39,768
30.06.2024;01:45;39,8925
30.06.2024;02:00;40,017
30.06.2024;02:15;40,0265
30.06.2024;02:30;40,036
30.06.2024;02:45;40,045500000000004
30.06.2024;03:00;40,055
30.06.2024;03:15;39,98775
30.06.2024;03:30;39,920500000000004
30.06.2024;03:45;39,85325
30.06.2024;04:00;39,786
30.06.2024;04:15;39,46175
30.06.2024;04:30;39,1375
30.06.2024;04:45;38,81325
30.06.2024;05:00;38,489
30.06.2024;05:15;38,493249999999996
30.06.2024;05:30;38,4975
30.06.2024;05:45;38,50175
30.06.2024;06:00;38,506
30.06.2024;06:15;37,7275
30.06.2024;06:30;36,949
30.06.2024;06:45;36,170500000000004
30.06.2024;07:00;35,392
30.06.2024;07:15;35,05225
30.06.2024;07:30;34,712500000000006
30.06.2024;07:45;34,37275
30.06.2024;08:00;34,033
30.06.2024;08:15;33,88275
30.06.2024;08:30;33,7325
30.06.2024;08:45;33,58225
30.06.2024;09:00;33,432
30.06.2024;09:15;33,411500000000004
30.06.2024;09:30;33,391000000000005
30.06.2024;09:45;33,3705
30.06.2024;10:00;33,35
30.06.2024;10:15;33,35
30.06.2024;10:30;33,35
30.06.2024;10:45;33,35
30.06.2024;11:00;33,35
30.06.2024;11:15;33,3495
30.06.2024;11:30;33,349000000000004
30.06.2024;11:45;33,3485
30.06.2024;12:00;33,348
30.06.2024;12:15;33,31075
30.06.2024;12:30;33,2735
30.06.2024;12:45;33,23625
30.06.2024;13:00;33,199
30.06.2024;13:15;33,2095
30.06.2024;13:30;33,22
30.06.2024;13:45;33,2305
30.06.2024;14:00;33,241
30.06.2024;14:15;33,26825
30.06.2024;14:30;33,295500000000004
30.06.2024;14:45;33,32275
30.06.2024;15:00;33,35
30.06.2024;15:15;33,37275
30.06.2024;15:30;33,3955
30.06.2024;15:45;33,41825
30.06.2024;16:00;33,441
30.06.2024;16:15;34,33475
30.06.2024;16:30;35,2285
30.06.2024;16:45;36,12225
30.06.2024;17:00;37,016
30.06.2024;17:15;37,849999999999994
30.06.2024;17:30;38,684
30.06.2024;17:45;39,518
30.06.2024;18:00;40,352
30.06.2024;18:15;40,783
30.06.2024;18:30;41,214
30.06.2024;18:45;41,644999999999996
30.06.2024;19:00;42,076
30.06.2024;19:15;42,392
30.06.2024;19:30;42,708
30.06.2024;19:45;43,024
30.06.2024;20:00;43,34
30.06.2024;20:15;43,40225
30.06.2024;20:30;43,4645
30.06.2024;20:45;43,52675
30.06.2024;21:00;43,589
30.06.2024;21:15;43,58325
30.06.2024;21:30;43,5775
30.06.2024;21:45;43,57175
30.06.2024;22:00;43,566
30.06.2024;22:15;43,337250000000004
30.06.2024;22:30;43,10850000000001
30.06.2024;22:45;42,87975
30.06.2024;23:00;42,651
30.06.2024;23:15;42,69775
30.06.2024;23:30;42,7445
30.06.2024;23:45;42,791250000000005
01.07.2024;00:00;42,838
01.07.2024;00:15;42,574
01.07.2024;00:30;42,31
01.07.2024;00:45;42,046
01.07.2024;01:00;41,782
01.07.2024;01:15;41,62875
01.07.2024;01:30;41,4755
01.07.2024;01:45;41,32225
01.07.2024;02:00;41,169
01.07.2024;02:15;41,1645
01.07.2024;02:30;41,16
01.07.2024;02:45;41,1555
01.07.2024;03:00;41,151
01.07.2024;03:15;41,0915
01.07.2024;03:30;41,032
01.07.2024;03:45;40,9725
01.07.2024;04:00;40,913
01.07.2024;04:15;41,04275
01.07.2024;04:30;41,1725
01.07.2024;04:45;41,30225
01.07.2024;05:00;41,432
01.07.2024;05:15;42,46625
01.07.2024;05:30;43,5005
01.07.2024;05:45;44,53475
01.07.2024;06:00;45,569
01.07.2024;06:15;46,04675
01.07.2024;06:30;46,5245
01.07.2024;06:45;47,00225
01.07.2024;07:00;47,48
01.07.2024;07:15;47,506499999999996
01.07.2024;07:30;47,533
01.07.2024;07:45;47,5595
01.07.2024;08:00;47,586
01.07.2024;08:15;46,91625
01.07.2024;08:30;46,2465
01.07.2024;08:45;45,57675
01.07.2024;09:00;44,907
01.07.2024;09:15;44,693
01.07.2024;09:30;44,479
01.07.2024;09:45;44,265
01.07.2024;10:00;44,051
01.07.2024;10:15;43,667500000000004
01.07.2024;10:30;43,284000000000006
01.07.2024;10:45;42,9005
01.07.2024;11:00;42,517
01.07.2024;11:15;42,15975
01.07.2024;11:30;41,8025
01.07.2024;11:45;41,44525
01.07.2024;12:00;41,088
01.07.2024;12:15;40,901
01.07.2024;12:30;40,714
01.07.2024;12:45;40,527
01.07.2024;13:00;40,34
01.07.2024;13:15;39,590500000000006
01.07.2024;13:30;38,841
01.07.2024;13:45;38,091499999999996
01.07.2024;14:00;37,342
01.07.2024;14:15;37,20925
01.07.2024;14:30;37,076499999999996
01.07.2024;14:45;36,94375
01.07.2024;15:00;36,811
01.07.2024;15:15;36,8865
01.07.2024;15:30;36,962
01.07.2024;15:45;37,0375
01.07.2024;16:00;37,113
01.07.2024;16:15;37,72725
01.07.2024;16:30;38,341499999999996
01.07.2024;16:45;38,95575
01.07.2024;17:00;39,57
01.07.2024;17:15;39,966
01.07.2024;17:30;40,362
01.07.2024;17:45;40,758
01.07.2024;18:00;41,154
01.07.2024;18:15;41,76475000000001
01.07.2024;18:30;42,3755
01.07.2024;18:45;42,98625
01.07.2024;19:00;43,597
01.07.2024;19:15;45,205
01.07.2024;19:30;46,813
01.07.2024;19:45;48,42100000000001
01.07.2024;20:00;50,029
01.07.2024;20:15;49,08675
01.07.2024;20:30;48,1445
01.07.2024;20:45;47,20225
01.07.2024;21:00;46,26
01.07.2024;21:15;45,72025
01.07.2024;21:30;45,180499999999995
01.07.2024;21:45;44,64075
01.07.2024;22:00;44,101
01.07.2024;22:15;43,61025
01.07.2024;22:30;43,1195
01.07.2024;22:45;42,62875
01.07.2024;23:00;42,138
01.07.2024;23:15;41,98075
01.07.2024;23:30;41,823499999999996
01.07.2024;23:45;41,66625
02.07.2024;00:00;41,509
02.07.2024;00:15;41,4675
02.07.2024;00:30;41,426
02.07.2024;00:45;41,3845
02.07.2024;01:00;41,343
02.07.2024;01:15;41,3965
02.07.2024;01:30;41,45
02.07.2024;01:45;41,5035
02.07.2024;02:00;41,557
02.07.2024;02:15;41,529
02.07.2024;02:30;41,501000000000005
02.07.2024;02:45;41,473
02.07.2024;03:00;41,445
02.07.2024;03:15;41,471000000000004
02.07.2024;03:30;41,497
02.07.2024;03:45;41,522999999999996
02.07.2024;04:00;41,549
02.07.2024;04:15;41,549
02.07.2024;04:30;41,549
02.07.2024;04:45;41,549
02.07.2024;05:00;41,549
02.07.2024;05:15;41,91175
02.07.2024;05:30;42,2745
02.07.2024;05:45;42,63725
02.07.2024;06:00;43,0
02.07.2024;06:15;43,104749999999996
02.07.2024;06:30;43,2095
02.07.2024;06:45;43,31425
02.07.2024;07:00;43,419
02.07.2024;07:15;43,433499999999995
02.07.2024;07:30;43,44799999999999
02.07.2024;07:45;43,4625
02.07.2024;08:00;43,477
02.07.2024;08:15;43,13275
02.07.2024;08:30;42,7885
02.07.2024;08:45;42,44425
02.07.2024;09:00;42,1
02.07.2024;09:15;41,99025
02.07.2024;09:30;41,8805
02.07.2024;09:45;41,77075
02.07.2024;10:00;41,661
02.07.2024;10:15;41,44725
02.07.2024;10:30;41,2335
02.07.2024;10:45;41,01975
02.07.2024;11:00;40,806
02.07.2024;11:15;40,76
02.07.2024;11:30;40,714
02.07.2024;11:45;40,668
02.07.2024;12:00;40,622
02.07.2024;12:15;40,533
02.07.2024;12:30;40,444
02.07.2024;12:45;40,355
02.07.2024;13:00;40,266
02.07.2024;13:15;40,060249999999996
02.07.2024;13:30;39,8545
02.07.2024;13:45;39,64875
02.07.2024;14:00;39,443
02.07.2024;14:15;39,488
02.07.2024;14:30;39,533
02.07.2024;14:45;39,577999999999996
02.07.2024;15:00;39,623
02.07.2024;15:15;39,91025
02.07.2024;15:30;40,1975
02.07.2024;15:45;40,48475
02.07.2024;16:00;40,772
02.07.2024;16:15;40,814
02.07.2024;16:30;40,855999999999995
02.07.2024;16:45;40,897999999999996
02.07.2024;17:00;40,94
02.07.2024;17:15;41,16225
02.07.2024;17:30;41,3845
02.07.2024;17:45;41,60675
02.07.2024;18:00;41,829
02.07.2024;18:15;42,3
02.07.2024;18:30;42,771
02.07.2024;18:45;43,242000000000004
02.07.2024;19:00;43,713
02.07.2024;19:15;43,99725
02.07.2024;19:30;44,2815
02.07.2024;19:45;44,56575
02.07.2024;20:00;44,85
02.07.2024;20:15;44,724000000000004
02.07.2024;20:30;44,598
02.07.2024;20:45;44,471999999999994
02.07.2024;21:00;44,346
02.07.2024;21:15;44,32325
02.07.2024;21:30;44,3005
02.07.2024;21:45;44,27775
02.07.2024;22:00;44,255
02.07.2024;22:15;43,67875
02.07.2024;22:30;43,102500000000006
02.07.2024;22:45;42,526250000000005
02.07.2024;23:00;41,95
02.07.2024;23:15;41,50475
02.07.2024;23:30;41,0595
02.07.2024;23:45;40,61425
03.07.2024;00:00;40,169
03.07.2024;00:15;40,09675
03.07.2024;00:30;40,0245
03.07.2024;00:45;39,95225
03.07.2024;01:00;39,88
03.07.2024;01:15;39,827
03.07.2024;01:30;39,774
03.07.2024;01:45;39,721000000000004
03.07.2024;02:00;39,668
03.07.2024;02:15;39,728
03.07.2024;02:30;39,788
03.07.2024;02:45;39,848
03.07.2024;03:00;39,908
03.07.2024;03:15;40,047
03.07.2024;03:30;40,186
03.07.2024;03:45;40,325
03.07.2024;04:00;40,464
03.07.2024;04:15;40,658249999999995
03.07.2024;04:30;40,8525
03.07.2024;04:45;41,04675
03.07.2024;05:00;41,241
03.07.2024;05:15;41,7745
03.07.2024;05:30;42,308
03.07.2024;05:45;42,841499999999996
03.07.2024;06:00;43,375
03.07.2024;06:15;43,7815
03.07.2024;06:30;44,188
03.07.2024;06:45;44,5945
03.07.2024;07:00;45,001
03.07.2024;07:15;44,96325
03.07.2024;07:30;44,9255
03.07.2024;07:45;44,88775
03.07.2024;08:00;44,85
03.07.2024;08:15;44,23975
03.07.2024;08:30;43,6295
03.07.2024;08:45;43,01925
03.07.2024;09:00;42,409
03.07.2024;09:15;42,06
03.07.2024;09:30;41,711
03.07.2024;09:45;41,361999999999995
03.07.2024;10:00;41,013
03.07.2024;10:15;40,924749999999996
03.07.2024;10:30;40,8365
03.07.2024;10:45;40,74825
03.07.2024;11:00;40,66
03.07.2024;11:15;40,6265
03.07.2024;11:30;40,593
03.07.2024;11:45;40,5595
03.07.2024;12:00;40,526
03.07.2024;12:15;40,5105
03.07.2024;12:30;40,495000000000005
03.07.2024;12:45;40,4795
03.07.2024;13:00;40,464
03.07.2024;13:15;40,5135
03.07.2024;13:30;40,563
03.07.2024;13:45;40,6125
03.07.2024;14:00;40,662
03.07.2024;14:15;40,6335
03.07.2024;14:30;40,605000000000004
03.07.2024;14:45;40,5765
03.07.2024;15:00;40,548
03.07.2024;15:15;40,59875
03.07.2024;15:30;40,6495
03.07.2024;15:45;40,70025
03.07.2024;16:00;40,751
03.07.2024;16:15;41,074999999999996
03.07.2024;16:30;41,399
03.07.2024;16:45;41,723
03.07.2024;17:00;42,047
03.07.2024;17:15;42,36275
03.07.2024;17:30;42,6785
03.07.2024;17:45;42,99425
03.07.2024;18:00;43,31
03.07.2024;18:15;43,78975
03.07.2024;18:30;44,2695
03.07.2024;18:45;44,74925
03.07.2024;19:00;45,229
03.07.2024;19:15;46,3565
03.07.2024;19:30;47,483999999999995
03.07.2024;19:45;48,6115
03.07.2024;20:00;49,739
03.07.2024;20:15;48,53875
03.07.2024;20:30;47,338499999999996
03.07.2024;20:45;46,13825
03.07.2024;21:00;44,938
03.07.2024;21:15;44,424
03.07.2024;21:30;43,91
03.07.2024;21:45;43,396
03.07.2024;22:00;42,882
03.07.2024;22:15;42,4015
03.07.2024;22:30;41,921
03.07.2024;22:45;41,4405
03.07.2024;23:00;40,96
03.07.2024;23:15;40,6635
03.07.2024;23:30;40,367000000000004
03.07.2024;23:45;40,0705
04.07.2024;00:00;39,774
04.07.2024;00:15;39,466499999999996
04.07.2024;00:30;39,159
04.07.2024;00:45;38,8515
04.07.2024;01:00;38,544
04.07.2024;01:15;37,907
04.07.2024;01:30;37,269999999999996
04.07.2024;01:45;36,633
04.07.2024;02:00;35,996
04.07.2024;02:15;35,78475
04.07.2024;02:30;35,5735
04.07.2024;02:45;35,36225
04.07.2024;03:00;35,151
04.07.2024;03:15;34,95275
04.07.2024;03:30;34,7545
04.07.2024;03:45;34,55625
04.07.2024;04:00;34,358
04.07.2024;04:15;34,36275
04.07.2024;04:30;34,3675
04.07.2024;04:45;34,37225
04.07.2024;05:00;34,377
04.07.2024;05:15;35,031000000000006
04.07.2024;05:30;35,685
04.07.2024;05:45;36,339
04.07.2024;06:00;36,993
04.07.2024;06:15;37,08225
04.07.2024;06:30;37,1715
04.07.2024;06:45;37,26075
04.07.2024;07:00;37,35
04.07.2024;07:15;37,189
04.07.2024;07:30;37,028000000000006
04.07.2024;07:45;36,867000000000004
04.07.2024;08:00;36,706
04.07.2024;08:15;36,43325
04.07.2024;08:30;36,1605
04.07.2024;08:45;35,887750000000004
04.07.2024;09:00;35,615
04.07.2024;09:15;35,09625
04.07.2024;09:30;34,5775
04.07.2024;09:45;34,05875
04.07.2024;10:00;33,54
04.07.2024;10:15;33,4925
04.07.2024;10:30;33,445
04.07.2024;10:45;33,3975
04.07.2024;11:00;33,35
04.07.2024;11:15;33,349000000000004
04.07.2024;11:30;33,348
04.07.2024;11:45;33,346999999999994
04.07.2024;12:00;33,346
04.07.2024;12:15;33,22125
04.07.2024;12:30;33,0965
04.07.2024;12:45;32,97175
04.07.2024;13:00;32,847
04.07.2024;13:15;32,4955
04.07.2024;13:30;32,144
04.07.2024;13:45;31,7925
04.07.2024;14:00;31,441
04.07.2024;14:15;31,4675
04.07.2024;14:30;31,494
04.07.2024;14:45;31,5205
04.07.2024;15:00;31,547
04.07.2024;15:15;31,78025
04.07.2024;15:30;32,0135
04.07.2024;15:45;32,24675
04.07.2024;16:00;32,48
04.07.2024;16:15;32,696749999999994
04.07.2024;16:30;32,9135
04.07.2024;16:45;33,130250000000004
04.07.2024;17:00;33,347
04.07.2024;17:15;33,517
04.07.2024;17:30;33,687
04.07.2024;17:45;33,857
04.07.2024;18:00;34,027
04.07.2024;18:15;35,104
04.07.2024;18:30;36,181
04.07.2024;18:45;37,258
04.07.2024;19:00;38,335
04.07.2024;19:15;39,2615
04.07.2024;19:30;40,188
04.07.2024;19:45;41,1145
04.07.2024;20:00;42,041
04.07.2024;20:15;42,75075
04.07.2024;20:30;43,460499999999996
04.07.2024;20:45;44,17025
04.07.2024;21:00;44,88
04.07.2024;21:15;44,17025
04.07.2024;21:30;43,460499999999996
04.07.2024;21:45;42,75075
04.07.2024;22:00;42,041
04.07.2024;22:15;41,4685
04.07.2024;22:30;40,896
04.07.2024;22:45;40,323499999999996
04.07.2024;23:00;39,751
04.07.2024;23:15;38,936
04.07.2024;23:30;38,120999999999995
04.07.2024;23:45;37,306
05.07.2024;00:00;36,491
05.07.2024;00:15;36,209
05.07.2024;00:30;35,927
05.07.2024;00:45;35,644999999999996
05.07.2024;01:00;35,363
05.07.2024;01:15;35,3745
05.07.2024;01:30;35,385999999999996
05.07.2024;01:45;35,3975
05.07.2024;02:00;35,409
05.07.2024;02:15;35,388999999999996
05.07.2024;02:30;35,369
05.07.2024;02:45;35,349000000000004
05.07.2024;03:00;35,329
05.07.2024;03:15;35,05875
05.07.2024;03:30;34,7885
05.07.2024;03:45;34,518249999999995
05.07.2024;04:00;34,248
05.07.2024;04:15;34,27375
05.07.2024;04:30;34,299499999999995
05.07.2024;04:45;34,32525
05.07.2024;05:00;34,351
05.07.2024;05:15;35,055499999999995
05.07.2024;05:30;35,76
05.07.2024;05:45;36,4645
05.07.2024;06:00;37,169
05.07.2024;06:15;37,358
05.07.2024;06:30;37,547
05.07.2024;06:45;37,736
05.07.2024;07:00;37,925
05.07.2024;07:15;37,766999999999996
05.07.2024;07:30;37,608999999999995
05.07.2024;07:45;37,451
05.07.2024;08:00;37,293
05.07.2024;08:15;36,77125
05.07.2024;08:30;36,2495
05.07.2024;08:45;35,72775
05.07.2024;09:00;35,206
05.07.2024;09:15;34,81575
05.07.2024;09:30;34,4255
05.07.2024;09:45;34,035250000000005
05.07.2024;10:00;33,645
05.07.2024;10:15;33,581500000000005
05.07.2024;10:30;33,518
05.07.2024;10:45;33,454499999999996
05.07.2024;11:00;33,391
05.07.2024;11:15;33,3795
05.07.2024;11:30;33,367999999999995
05.07.2024;11:45;33,3565
05.07.2024;12:00;33,345
05.07.2024;12:15;33,33025
05.07.2024;12:30;33,3155
05.07.2024;12:45;33,30075
05.07.2024;13:00;33,286
05.07.2024;13:15;33,2825
05.07.2024;13:30;33,278999999999996
05.07.2024;13:45;33,2755
05.07.2024;14:00;33,272
05.07.2024;14:15;33,29075
05.07.2024;14:30;33,3095
05.07.2024;14:45;33,32825
05.07.2024;15:00;33,347
05.07.2024;15:15;33,396
05.07.2024;15:30;33,445
05.07.2024;15:45;33,494
05.07.2024;16:00;33,543
05.07.2024;16:15;33,915
05.07.2024;16:30;34,287
05.07.2024;16:45;34,659
05.07.2024;17:00;35,031
05.07.2024;17:15;36,2195
05.07.2024;17:30;37,408
05.07.2024;17:45;38,5965
05.07.2024;18:00;39,785
05.07.2024;18:15;40,4285
05.07.2024;18:30;41,072
05.07.2024;18:45;41,7155
05.07.2024;19:00;42,359
05.07.2024;19:15;43,66575
05.07.2024;19:30;44,9725
05.07.2024;19:45;46,27925
05.07.2024;20:00;47,586
05.07.2024;20:15;47,2865
05.07.2024;20:30;46,986999999999995
05.07.2024;20:45;46,6875
05.07.2024;21:00;46,388
05.07.2024;21:15;45,684
05.07.2024;21:30;44,980000000000004
05.07.2024;21:45;44,276
05.07.2024;22:00;43,572
05.07.2024;22:15;43,14025
05.07.2024;22:30;42,7085
05.07.2024;22:45;42,27675
05.07.2024;23:00;41,845
05.07.2024;23:15;41,94875
05.07.2024;23:30;42,052499999999995
05.07.2024;23:45;42,15625
06.07.2024;00:00;42,26
06.07.2024;00:15;41,80025
06.07.2024;00:30;41,3405
06.07.2024;00:45;40,88075
06.07.2024;01:00;40,421
06.07.2024;01:15;40,24125
06.07.2024;01:30;40,061499999999995
06.07.2024;01:45;39,88175
06.07.2024;02:00;39,702
06.07.2024;02:15;39,2755
06.07.2024;02:30;38,849000000000004
06.07.2024;02:45;38,4225
06.07.2024;03:00;37,996
06.07.2024;03:15;37,800000000000004
06.07.2024;03:30;37,604
06.07.2024;03:45;37,408
06.07.2024;04:00;37,212
06.07.2024;04:15;36,63875
06.07.2024;04:30;36,0655
06.07.2024;04:45;35,49225
06.07.2024;05:00;34,919
06.07.2024;05:15;34,67
06.07.2024;05:30;34,421
06.07.2024;05:45;34,172
06.07.2024;06:00;33,923
06.07.2024;06:15;33,914
06.07.2024;06:30;33,905
06.07.2024;06:45;33,896
06.07.2024;07:00;33,887
06.07.2024;07:15;33,8375
06.07.2024;07:30;33,788
06.07.2024;07:45;33,7385
06.07.2024;08:00;33,689
06.07.2024;08:15;33,60425
06.07.2024;08:30;33,5195
06.07.2024;08:45;33,43475
06.07.2024;09:00;33,35
06.07.2024;09:15;33,102000000000004
06.07.2024;09:30;32,854
06.07.2024;09:45;32,605999999999995
06.07.2024;10:00;32,358
06.07.2024;10:15;31,884249999999998
06.07.2024;10:30;31,4105
06.07.2024;10:45;30,93675
06.07.2024;11:00;30,463
06.07.2024;11:15;30,3675
06.07.2024;11:30;30,272
06.07.2024;11:45;30,1765
06.07.2024;12:00;30,081
06.07.2024;12:15;29,795749999999998
06.07.2024;12:30;29,5105
06.07.2024;12:45;29,225250000000003
06.07.2024;13:00;28,94
06.07.2024;13:15;28,84075
06.07.2024;13:30;28,741500000000002
06.07.2024;13:45;28,64225
06.07.2024;14:00;28,543
06.07.2024;14:15;28,87375
06.07.2024;14:30;29,2045
06.07.2024;14:45;29,535249999999998
06.07.2024;15:00;29,866
06.07.2024;15:15;30,395
06.07.2024;15:30;30,924
06.07.2024;15:45;31,453
06.07.2024;16:00;31,982
06.07.2024;16:15;32,3225
06.07.2024;16:30;32,663
06.07.2024;16:45;33,0035
06.07.2024;17:00;33,344
06.07.2024;17:15;33,3925
06.07.2024;17:30;33,441
06.07.2024;17:45;33,4895
06.07.2024;18:00;33,538
06.07.2024;18:15;33,4965
06.07.2024;18:30;33,455
06.07.2024;18:45;33,4135
06.07.2024;19:00;33,372
06.07.2024;19:15;33,53375
06.07.2024;19:30;33,695499999999996
06.07.2024;19:45;33,85725
06.07.2024;20:00;34,019
06.07.2024;20:15;34,086749999999995
06.07.2024;20:30;34,1545
06.07.2024;20:45;34,22225
06.07.2024;21:00;34,29
06.07.2024;21:15;34,504999999999995
06.07.2024;21:30;34,72
06.07.2024;21:45;34,935
06.07.2024;22:00;35,15
06.07.2024;22:15;35,0505
06.07.2024;22:30;34,951
06.07.2024;22:45;34,8515
06.07.2024;23:00;34,752
06.07.2024;23:15;34,40075
06.07.2024;23:30;34,0495
06.07.2024;23:45;33,69825
07.07.2024;00:00;33,347
07.07.2024;00:15;33,34525
07.07.2024;00:30;33,343500000000006
07.07.2024;00:45;33,341750000000005
07.07.2024;01:00;33,34
07.07.2024;01:15;33,322500000000005
07.07.2024;01:30;33,30500000000001
07.07.2024;01:45;33,2875
07.07.2024;02:00;33,27
07.07.2024;02:15;33,278000000000006
07.07.2024;02:30;33,286
07.07.2024;02:45;33,294
07.07.2024;03:00;33,302
07.07.2024;03:15;33,3125
07.07.2024;03:30;33,323
07.07.2024;03:45;33,3335
07.07.2024;04:00;33,344
07.07.2024;04:15;33,34525
07.07.2024;04:30;33,3465
07.07.2024;04:45;33,34775
07.07.2024;05:00;33,349
07.07.2024;05:15;33,349
07.07.2024;05:30;33,349
07.07.2024;05:45;33,349
07.07.2024;06:00;33,349
07.07.2024;06:15;33,349
07.07.2024;06:30;33,349
07.07.2024;06:45;33,349
07.07.2024;07:00;33,349
07.07.2024;07:15;33,33425
07.07.2024;07:30;33,3195
07.07.2024;07:45;33,30475
07.07.2024;08:00;33,29
07.07.2024;08:15;33,14275
07.07.2024;08:30;32,9955
07.07.2024;08:45;32,84825
07.07.2024;09:00;32,701
07.07.2024;09:15;32,613749999999996
07.07.2024;09:30;32,5265
07.07.2024;09:45;32,43925
07.07.2024;10:00;32,352
07.07.2024;10:15;32,3005
07.07.2024;10:30;32,248999999999995
07.07.2024;10:45;32,1975
07.07.2024;11:00;32,146
07.07.2024;11:15;32,10975
07.07.2024;11:30;32,073499999999996
07.07.2024;11:45;32,03725
07.07.2024;12:00;32,001
07.07.2024;12:15;31,778999999999996
07.07.2024;12:30;31,557
07.07.2024;12:45;31,335
07.07.2024;13:00;31,113
07.07.2024;13:15;31,14775
07.07.2024;13:30;31,182499999999997
07.07.2024;13:45;31,21725
07.07.2024;14:00;31,252
07.07.2024;14:15;31,4715
07.07.2024;14:30;31,691000000000003
07.07.2024;14:45;31,910500000000003
07.07.2024;15:00;32,13
07.07.2024;15:15;32,281000000000006
07.07.2024;15:30;32,432
07.07.2024;15:45;32,583
07.07.2024;16:00;32,734
07.07.2024;16:15;32,886
07.07.2024;16:30;33,038
07.07.2024;16:45;33,19
07.07.2024;17:00;33,342
07.07.2024;17:15;34,94375
07.07.2024;17:30;36,545500000000004
07.07.2024;17:45;38,14725
07.07.2024;18:00;39,749
07.07.2024;18:15;40,406000000000006
07.07.2024;18:30;41,063
07.07.2024;18:45;41,72
07.07.2024;19:00;42,377
07.07.2024;19:15;43,261250000000004
07.07.2024;19:30;44,1455
07.07.2024;19:45;45,02975
07.07.2024;20:00;45,914
07.07.2024;20:15;46,10225
07.07.2024;20:30;46,2905
07.07.2024;20:45;46,478750000000005
07.07.2024;21:00;46,667
07.07.2024;21:15;46,21775
07.07.2024;21:30;45,7685
07.07.2024;21:45;45,31925
07.07.2024;22:00;44,87
07.07.2024;22:15;44,41825
07.07.2024;22:30;43,966499999999996
07.07.2024;22:45;43,51475
07.07.2024;23:00;43,063
07.07.2024;23:15;42,675250000000005
07.07.2024;23:30;42,2875
07.07.2024;23:45;41,89975
08.07.2024;00:00;41,512
08.07.2024;00:15;41,38775
08.07.2024;00:30;41,2635
08.07.2024;00:45;41,139250000000004
08.07.2024;01:00;41,015
08.07.2024;01:15;40,95075
08.07.2024;01:30;40,8865
08.07.2024;01:45;40,822250000000004
08.07.2024;02:00;40,758
08.07.2024;02:15;40,849000000000004
08.07.2024;02:30;40,94
08.07.2024;02:45;41,031
08.07.2024;03:00;41,122
08.07.2024;03:15;41,086
08.07.2024;03:30;41,05
08.07.2024;03:45;41,014
08.07.2024;04:00;40,978
08.07.2024;04:15;41,082
08.07.2024;04:30;41,186
08.07.2024;04:45;41,29
08.07.2024;05:00;41,394
08.07.2024;05:15;42,1875
08.07.2024;05:30;42,980999999999995
08.07.2024;05:45;43,774499999999996
08.07.2024;06:00;44,568
08.07.2024;06:15;44,8885
08.07.2024;06:30;45,209
08.07.2024;06:45;45,5295
08.07.2024;07:00;45,85
08.07.2024;07:15;45,241
08.07.2024;07:30;44,632000000000005
08.07.2024;07:45;44,023
08.07.2024;08:00;43,414
08.07.2024;08:15;42,83825
08.07.2024;08:30;42,2625
08.07.2024;08:45;41,686749999999996
08.07.2024;09:00;41,111
08.07.2024;09:15;40,519
08.07.2024;09:30;39,927
08.07.2024;09:45;39,335
08.07.2024;10:00;38,743
08.07.2024;10:15;38,3555
08.07.2024;10:30;37,968
08.07.2024;10:45;37,5805
08.07.2024;11:00;37,193
08.07.2024;11:15;37,027
08.07.2024;11:30;36,861000000000004
08.07.2024;11:45;36,695
08.07.2024;12:00;36,529
08.07.2024;12:15;36,4705
08.07.2024;12:30;36,412000000000006
08.07.2024;12:45;36,353500000000004
08.07.2024;13:00;36,295
08.07.2024;13:15;36,29775
08.07.2024;13:30;36,3005
08.07.2024;13:45;36,30325
08.07.2024;14:00;36,306
08.07.2024;14:15;36,485749999999996
08.07.2024;14:30;36,665499999999994
08.07.2024;14:45;36,84525
08.07.2024;15:00;37,025
08.07.2024;15:15;37,70625
08.07.2024;15:30;38,3875
08.07.2024;15:45;39,06875
08.07.2024;16:00;39,75
08.07.2024;16:15;40,155
08.07.2024;16:30;40,56
08.07.2024;16:45;40,964999999999996
08.07.2024;17:00;41,37
08.07.2024;17:15;41,930749999999996
08.07.2024;17:30;42,4915
08.07.2024;17:45;43,05225
08.07.2024;18:00;43,613
08.07.2024;18:15;44,4595
08.07.2024;18:30;45,306
08.07.2024;18:45;46,1525
08.07.2024;19:00;46,999
08.07.2024;19:15;50,0205
08.07.2024;19:30;53,042
08.07.2024;19:45;56,063500000000005
08.07.2024;20:00;59,085
08.07.2024;20:15;56,9935
08.07.2024;20:30;54,902
08.07.2024;20:45;52,810500000000005
08.07.2024;21:00;50,719
08.07.2024;21:15;49,218
08.07.2024;21:30;47,717
08.07.2024;21:45;46,216
08.07.2024;22:00;44,715
08.07.2024;22:15;44,17425
08.07.2024;22:30;43,6335
08.07.2024;22:45;43,09275
08.07.2024;23:00;42,552
08.07.2024;23:15;42,8895
08.07.2024;23:30;43,227000000000004
08.07.2024;23:45;43,5645
09.07.2024;00:00;43,902
09.07.2024;00:15;43,663
09.07.2024;00:30;43,424
09.07.2024;00:45;43,185
09.07.2024;01:00;42,946
09.07.2024;01:15;42,873999999999995
09.07.2024;01:30;42,802
09.07.2024;01:45;42,730000000000004
09.07.2024;02:00;42,658
09.07.2024;02:15;42,6095
09.07.2024;02:30;42,561
09.07.2024;02:45;42,5125
09.07.2024;03:00;42,464
09.07.2024;03:15;42,376999999999995
09.07.2024;03:30;42,29
09.07.2024;03:45;42,203
09.07.2024;04:00;42,116
09.07.2024;04:15;42,34525
09.07.2024;04:30;42,5745
09.07.2024;04:45;42,80375
09.07.2024;05:00;43,033
09.07.2024;05:15;43,39675
09.07.2024;05:30;43,7605
09.07.2024;05:45;44,12425
09.07.2024;06:00;44,488
09.07.2024;06:15;44,2975
09.07.2024;06:30;44,107
09.07.2024;06:45;43,9165
09.07.2024;07:00;43,726
09.07.2024;07:15;43,482
09.07.2024;07:30;43,238
09.07.2024;07:45;42,994
09.07.2024;08:00;42,75
09.07.2024;08:15;42,0815
09.07.2024;08:30;41,413
09.07.2024;08:45;40,7445
09.07.2024;09:00;40,076
09.07.2024;09:15;39,560249999999996
09.07.2024;09:30;39,0445
09.07.2024;09:45;38,52875
09.07.2024;10:00;38,013
09.07.2024;10:15;37,69
09.07.2024;10:30;37,367
09.07.2024;10:45;37,044
09.07.2024;11:00;36,721
09.07.2024;11:15;36,427
09.07.2024;11:30;36,132999999999996
09.07.2024;11:45;35,839
09.07.2024;12:00;35,545
09.07.2024;12:15;35,12225
09.07.2024;12:30;34,6995
09.07.2024;12:45;34,27675
09.07.2024;13:00;33,854
09.07.2024;13:15;33,79575
09.07.2024;13:30;33,7375
09.07.2024;13:45;33,67925
09.07.2024;14:00;33,621
09.07.2024;14:15;33,83025
09.07.2024;14:30;34,039500000000004
09.07.2024;14:45;34,24875
09.07.2024;15:00;34,458
09.07.2024;15:15;35,524249999999995
09.07.2024;15:30;36,5905
09.07.2024;15:45;37,65675
09.07.2024;16:00;38,723
09.07.2024;16:15;39,422
09.07.2024;16:30;40,120999999999995
09.07.2024;16:45;40,82
09.07.2024;17:00;41,519
09.07.2024;17:15;41,9585
09.07.2024;17:30;42,397999999999996
09.07.2024;17:45;42,8375
09.07.2024;18:00;43,277
09.07.2024;18:15;44,582750000000004
09.07.2024;18:30;45,8885
09.07.2024;18:45;47,19425
09.07.2024;19:00;48,5
09.07.2024;19:15;48,4035
09.07.2024;19:30;48,307
09.07.2024;19:45;48,210499999999996
09.07.2024;20:00;48,114
09.07.2024;20:15;47,126
09.07.2024;20:30;46,138
09.07.2024;20:45;45,15
09.07.2024;21:00;44,162
09.07.2024;21:15;43,610749999999996
09.07.2024;21:30;43,0595
09.07.2024;21:45;42,508250000000004
09.07.2024;22:00;41,957
09.07.2024;22:15;41,5275
09.07.2024;22:30;41,098
09.07.2024;22:45;40,668499999999995
09.07.2024;23:00;40,239
09.07.2024;23:15;39,89175
09.07.2024;23:30;39,5445
09.07.2024;23:45;39,19725
10.07.2024;00:00;38,85
10.07.2024;00:15;38,847500000000004
10.07.2024;00:30;38,845
10.07.2024;00:45;38,8425
10.07.2024;01:00;38,84
10.07.2024;01:15;38,8155
10.07.2024;01:30;38,791
10.07.2024;01:45;38,7665
10.07.2024;02:00;38,742
10.07.2024;02:15;38,768499999999996
10.07.2024;02:30;38,795
10.07.2024;02:45;38,8215
10.07.2024;03:00;38,848
10.07.2024;03:15;38,9715
10.07.2024;03:30;39,095
10.07.2024;03:45;39,2185
10.07.2024;04:00;39,342
10.07.2024;04:15;39,4975
10.07.2024;04:30;39,653
10.07.2024;04:45;39,808499999999995
10.07.2024;05:00;39,964
10.07.2024;05:15;40,422
10.07.2024;05:30;40,879999999999995
10.07.2024;05:45;41,338
10.07.2024;06:00;41,796
10.07.2024;06:15;42,346000000000004
10.07.2024;06:30;42,896
10.07.2024;06:45;43,446
10.07.2024;07:00;43,996
10.07.2024;07:15;43,884750000000004
10.07.2024;07:30;43,7735
10.07.2024;07:45;43,66225
10.07.2024;08:00;43,551
10.07.2024;08:15;43,124
10.07.2024;08:30;42,697
10.07.2024;08:45;42,27
10.07.2024;09:00;41,843
10.07.2024;09:15;41,344750000000005
10.07.2024;09:30;40,846500000000006
10.07.2024;09:45;40,34825
10.07.2024;10:00;39,85
10.07.2024;10:15;39,61925
10.07.2024;10:30;39,3885
10.07.2024;10:45;39,15775
10.07.2024;11:00;38,927
10.07.2024;11:15;38,711
10.07.2024;11:30;38,495000000000005
10.07.2024;11:45;38,279
10.07.2024;12:00;38,063
10.07.2024;12:15;37,99925
10.07.2024;12:30;37,935500000000005
10.07.2024;12:45;37,87175
10.07.2024;13:00;37,808
10.07.2024;13:15;38,0685
10.07.2024;13:30;38,329
10.07.2024;13:45;38,5895
10.07.2024;14:00;38,85
10.07.2024;14:15;38,93575
10.07.2024;14:30;39,0215
10.07.2024;14:45;39,10725
10.07.2024;15:00;39,193
10.07.2024;15:15;39,41925
10.07.2024;15:30;39,6455
10.07.2024;15:45;39,87175
10.07.2024;16:00;40,098
10.07.2024;16:15;40,4145
10.07.2024;16:30;40,730999999999995
10.07.2024;16:45;41,0475
10.07.2024;17:00;41,364
10.07.2024;17:15;41,37875
10.07.2024;17:30;41,3935
10.07.2024;17:45;41,40825
10.07.2024;18:00;41,423
10.07.2024;18:15;41,89775
10.07.2024;18:30;42,3725
10.07.2024;18:45;42,84725
10.07.2024;19:00;43,322
10.07.2024;19:15;44,544250000000005
10.07.2024;19:30;45,7665
10.07.2024;19:45;46,988749999999996
10.07.2024;20:00;48,211
10.07.2024;20:15;48,59775
10.07.2024;20:30;48,9845
10.07.2024;20:45;49,37125
10.07.2024;21:00;49,758
10.07.2024;21:15;48,505250000000004
10.07.2024;21:30;47,2525
10.07.2024;21:45;45,99975
10.07.2024;22:00;44,747
10.07.2024;22:15;44,22075
10.07.2024;22:30;43,694500000000005
10.07.2024;22:45;43,16825
10.07.2024;23:00;42,642
10.07.2024;23:15;42,719500000000004
10.07.2024;23:30;42,797
10.07.2024;23:45;42,8745
11.07.2024;00:00;42,952
11.07.2024;00:15;42,55025
11.07.2024;00:30;42,1485
11.07.2024;00:45;41,74675
11.07.2024;01:00;41,345
11.07.2024;01:15;41,27275
11.07.2024;01:30;41,2005
11.07.2024;01:45;41,128249999999994
11.07.2024;02:00;41,056
11.07.2024;02:15;41,1195
11.07.2024;02:30;41,183
11.07.2024;02:45;41,2465
11.07.2024;03:00;41,31
11.07.2024;03:15;41,32775
11.07.2024;03:30;41,3455
11.07.2024;03:45;41,36325
11.07.2024;04:00;41,381
11.07.2024;04:15;41,42275
11.07.2024;04:30;41,4645
11.07.2024;04:45;41,50625
11.07.2024;05:00;41,548
11.07.2024;05:15;42,191250000000004
11.07.2024;05:30;42,834500000000006
11.07.2024;05:45;43,47775
11.07.2024;06:00;44,121
11.07.2024;06:15;44,428250000000006
11.07.2024;06:30;44,7355
11.07.2024;06:45;45,04275
11.07.2024;07:00;45,35
11.07.2024;07:15;45,01325
11.07.2024;07:30;44,676500000000004
11.07.2024;07:45;44,33975
11.07.2024;08:00;44,003
11.07.2024;08:15;43,5675
11.07.2024;08:30;43,132000000000005
11.07.2024;08:45;42,6965
11.07.2024;09:00;42,261
11.07.2024;09:15;42,0505
11.07.2024;09:30;41,84
11.07.2024;09:45;41,6295
11.07.2024;10:00;41,419
11.07.2024;10:15;41,06675
11.07.2024;10:30;40,7145
11.07.2024;10:45;40,362249999999996
11.07.2024;11:00;40,01
11.07.2024;11:15;39,781
11.07.2024;11:30;39,552
11.07.2024;11:45;39,323
11.07.2024;12:00;39,094
11.07.2024;12:15;38,8505
11.07.2024;12:30;38,607
11.07.2024;12:45;38,3635
11.07.2024;13:00;38,12
11.07.2024;13:15;38,0395
11.07.2024;13:30;37,959
11.07.2024;13:45;37,8785
11.07.2024;14:00;37,798
11.07.2024;14:15;37,938500000000005
11.07.2024;14:30;38,079
11.07.2024;14:45;38,2195
11.07.2024;15:00;38,36
11.07.2024;15:15;38,632
11.07.2024;15:30;38,903999999999996
11.07.2024;15:45;39,176
11.07.2024;16:00;39,448
11.07.2024;16:15;39,97125
11.07.2024;16:30;40,4945
11.07.2024;16:45;41,01775
11.07.2024;17:00;41,541
11.07.2024;17:15;41,78275
11.07.2024;17:30;42,0245
11.07.2024;17:45;42,26625
11.07.2024;18:00;42,508
11.07.2024;18:15;43,218500000000006
11.07.2024;18:30;43,929
11.07.2024;18:45;44,6395
11.07.2024;19:00;45,35
11.07.2024;19:15;46,95825
11.07.2024;19:30;48,566500000000005
11.07.2024;19:45;50,17475
11.07.2024;20:00;51,783
11.07.2024;20:15;51,34325
11.07.2024;20:30;50,9035
11.07.2024;20:45;50,463750000000005
11.07.2024;21:00;50,024
11.07.2024;21:15;48,895250000000004
11.07.2024;21:30;47,7665
11.07.2024;21:45;46,63775
11.07.2024;22:00;45,509
11.07.2024;22:15;44,92225
11.07.2024;22:30;44,335499999999996
11.07.2024;22:45;43,74875
11.07.2024;23:00;43,162
11.07.2024;23:15;43,2695
11.07.2024;23:30;43,376999999999995
11.07.2024;23:45;43,4845
12.07.2024;00:00;43,592
12.07.2024;00:15;43,21425
12.07.2024;00:30;42,8365
12.07.2024;00:45;42,45875
12.07.2024;01:00;42,081
12.07.2024;01:15;41,97
12.07.2024;01:30;41,859
12.07.2024;01:45;41,748000000000005
12.07.2024;02:00;41,637
12.07.2024;02:15;41,641
12.07.2024;02:30;41,644999999999996
12.07.2024;02:45;41,649
12.07.2024;03:00;41,653
12.07.2024;03:15;41,6325
12.07.2024;03:30;41,611999999999995
12.07.2024;03:45;41,591499999999996
12.07.2024;04:00;41,571
12.07.2024;04:15;41,622
12.07.2024;04:30;41,673
12.07.2024;04:45;41,724
12.07.2024;05:00;41,775
12.07.2024;05:15;42,36725
12.07.2024;05:30;42,9595
12.07.2024;05:45;43,55175
12.07.2024;06:00;44,144
12.07.2024;06:15;44,1935
12.07.2024;06:30;44,242999999999995
12.07.2024;06:45;44,2925
12.07.2024;07:00;44,342
12.07.2024;07:15;44,334
12.07.2024;07:30;44,326
12.07.2024;07:45;44,318
12.07.2024;08:00;44,31
12.07.2024;08:15;44,13
12.07.2024;08:30;43,95
12.07.2024;08:45;43,77
12.07.2024;09:00;43,59
12.07.2024;09:15;43,42675
12.07.2024;09:30;43,2635
12.07.2024;09:45;43,10025
12.07.2024;10:00;42,937
12.07.2024;10:15;42,786
12.07.2024;10:30;42,635
12.07.2024;10:45;42,483999999999995
12.07.2024;11:00;42,333
12.07.2024;11:15;42,168499999999995
12.07.2024;11:30;42,004
12.07.2024;11:45;41,8395
12.07.2024;12:00;41,675
12.07.2024;12:15;41,558749999999996
12.07.2024;12:30;41,442499999999995
12.07.2024;12:45;41,32625
12.07.2024;13:00;41,21
12.07.2024;13:15;41,196
12.07.2024;13:30;41,182
12.07.2024;13:45;41,168000000000006
12.07.2024;14:00;41,154
12.07.2024;14:15;41,15775
12.07.2024;14:30;41,161500000000004
12.07.2024;14:45;41,16525
12.07.2024;15:00;41,169
12.07.2024;15:15;41,357
12.07.2024;15:30;41,545
12.07.2024;15:45;41,733
12.07.2024;16:00;41,921
12.07.2024;16:15;41,91675
12.07.2024;16:30;41,9125
12.07.2024;16:45;41,90825
12.07.2024;17:00;41,904
12.07.2024;17:15;42,072
12.07.2024;17:30;42,24
12.07.2024;17:45;42,408
12.07.2024;18:00;42,576
12.07.2024;18:15;42,82925
12.07.2024;18:30;43,082499999999996
12.07.2024;18:45;43,33575
12.07.2024;19:00;43,589
12.07.2024;19:15;43,3615
12.07.2024;19:30;43,134
12.07.2024;19:45;42,9065
12.07.2024;20:00;42,679
12.07.2024;20:15;42,712
12.07.2024;20:30;42,745000000000005
12.07.2024;20:45;42,778
12.07.2024;21:00;42,811
12.07.2024;21:15;42,58725
12.07.2024;21:30;42,3635
12.07.2024;21:45;42,13975
12.07.2024;22:00;41,916
12.07.2024;22:15;41,75225
12.07.2024;22:30;41,588499999999996
12.07.2024;22:45;41,42475
12.07.2024;23:00;41,261
12.07.2024;23:15;40,5495
12.07.2024;23:30;39,838
12.07.2024;23:45;39,1265
13.07.2024;00:00;38,415
13.07.2024;00:15;38,41175
13.07.2024;00:30;38,408500000000004
13.07.2024;00:45;38,40525
13.07.2024;01:00;38,402
13.07.2024;01:15;38,062
13.07.2024;01:30;37,722
13.07.2024;01:45;37,382000000000005
13.07.2024;02:00;37,042
13.07.2024;02:15;37,06075
13.07.2024;02:30;37,079499999999996
13.07.2024;02:45;37,09825
13.07.2024;03:00;37,117
13.07.2024;03:15;36,993249999999996
13.07.2024;03:30;36,8695
13.07.2024;03:45;36,74575
13.07.2024;04:00;36,622
13.07.2024;04:15;36,58025
13.07.2024;04:30;36,5385
13.07.2024;04:45;36,49675
13.07.2024;05:00;36,455
13.07.2024;05:15;36,44525
13.07.2024;05:30;36,4355
13.07.2024;05:45;36,425749999999994
13.07.2024;06:00;36,416
13.07.2024;06:15;36,345
13.07.2024;06:30;36,274
13.07.2024;06:45;36,202999999999996
13.07.2024;07:00;36,132
13.07.2024;07:15;36,1015
13.07.2024;07:30;36,071
13.07.2024;07:45;36,040499999999994
13.07.2024;08:00;36,01
13.07.2024;08:15;35,86925
13.07.2024;08:30;35,7285
13.07.2024;08:45;35,58775
13.07.2024;09:00;35,447
13.07.2024;09:15;35,05175
13.07.2024;09:30;34,6565
13.07.2024;09:45;34,261250000000004
13.07.2024;10:00;33,866
13.07.2024;10:15;33,738
13.07.2024;10:30;33,61
13.07.2024;10:45;33,482
13.07.2024;11:00;33,354
13.07.2024;11:15;33,35275
13.07.2024;11:30;33,3515
13.07.2024;11:45;33,350249999999996
13.07.2024;12:00;33,349
13.07.2024;12:15;33,22425
13.07.2024;12:30;33,0995
13.07.2024;12:45;32,97475
13.07.2024;13:00;32,85
13.07.2024;13:15;32,6025
13.07.2024;13:30;32,355000000000004
13.07.2024;13:45;32,1075
13.07.2024;14:00;31,86
13.07.2024;14:15;31,94575
13.07.2024;14:30;32,0315
13.07.2024;14:45;32,11725
13.07.2024;15:00;32,203
13.07.2024;15:15;32,402750000000005
13.07.2024;15:30;32,602500000000006
13.07.2024;15:45;32,80225
13.07.2024;16:00;33,002
13.07.2024;16:15;33,088750000000005
13.07.2024;16:30;33,1755
13.07.2024;16:45;33,262249999999995
13.07.2024;17:00;33,349
13.07.2024;17:15;34,0685
13.07.2024;17:30;34,788
13.07.2024;17:45;35,50749999999999
13.07.2024;18:00;36,227
13.07.2024;18:15;36,766
13.07.2024;18:30;37,305
13.07.2024;18:45;37,844
13.07.2024;19:00;38,383
13.07.2024;19:15;39,011
13.07.2024;19:30;39,639
13.07.2024;19:45;40,267
13.07.2024;20:00;40,895
13.07.2024;20:15;40,91525
13.07.2024;20:30;40,935500000000005
13.07.2024;20:45;40,95575
13.07.2024;21:00;40,976
13.07.2024;21:15;41,0405
13.07.2024;21:30;41,105000000000004
13.07.2024;21:45;41,1695
13.07.2024;22:00;41,234
13.07.2024;22:15;40,838
13.07.2024;22:30;40,442
13.07.2024;22:45;40,046
13.07.2024;23:00;39,65
13.07.2024;23:15;40,29875
13.07.2024;23:30;40,9475
13.07.2024;23:45;41,59625
14.07.2024;00:00;42,245
14.07.2024;00:15;41,601
14.07.2024;00:30;40,956999999999994
14.07.2024;00:45;40,312999999999995
14.07.2024;01:00;39,669
14.07.2024;01:15;39,4755
14.07.2024;01:30;39,282
14.07.2024;01:45;39,0885
14.07.2024;02:00;38,895
14.07.2024;02:15;38,61625
14.07.2024;02:30;38,337500000000006
14.07.2024;02:45;38,05875
14.07.2024;03:00;37,78
14.07.2024;03:15;37,62075
14.07.2024;03:30;37,4615
14.07.2024;03:45;37,30225
14.07.2024;04:00;37,143
14.07.2024;04:15;37,115
14.07.2024;04:30;37,087
14.07.2024;04:45;37,059
14.07.2024;05:00;37,031
14.07.2024;05:15;36,90975
14.07.2024;05:30;36,7885
14.07.2024;05:45;36,667249999999996
14.07.2024;06:00;36,546
14.07.2024;06:15;36,104
14.07.2024;06:30;35,662
14.07.2024;06:45;35,22
14.07.2024;07:00;34,778
14.07.2024;07:15;34,42825
14.07.2024;07:30;34,0785
14.07.2024;07:45;33,72875
14.07.2024;08:00;33,379
14.07.2024;08:15;33,289
14.07.2024;08:30;33,199
14.07.2024;08:45;33,108999999999995
14.07.2024;09:00;33,019
14.07.2024;09:15;32,573499999999996
14.07.2024;09:30;32,128
14.07.2024;09:45;31,682499999999997
14.07.2024;10:00;31,237
14.07.2024;10:15;30,76325
14.07.2024;10:30;30,289499999999997
14.07.2024;10:45;29,815749999999998
14.07.2024;11:00;29,342
14.07.2024;11:15;28,85725
14.07.2024;11:30;28,3725
14.07.2024;11:45;27,887749999999997
14.07.2024;12:00;27,403
14.07.2024;12:15;27,04075
14.07.2024;12:30;26,6785
14.07.2024;12:45;26,31625
14.07.2024;13:00;25,954
14.07.2024;13:15;25,954
14.07.2024;13:30;25,954
14.07.2024;13:45;25,954
14.07.2024;14:00;25,954
14.07.2024;14:15;26,5075
14.07.2024;14:30;27,061
14.07.2024;14:45;27,6145
14.07.2024;15:00;28,168
14.07.2024;15:15;28,96275
14.07.2024;15:30;29,7575
14.07.2024;15:45;30,55225
14.07.2024;16:00;31,347
14.07.2024;16:15;31,8465
14.07.2024;16:30;32,346000000000004
14.07.2024;16:45;32,8455
14.07.2024;17:00;33,345
14.07.2024;17:15;34,50975
14.07.2024;17:30;35,674499999999995
14.07.2024;17:45;36,83925
14.07.2024;18:00;38,004
14.07.2024;18:15;39,13875
14.07.2024;18:30;40,2735
14.07.2024;18:45;41,408249999999995
14.07.2024;19:00;42,543
14.07.2024;19:15;43,13975
14.07.2024;19:30;43,7365
14.07.2024;19:45;44,33325
14.07.2024;20:00;44,93
14.07.2024;20:15;44,752
14.07.2024;20:30;44,574
14.07.2024;20:45;44,396
14.07.2024;21:00;44,218
14.07.2024;21:15;44,147000000000006
14.07.2024;21:30;44,076
14.07.2024;21:45;44,004999999999995
14.07.2024;22:00;43,934
14.07.2024;22:15;43,4645
14.07.2024;22:30;42,995
14.07.2024;22:45;42,525499999999994
14.07.2024;23:00;42,056
14.07.2024;23:15;41,863249999999994
14.07.2024;23:30;41,6705
14.07.2024;23:45;41,47775
15.07.2024;00:00;41,285
15.07.2024;00:15;40,957249999999995
15.07.2024;00:30;40,62949999999999
15.07.2024;00:45;40,30175
15.07.2024;01:00;39,974
15.07.2024;01:15;39,77225
15.07.2024;01:30;39,570499999999996
15.07.2024;01:45;39,36875
15.07.2024;02:00;39,167
15.07.2024;02:15;39,2885
15.07.2024;02:30;39,41
15.07.2024;02:45;39,5315
15.07.2024;03:00;39,653
15.07.2024;03:15;39,77275
15.07.2024;03:30;39,8925
15.07.2024;03:45;40,012249999999995
15.07.2024;04:00;40,132
15.07.2024;04:15;40,43825
15.07.2024;04:30;40,7445
15.07.2024;04:45;41,05075
15.07.2024;05:00;41,357
15.07.2024;05:15;42,35525
15.07.2024;05:30;43,3535
15.07.2024;05:45;44,35175
15.07.2024;06:00;45,35
15.07.2024;06:15;45,9525
15.07.2024;06:30;46,555
15.07.2024;06:45;47,1575
15.07.2024;07:00;47,76
15.07.2024;07:15;46,40175
15.07.2024;07:30;45,043499999999995
15.07.2024;07:45;43,685249999999996
15.07.2024;08:00;42,327
15.07.2024;08:15;41,565
15.07.2024;08:30;40,803
15.07.2024;08:45;40,041000000000004
15.07.2024;09:00;39,279
15.07.2024;09:15;38,68475
15.07.2024;09:30;38,090500000000006
15.07.2024;09:45;37,49625
15.07.2024;10:00;36,902
15.07.2024;10:15;36,29625
15.07.2024;10:30;35,6905
15.07.2024;10:45;35,08475
15.07.2024;11:00;34,479
15.07.2024;11:15;34,198499999999996
15.07.2024;11:30;33,918
15.07.2024;11:45;33,6375
15.07.2024;12:00;33,357
15.07.2024;12:15;33,355
15.07.2024;12:30;33,352999999999994
15.07.2024;12:45;33,351
15.07.2024;13:00;33,349
15.07.2024;13:15;33,3475
15.07.2024;13:30;33,346000000000004
15.07.2024;13:45;33,344500000000004
15.07.2024;14:00;33,343
15.07.2024;14:15;33,43325
15.07.2024;14:30;33,5235
15.07.2024;14:45;33,61375
15.07.2024;15:00;33,704
15.07.2024;15:15;34,722750000000005
15.07.2024;15:30;35,7415
15.07.2024;15:45;36,76025
15.07.2024;16:00;37,779
15.07.2024;16:15;38,72175
15.07.2024;16:30;39,664500000000004
15.07.2024;16:45;40,60725
15.07.2024;17:00;41,55
15.07.2024;17:15;42,35875
15.07.2024;17:30;43,1675
15.07.2024;17:45;43,97624999999999
15.07.2024;18:00;44,785
15.07.2024;18:15;47,031
15.07.2024;18:30;49,277
15.07.2024;18:45;51,522999999999996
15.07.2024;19:00;53,769
15.07.2024;19:15;54,28825
15.07.2024;19:30;54,8075
15.07.2024;19:45;55,32675
15.07.2024;20:00;55,846
15.07.2024;20:15;53,811
15.07.2024;20:30;51,775999999999996
15.07.2024;20:45;49,741
15.07.2024;21:00;47,706
15.07.2024;21:15;46,429
15.07.2024;21:30;45,152
15.07.2024;21:45;43,875
15.07.2024;22:00;42,598
15.07.2024;22:15;42,2885
15.07.2024;22:30;41,979
15.07.2024;22:45;41,6695
15.07.2024;23:00;41,36
15.07.2024;23:15;41,27225
15.07.2024;23:30;41,1845
15.07.2024;23:45;41,09675
16.07.2024;00:00;41,009
16.07.2024;00:15;40,6885
16.07.2024;00:30;40,367999999999995
16.07.2024;00:45;40,0475
16.07.2024;01:00;39,727
16.07.2024;01:15;39,44499999999999
16.07.2024;01:30;39,163
16.07.2024;01:45;38,881
16.07.2024;02:00;38,599
16.07.2024;02:15;38,207249999999995
16.07.2024;02:30;37,8155
16.07.2024;02:45;37,42375
16.07.2024;03:00;37,032
16.07.2024;03:15;37,0655
16.07.2024;03:30;37,099
16.07.2024;03:45;37,13249999999999
16.07.2024;04:00;37,166
16.07.2024;04:15;37,47
16.07.2024;04:30;37,774
16.07.2024;04:45;38,077999999999996
16.07.2024;05:00;38,382
16.07.2024;05:15;39,13275
16.07.2024;05:30;39,8835
16.07.2024;05:45;40,634249999999994
16.07.2024;06:00;41,385
16.07.2024;06:15;41,65
16.07.2024;06:30;41,915
16.07.2024;06:45;42,18
16.07.2024;07:00;42,445
16.07.2024;07:15;42,278999999999996
16.07.2024;07:30;42,113
16.07.2024;07:45;41,947
16.07.2024;08:00;41,781
16.07.2024;08:15;41,2425
16.07.2024;08:30;40,704
16.07.2024;08:45;40,1655
16.07.2024;09:00;39,627
16.07.2024;09:15;38,595
16.07.2024;09:30;37,563
16.07.2024;09:45;36,531000000000006
16.07.2024;10:00;35,499
16.07.2024;10:15;34,96325
16.07.2024;10:30;34,4275
16.07.2024;10:45;33,89175
16.07.2024;11:00;33,356
16.07.2024;11:15;33,15375
16.07.2024;11:30;32,951499999999996
16.07.2024;11:45;32,749249999999996
16.07.2024;12:00;32,547
16.07.2024;12:15;32,471999999999994
16.07.2024;12:30;32,397
16.07.2024;12:45;32,322
16.07.2024;13:00;32,247
16.07.2024;13:15;32,235749999999996
16.07.2024;13:30;32,2245
16.07.2024;13:45;32,21325
16.07.2024;14:00;32,202
16.07.2024;14:15;32,210499999999996
16.07.2024;14:30;32,218999999999994
16.07.2024;14:45;32,2275
16.07.2024;15:00;32,236
16.07.2024;15:15;32,456999999999994
16.07.2024;15:30;32,678
16.07.2024;15:45;32,899
16.07.2024;16:00;33,12
16.07.2024;16:15;33,7305
16.07.2024;16:30;34,340999999999994
16.07.2024;16:45;34,951499999999996
16.07.2024;17:00;35,562
16.07.2024;17:15;36,5845
16.07.2024;17:30;37,607
16.07.2024;17:45;38,6295
16.07.2024;18:00;39,652
16.07.2024;18:15;40,12625
16.07.2024;18:30;40,6005
16.07.2024;18:45;41,07475
16.07.2024;19:00;41,549
16.07.2024;19:15;42,539249999999996
16.07.2024;19:30;43,5295
16.07.2024;19:45;44,51975
16.07.2024;20:00;45,51
16.07.2024;20:15;45,327
16.07.2024;20:30;45,144
16.07.2024;20:45;44,961
16.07.2024;21:00;44,778
16.07.2024;21:15;44,56625
16.07.2024;21:30;44,3545
16.07.2024;21:45;44,14275
16.07.2024;22:00;43,931
16.07.2024;22:15;43,393499999999996
16.07.2024;22:30;42,855999999999995
16.07.2024;22:45;42,3185
16.07.2024;23:00;41,781
16.07.2024;23:15;41,85825
16.07.2024;23:30;41,935500000000005
16.07.2024;23:45;42,012750000000004
17.07.2024;00:00;42,09
17.07.2024;00:15;41,7295
17.07.2024;00:30;41,369
17.07.2024;00:45;41,008500000000005
17.07.2024;01:00;40,648
17.07.2024;01:15;40,644000000000005
17.07.2024;01:30;40,64
17.07.2024;01:45;40,635999999999996
17.07.2024;02:00;40,632
17.07.2024;02:15;40,574749999999995
17.07.2024;02:30;40,5175
17.07.2024;02:45;40,46025
17.07.2024;03:00;40,403
17.07.2024;03:15;40,416
17.07.2024;03:30;40,429
17.07.2024;03:45;40,442
17.07.2024;04:00;40,455
17.07.2024;04:15;40,61475
17.07.2024;04:30;40,7745
17.07.2024;04:45;40,93425
17.07.2024;05:00;41,094
17.07.2024;05:15;41,40925
17.07.2024;05:30;41,7245
17.07.2024;05:45;42,03975
17.07.2024;06:00;42,355
17.07.2024;06:15;42,59775
17.07.2024;06:30;42,8405
17.07.2024;06:45;43,08325
17.07.2024;07:00;43,326
17.07.2024;07:15;43,4745
17.07.2024;07:30;43,623000000000005
17.07.2024;07:45;43,7715
17.07.2024;08:00;43,92
17.07.2024;08:15;43,206
17.07.2024;08:30;42,492000000000004
17.07.2024;08:45;41,778
17.07.2024;09:00;41,064
17.07.2024;09:15;40,59025
17.07.2024;09:30;40,1165
17.07.2024;09:45;39,64275
17.07.2024;10:00;39,169
17.07.2024;10:15;38,757999999999996
17.07.2024;10:30;38,346999999999994
17.07.2024;10:45;37,936
17.07.2024;11:00;37,525
17.07.2024;11:15;37,296
17.07.2024;11:30;37,067
17.07.2024;11:45;36,838
17.07.2024;12:00;36,609
17.07.2024;12:15;36,3405
17.07.2024;12:30;36,072
17.07.2024;12:45;35,8035
17.07.2024;13:00;35,535
17.07.2024;13:15;35,25875
17.07.2024;13:30;34,9825
17.07.2024;13:45;34,70625
17.07.2024;14:00;34,43
17.07.2024;14:15;34,49675
17.07.2024;14:30;34,563500000000005
17.07.2024;14:45;34,630250000000004
17.07.2024;15:00;34,697
17.07.2024;15:15;35,33225
17.07.2024;15:30;35,9675
17.07.2024;15:45;36,60275
17.07.2024;16:00;37,238
17.07.2024;16:15;37,808
17.07.2024;16:30;38,378
17.07.2024;16:45;38,948
17.07.2024;17:00;39,518
17.07.2024;17:15;40,04925
17.07.2024;17:30;40,5805
17.07.2024;17:45;41,11175
17.07.2024;18:00;41,643
17.07.2024;18:15;42,242000000000004
17.07.2024;18:30;42,841
17.07.2024;18:45;43,44
17.07.2024;19:00;44,039
17.07.2024;19:15;46,0655
17.07.2024;19:30;48,092
17.07.2024;19:45;50,118500000000004
17.07.2024;20:00;52,145
17.07.2024;20:15;51,033
17.07.2024;20:30;49,92100000000001
17.07.2024;20:45;48,809000000000005
17.07.2024;21:00;47,697
17.07.2024;21:15;46,983000000000004
17.07.2024;21:30;46,269000000000005
17.07.2024;21:45;45,555
17.07.2024;22:00;44,841
17.07.2024;22:15;44,2885
17.07.2024;22:30;43,736000000000004
17.07.2024;22:45;43,1835
17.07.2024;23:00;42,631
17.07.2024;23:15;42,56
17.07.2024;23:30;42,489000000000004
17.07.2024;23:45;42,418
18.07.2024;00:00;42,347
18.07.2024;00:15;42,105000000000004
18.07.2024;00:30;41,863
18.07.2024;00:45;41,620999999999995
18.07.2024;01:00;41,379
18.07.2024;01:15;41,348
18.07.2024;01:30;41,317
18.07.2024;01:45;41,286
18.07.2024;02:00;41,255
18.07.2024;02:15;41,24225
18.07.2024;02:30;41,2295
18.07.2024;02:45;41,216750000000005
18.07.2024;03:00;41,204
18.07.2024;03:15;41,22225
18.07.2024;03:30;41,2405
18.07.2024;03:45;41,25875
18.07.2024;04:00;41,277
18.07.2024;04:15;41,597750000000005
18.07.2024;04:30;41,9185
18.07.2024;04:45;42,23925
18.07.2024;05:00;42,56
18.07.2024;05:15;43,2795
18.07.2024;05:30;43,999
18.07.2024;05:45;44,718500000000006
18.07.2024;06:00;45,438
18.07.2024;06:15;45,097750000000005
18.07.2024;06:30;44,7575
18.07.2024;06:45;44,417249999999996
18.07.2024;07:00;44,077
18.07.2024;07:15;43,81375
18.07.2024;07:30;43,5505
18.07.2024;07:45;43,28725
18.07.2024;08:00;43,024
18.07.2024;08:15;42,586
18.07.2024;08:30;42,147999999999996
18.07.2024;08:45;41,71
18.07.2024;09:00;41,272
18.07.2024;09:15;40,8875
18.07.2024;09:30;40,503
18.07.2024;09:45;40,1185
18.07.2024;10:00;39,734
18.07.2024;10:15;39,316250000000004
18.07.2024;10:30;38,8985
18.07.2024;10:45;38,48075
18.07.2024;11:00;38,063
18.07.2024;11:15;37,760000000000005
18.07.2024;11:30;37,457
18.07.2024;11:45;37,153999999999996
18.07.2024;12:00;36,851
18.07.2024;12:15;36,82475
18.07.2024;12:30;36,798500000000004
18.07.2024;12:45;36,77225
18.07.2024;13:00;36,746
18.07.2024;13:15;36,822250000000004
18.07.2024;13:30;36,8985
18.07.2024;13:45;36,97475
18.07.2024;14:00;37,051
18.07.2024;14:15;37,34525
18.07.2024;14:30;37,6395
18.07.2024;14:45;37,93375
18.07.2024;15:00;38,228
18.07.2024;15:15;38,697500000000005
18.07.2024;15:30;39,167
18.07.2024;15:45;39,6365
18.07.2024;16:00;40,106
18.07.2024;16:15;40,554
18.07.2024;16:30;41,002
18.07.2024;16:45;41,45
18.07.2024;17:00;41,898
18.07.2024;17:15;42,061
18.07.2024;17:30;42,224000000000004
18.07.2024;17:45;42,387
18.07.2024;18:00;42,55
18.07.2024;18:15;43,5045
18.07.2024;18:30;44,459
18.07.2024;18:45;45,4135
18.07.2024;19:00;46,368
18.07.2024;19:15;48,8035
18.07.2024;19:30;51,239000000000004
18.07.2024;19:45;53,6745
18.07.2024;20:00;56,11
18.07.2024;20:15;55,0315
18.07.2024;20:30;53,953
18.07.2024;20:45;52,8745
18.07.2024;21:00;51,796
18.07.2024;21:15;50,173
18.07.2024;21:30;48,55
18.07.2024;21:45;46,927
18.07.2024;22:00;45,304
18.07.2024;22:15;44,8635
18.07.2024;22:30;44,423
18.07.2024;22:45;43,9825
18.07.2024;23:00;43,542
18.07.2024;23:15;43,24675
18.07.2024;23:30;42,951499999999996
18.07.2024;23:45;42,65625
19.07.2024;00:00;42,361
19.07.2024;00:15;42,1195
19.07.2024;00:30;41,878
19.07.2024;00:45;41,6365
19.07.2024;01:00;41,395
19.07.2024;01:15;41,3815
19.07.2024;01:30;41,368
19.07.2024;01:45;41,3545
19.07.2024;02:00;41,341
19.07.2024;02:15;41,325500000000005
19.07.2024;02:30;41,31
19.07.2024;02:45;41,2945
19.07.2024;03:00;41,279
19.07.2024;03:15;41,38125
19.07.2024;03:30;41,48350000000001
19.07.2024;03:45;41,585750000000004
19.07.2024;04:00;41,688
19.07.2024;04:15;41,888000000000005
19.07.2024;04:30;42,088
19.07.2024;04:45;42,288
19.07.2024;05:00;42,488
19.07.2024;05:15;43,0935
19.07.2024;05:30;43,699
19.07.2024;05:45;44,3045
19.07.2024;06:00;44,91
19.07.2024;06:15;44,788
19.07.2024;06:30;44,666
19.07.2024;06:45;44,544
19.07.2024;07:00;44,422
19.07.2024;07:15;44,114
19.07.2024;07:30;43,806
19.07.2024;07:45;43,498
19.07.2024;08:00;43,19
19.07.2024;08:15;42,76575
19.07.2024;08:30;42,341499999999996
19.07.2024;08:45;41,91725
19.07.2024;09:00;41,493
19.07.2024;09:15;41,20725
19.07.2024;09:30;40,9215
19.07.2024;09:45;40,63575
19.07.2024;10:00;40,35
19.07.2024;10:15;40,06875
19.07.2024;10:30;39,7875
19.07.2024;10:45;39,50625
19.07.2024;11:00;39,225
19.07.2024;11:15;38,86475
19.07.2024;11:30;38,5045
19.07.2024;11:45;38,14425
19.07.2024;12:00;37,784
19.07.2024;12:15;37,588
19.07.2024;12:30;37,391999999999996
19.07.2024;12:45;37,196
19.07.2024;13:00;37,0
19.07.2024;13:15;36,9925
19.07.2024;13:30;36,985
19.07.2024;13:45;36,9775
19.07.2024;14:00;36,97
19.07.2024;14:15;37,1285
19.07.2024;14:30;37,287
19.07.2024;14:45;37,445499999999996
19.07.2024;15:00;37,604
19.07.2024;15:15;38,13525
19.07.2024;15:30;38,6665
19.07.2024;15:45;39,19775
19.07.2024;16:00;39,729
19.07.2024;16:15;40,067750000000004
19.07.2024;16:30;40,4065
19.07.2024;16:45;40,74525
19.07.2024;17:00;41,084
19.07.2024;17:15;41,44075
19.07.2024;17:30;41,7975
19.07.2024;17:45;42,154250000000005
19.07.2024;18:00;42,511
19.07.2024;18:15;43,24625
19.07.2024;18:30;43,9815
19.07.2024;18:45;44,71675
19.07.2024;19:00;45,452
19.07.2024;19:15;47,188
19.07.2024;19:30;48,924
19.07.2024;19:45;50,66
19.07.2024;20:00;52,396
19.07.2024;20:15;50,6345
19.07.2024;20:30;48,873000000000005
19.07.2024;20:45;47,1115
19.07.2024;21:00;45,35
19.07.2024;21:15;45,0215
19.07.2024;21:30;44,693
19.07.2024;21:45;44,3645
19.07.2024;22:00;44,036
19.07.2024;22:15;43,65325
19.07.2024;22:30;43,2705
19.07.2024;22:45;42,887750000000004
19.07.2024;23:00;42,505
19.07.2024;23:15;42,584500000000006
19.07.2024;23:30;42,664
19.07.2024;23:45;42,7435
20.07.2024;00:00;42,823
20.07.2024;00:15;42,69
20.07.2024;00:30;42,557
20.07.2024;00:45;42,424
20.07.2024;01:00;42,291
20.07.2024;01:15;42,262
20.07.2024;01:30;42,233
20.07.2024;01:45;42,20399999999999
20.07.2024;02:00;42,175
20.07.2024;02:15;42,21575
20.07.2024;02:30;42,2565
20.07.2024;02:45;42,29725
20.07.2024;03:00;42,338
20.07.2024;03:15;42,447
20.07.2024;03:30;42,556
20.07.2024;03:45;42,665
20.07.2024;04:00;42,774
20.07.2024;04:15;42,763
20.07.2024;04:30;42,751999999999995
20.07.2024;04:45;42,741
20.07.2024;05:00;42,73
20.07.2024;05:15;42,67225
20.07.2024;05:30;42,6145
20.07.2024;05:45;42,55675
20.07.2024;06:00;42,499
20.07.2024;06:15;42,3615
20.07.2024;06:30;42,224000000000004
20.07.2024;06:45;42,0865
20.07.2024;07:00;41,949
20.07.2024;07:15;41,50425
20.07.2024;07:30;41,0595
20.07.2024;07:45;40,61475
20.07.2024;08:00;40,17
20.07.2024;08:15;39,71
20.07.2024;08:30;39,25
20.07.2024;08:45;38,79
20.07.2024;09:00;38,33
20.07.2024;09:15;37,21375
20.07.2024;09:30;36,0975
20.07.2024;09:45;34,98125
20.07.2024;10:00;33,865
20.07.2024;10:15;33,73625
20.07.2024;10:30;33,6075
20.07.2024;10:45;33,478750000000005
20.07.2024;11:00;33,35
20.07.2024;11:15;33,23375
20.07.2024;11:30;33,1175
20.07.2024;11:45;33,00125
20.07.2024;12:00;32,885
20.07.2024;12:15;32,894
20.07.2024;12:30;32,903
20.07.2024;12:45;32,912
20.07.2024;13:00;32,921
20.07.2024;13:15;32,95625
20.07.2024;13:30;32,9915
20.07.2024;13:45;33,02675
20.07.2024;14:00;33,062
20.07.2024;14:15;33,06625
20.07.2024;14:30;33,070499999999996
20.07.2024;14:45;33,07475
20.07.2024;15:00;33,079
20.07.2024;15:15;33,20725
20.07.2024;15:30;33,335499999999996
20.07.2024;15:45;33,46375
20.07.2024;16:00;33,592
20.07.2024;16:15;34,83875
20.07.2024;16:30;36,085499999999996
20.07.2024;16:45;37,33225
20.07.2024;17:00;38,579
20.07.2024;17:15;39,39675
20.07.2024;17:30;40,2145
20.07.2024;17:45;41,032250000000005
20.07.2024;18:00;41,85
20.07.2024;18:15;42,464
20.07.2024;18:30;43,078
20.07.2024;18:45;43,692
20.07.2024;19:00;44,306
20.07.2024;19:15;44,93575
20.07.2024;19:30;45,5655
20.07.2024;19:45;46,19525
20.07.2024;20:00;46,825
20.07.2024;20:15;46,176500000000004
20.07.2024;20:30;45,528000000000006
20.07.2024;20:45;44,8795
20.07.2024;21:00;44,231
20.07.2024;21:15;43,61325
20.07.2024;21:30;42,9955
20.07.2024;21:45;42,37775
20.07.2024;22:00;41,76
20.07.2024;22:15;41,52025
20.07.2024;22:30;41,2805
20.07.2024;22:45;41,04075
20.07.2024;23:00;40,801
20.07.2024;23:15;40,529
20.07.2024;23:30;40,257000000000005
20.07.2024;23:45;39,985
21.07.2024;00:00;39,713
21.07.2024;00:15;39,52975
21.07.2024;00:30;39,3465
21.07.2024;00:45;39,16325
21.07.2024;01:00;38,98
21.07.2024;01:15;38,9525
21.07.2024;01:30;38,925
21.07.2024;01:45;38,897499999999994
21.07.2024;02:00;38,87
21.07.2024;02:15;38,9995
21.07.2024;02:30;39,129
21.07.2024;02:45;39,2585
21.07.2024;03:00;39,388
21.07.2024;03:15;39,59375
21.07.2024;03:30;39,799499999999995
21.07.2024;03:45;40,00525
21.07.2024;04:00;40,211
21.07.2024;04:15;40,37675
21.07.2024;04:30;40,542500000000004
21.07.2024;04:45;40,70825
21.07.2024;05:00;40,874
21.07.2024;05:15;41,02725
21.07.2024;05:30;41,1805
21.07.2024;05:45;41,33375
21.07.2024;06:00;41,487
21.07.2024;06:15;40,9605
21.07.2024;06:30;40,434
21.07.2024;06:45;39,9075
21.07.2024;07:00;39,381
21.07.2024;07:15;39,09025
21.07.2024;07:30;38,7995
21.07.2024;07:45;38,508750000000006
21.07.2024;08:00;38,218
21.07.2024;08:15;37,26525
21.07.2024;08:30;36,3125
21.07.2024;08:45;35,35975
21.07.2024;09:00;34,407
21.07.2024;09:15;34,144499999999994
21.07.2024;09:30;33,882
21.07.2024;09:45;33,6195
21.07.2024;10:00;33,357
21.07.2024;10:15;33,3555
21.07.2024;10:30;33,354
21.07.2024;10:45;33,3525
21.07.2024;11:00;33,351
21.07.2024;11:15;33,351
21.07.2024;11:30;33,351
21.07.2024;11:45;33,351
21.07.2024;12:00;33,351
21.07.2024;12:15;33,348749999999995
21.07.2024;12:30;33,3465
21.07.2024;12:45;33,34425
21.07.2024;13:00;33,342
21.07.2024;13:15;33,33875
21.07.2024;13:30;33,335499999999996
21.07.2024;13:45;33,33225
21.07.2024;14:00;33,329
21.07.2024;14:15;33,33525
21.07.2024;14:30;33,341499999999996
21.07.2024;14:45;33,34775
21.07.2024;15:00;33,354
21.07.2024;15:15;33,35575
21.07.2024;15:30;33,3575
21.07.2024;15:45;33,359249999999996
21.07.2024;16:00;33,361
21.07.2024;16:15;34,8535
21.07.2024;16:30;36,346000000000004
21.07.2024;16:45;37,8385
21.07.2024;17:00;39,331
21.07.2024;17:15;40,1925
21.07.2024;17:30;41,054
21.07.2024;17:45;41,9155
21.07.2024;18:00;42,777
21.07.2024;18:15;43,127
21.07.2024;18:30;43,477000000000004
21.07.2024;18:45;43,827
21.07.2024;19:00;44,177
21.07.2024;19:15;44,66225
21.07.2024;19:30;45,1475
21.07.2024;19:45;45,63275
21.07.2024;20:00;46,118
21.07.2024;20:15;46,129000000000005
21.07.2024;20:30;46,14
21.07.2024;20:45;46,150999999999996
21.07.2024;21:00;46,162
21.07.2024;21:15;45,75525
21.07.2024;21:30;45,3485
21.07.2024;21:45;44,94175
21.07.2024;22:00;44,535
21.07.2024;22:15;44,08125
21.07.2024;22:30;43,6275
21.07.2024;22:45;43,17375
21.07.2024;23:00;42,72
21.07.2024;23:15;43,43
21.07.2024;23:30;44,14
21.07.2024;23:45;44,85
22.07.2024;00:00;45,56
22.07.2024;00:15;44,92325
22.07.2024;00:30;44,286500000000004
22.07.2024;00:45;43,64975
22.07.2024;01:00;43,013
22.07.2024;01:15;42,76925
22.07.2024;01:30;42,525499999999994
22.07.2024;01:45;42,281749999999995
22.07.2024;02:00;42,038
22.07.2024;02:15;42,039249999999996
22.07.2024;02:30;42,040499999999994
22.07.2024;02:45;42,04175
22.07.2024;03:00;42,043
22.07.2024;03:15;42,02325
22.07.2024;03:30;42,0035
22.07.2024;03:45;41,98375
22.07.2024;04:00;41,964
22.07.2024;04:15;41,867
22.07.2024;04:30;41,769999999999996
22.07.2024;04:45;41,673
22.07.2024;05:00;41,576
22.07.2024;05:15;42,5065
22.07.2024;05:30;43,437
22.07.2024;05:45;44,3675
22.07.2024;06:00;45,298
22.07.2024;06:15;45,603
22.07.2024;06:30;45,908
22.07.2024;06:45;46,213
22.07.2024;07:00;46,518
22.07.2024;07:15;46,377250000000004
22.07.2024;07:30;46,2365
22.07.2024;07:45;46,095749999999995
22.07.2024;08:00;45,955
22.07.2024;08:15;45,16225
22.07.2024;08:30;44,3695
22.07.2024;08:45;43,57675
22.07.2024;09:00;42,784
22.07.2024;09:15;42,304
22.07.2024;09:30;41,824
22.07.2024;09:45;41,343999999999994
22.07.2024;10:00;40,864
22.07.2024;10:15;40,8075
22.07.2024;10:30;40,751
22.07.2024;10:45;40,6945
22.07.2024;11:00;40,638
22.07.2024;11:15;40,4715
22.07.2024;11:30;40,305
22.07.2024;11:45;40,1385
22.07.2024;12:00;39,972
22.07.2024;12:15;39,39775
22.07.2024;12:30;38,823499999999996
22.07.2024;12:45;38,249249999999996
22.07.2024;13:00;37,675
22.07.2024;13:15;37,07899999999999
22.07.2024;13:30;36,483
22.07.2024;13:45;35,887
22.07.2024;14:00;35,291
22.07.2024;14:15;35,31525
22.07.2024;14:30;35,3395
22.07.2024;14:45;35,363749999999996
22.07.2024;15:00;35,388
22.07.2024;15:15;36,089999999999996
22.07.2024;15:30;36,792
22.07.2024;15:45;37,494
22.07.2024;16:00;38,196
22.07.2024;16:15;38,57675
22.07.2024;16:30;38,957499999999996
22.07.2024;16:45;39,33825
22.07.2024;17:00;39,719
22.07.2024;17:15;40,1555
22.07.2024;17:30;40,592
22.07.2024;17:45;41,0285
22.07.2024;18:00;41,465
22.07.2024;18:15;41,91225
22.07.2024;18:30;42,3595
22.07.2024;18:45;42,80675
22.07.2024;19:00;43,254
22.07.2024;19:15;45,434
22.07.2024;19:30;47,614
22.07.2024;19:45;49,794
22.07.2024;20:00;51,974
22.07.2024;20:15;51,619
22.07.2024;20:30;51,263999999999996
22.07.2024;20:45;50,909
22.07.2024;21:00;50,554
22.07.2024;21:15;49,029
22.07.2024;21:30;47,504000000000005
22.07.2024;21:45;45,979
22.07.2024;22:00;44,454
22.07.2024;22:15;44,128
22.07.2024;22:30;43,802
22.07.2024;22:45;43,476
22.07.2024;23:00;43,15
22.07.2024;23:15;42,78475
22.07.2024;23:30;42,4195
22.07.2024;23:45;42,054249999999996
23.07.2024;00:00;41,689
23.07.2024;00:15;41,49925
23.07.2024;00:30;41,3095
23.07.2024;00:45;41,119749999999996
23.07.2024;01:00;40,93
23.07.2024;01:15;40,9525
23.07.2024;01:30;40,975
23.07.2024;01:45;40,9975
23.07.2024;02:00;41,02
23.07.2024;02:15;40,865
23.07.2024;02:30;40,71
23.07.2024;02:45;40,555
23.07.2024;03:00;40,4
23.07.2024;03:15;40,48325
23.07.2024;03:30;40,5665
23.07.2024;03:45;40,64975
23.07.2024;04:00;40,733
23.07.2024;04:15;40,802499999999995
23.07.2024;04:30;40,872
23.07.2024;04:45;40,941500000000005
23.07.2024;05:00;41,011
23.07.2024;05:15;41,764
23.07.2024;05:30;42,517
23.07.2024;05:45;43,27
23.07.2024;06:00;44,023
23.07.2024;06:15;44,36750000000001
23.07.2024;06:30;44,712
23.07.2024;06:45;45,0565
23.07.2024;07:00;45,401
23.07.2024;07:15;45,2685
23.07.2024;07:30;45,136
23.07.2024;07:45;45,0035
23.07.2024;08:00;44,871
23.07.2024;08:15;44,173
23.07.2024;08:30;43,475
23.07.2024;08:45;42,777
23.07.2024;09:00;42,079
23.07.2024;09:15;41,6185
23.07.2024;09:30;41,158
23.07.2024;09:45;40,697500000000005
23.07.2024;10:00;40,237
23.07.2024;10:15;40,0495
23.07.2024;10:30;39,862
23.07.2024;10:45;39,6745
23.07.2024;11:00;39,487
23.07.2024;11:15;39,038250000000005
23.07.2024;11:30;38,5895
23.07.2024;11:45;38,14075
23.07.2024;12:00;37,692
23.07.2024;12:15;37,56375
23.07.2024;12:30;37,435500000000005
23.07.2024;12:45;37,30725
23.07.2024;13:00;37,179
23.07.2024;13:15;37,122
23.07.2024;13:30;37,065
23.07.2024;13:45;37,008
23.07.2024;14:00;36,951
23.07.2024;14:15;37,09975
23.07.2024;14:30;37,2485
23.07.2024;14:45;37,39725
23.07.2024;15:00;37,546
23.07.2024;15:15;38,1185
23.07.2024;15:30;38,691
23.07.2024;15:45;39,2635
23.07.2024;16:00;39,836
23.07.2024;16:15;58,9645
23.07.2024;16:30;78,09299999999999
23.07.2024;16:45;97,22149999999999
23.07.2024;17:00;116,35
23.07.2024;17:15;97,598
23.07.2024;17:30;78,846
23.07.2024;17:45;60,093999999999994
23.07.2024;18:00;41,342
23.07.2024;18:15;41,744749999999996
23.07.2024;18:30;42,1475
23.07.2024;18:45;42,550250000000005
23.07.2024;19:00;42,953
23.07.2024;19:15;43,51525
23.07.2024;19:30;44,0775
23.07.2024;19:45;44,63975
23.07.2024;20:00;45,202
23.07.2024;20:15;44,789249999999996
23.07.2024;20:30;44,3765
23.07.2024;20:45;43,963750000000005
23.07.2024;21:00;43,551
23.07.2024;21:15;43,481500000000004
23.07.2024;21:30;43,412000000000006
23.07.2024;21:45;43,3425
23.07.2024;22:00;43,273
23.07.2024;22:15;43,08175
23.07.2024;22:30;42,8905
23.07.2024;22:45;42,699250000000006
23.07.2024;23:00;42,508
23.07.2024;23:15;42,30725
23.07.2024;23:30;42,1065
23.07.2024;23:45;41,90575
24.07.2024;00:00;41,705
24.07.2024;00:15;41,5745
24.07.2024;00:30;41,444
24.07.2024;00:45;41,3135
24.07.2024;01:00;41,183
24.07.2024;01:15;41,03875
24.07.2024;01:30;40,8945
24.07.2024;01:45;40,75025
24.07.2024;02:00;40,606
24.07.2024;02:15;40,663250000000005
24.07.2024;02:30;40,7205
24.07.2024;02:45;40,77775
24.07.2024;03:00;40,835
24.07.2024;03:15;40,838499999999996
24.07.2024;03:30;40,842
24.07.2024;03:45;40,8455
24.07.2024;04:00;40,849
24.07.2024;04:15;40,8685
24.07.2024;04:30;40,888
24.07.2024;04:45;40,9075
24.07.2024;05:00;40,927
24.07.2024;05:15;41,6095
24.07.2024;05:30;42,292
24.07.2024;05:45;42,9745
24.07.2024;06:00;43,657
24.07.2024;06:15;44,302749999999996
24.07.2024;06:30;44,948499999999996
24.07.2024;06:45;45,59425
24.07.2024;07:00;46,24
24.07.2024;07:15;45,49725
24.07.2024;07:30;44,7545
24.07.2024;07:45;44,01175
24.07.2024;08:00;43,269
24.07.2024;08:15;42,611999999999995
24.07.2024;08:30;41,955
24.07.2024;08:45;41,298
24.07.2024;09:00;40,641
24.07.2024;09:15;40,19075
24.07.2024;09:30;39,7405
24.07.2024;09:45;39,29025
24.07.2024;10:00;38,84
24.07.2024;10:15;37,99725
24.07.2024;10:30;37,1545
24.07.2024;10:45;36,31175
24.07.2024;11:00;35,469
24.07.2024;11:15;34,978750000000005
24.07.2024;11:30;34,4885
24.07.2024;11:45;33,99825
24.07.2024;12:00;33,508
24.07.2024;12:15;33,46475
24.07.2024;12:30;33,4215
24.07.2024;12:45;33,37825
24.07.2024;13:00;33,335
24.07.2024;13:15;33,28725
24.07.2024;13:30;33,2395
24.07.2024;13:45;33,19175
24.07.2024;14:00;33,144
24.07.2024;14:15;33,1465
24.07.2024;14:30;33,149
24.07.2024;14:45;33,1515
24.07.2024;15:00;33,154
24.07.2024;15:15;33,258250000000004
24.07.2024;15:30;33,3625
24.07.2024;15:45;33,46675
24.07.2024;16:00;33,571
24.07.2024;16:15;34,4975
24.07.2024;16:30;35,424
24.07.2024;16:45;36,3505
24.07.2024;17:00;37,277
24.07.2024;17:15;38,02875
24.07.2024;17:30;38,7805
24.07.2024;17:45;39,53225
24.07.2024;18:00;40,284
24.07.2024;18:15;40,948
24.07.2024;18:30;41,611999999999995
24.07.2024;18:45;42,275999999999996
24.07.2024;19:00;42,94
24.07.2024;19:15;43,29075
24.07.2024;19:30;43,6415
24.07.2024;19:45;43,99225
24.07.2024;20:00;44,343
24.07.2024;20:15;44,64025
24.07.2024;20:30;44,9375
24.07.2024;20:45;45,23475
24.07.2024;21:00;45,532
24.07.2024;21:15;45,226
24.07.2024;21:30;44,92
24.07.2024;21:45;44,614
24.07.2024;22:00;44,308
24.07.2024;22:15;43,94425
24.07.2024;22:30;43,5805
24.07.2024;22:45;43,216750000000005
24.07.2024;23:00;42,853
24.07.2024;23:15;42,791
24.07.2024;23:30;42,729
24.07.2024;23:45;42,667
25.07.2024;00:00;42,605
25.07.2024;00:15;42,47125
25.07.2024;00:30;42,3375
25.07.2024;00:45;42,20375
25.07.2024;01:00;42,07
25.07.2024;01:15;42,0125
25.07.2024;01:30;41,955
25.07.2024;01:45;41,8975
25.07.2024;02:00;41,84
25.07.2024;02:15;41,715500000000006
25.07.2024;02:30;41,591
25.07.2024;02:45;41,466499999999996
25.07.2024;03:00;41,342
25.07.2024;03:15;41,254
25.07.2024;03:30;41,166
25.07.2024;03:45;41,078
25.07.2024;04:00;40,99
25.07.2024;04:15;41,39325
25.07.2024;04:30;41,7965
25.07.2024;04:45;42,19975
25.07.2024;05:00;42,603
25.07.2024;05:15;42,94375
25.07.2024;05:30;43,2845
25.07.2024;05:45;43,62525
25.07.2024;06:00;43,966
25.07.2024;06:15;44,2335
25.07.2024;06:30;44,501000000000005
25.07.2024;06:45;44,7685
25.07.2024;07:00;45,036
25.07.2024;07:15;44,389
25.07.2024;07:30;43,742000000000004
25.07.2024;07:45;43,095
25.07.2024;08:00;42,448
25.07.2024;08:15;41,973
25.07.2024;08:30;41,498000000000005
25.07.2024;08:45;41,023
25.07.2024;09:00;40,548
25.07.2024;09:15;40,1255
25.07.2024;09:30;39,703
25.07.2024;09:45;39,280499999999996
25.07.2024;10:00;38,858
25.07.2024;10:15;38,40475
25.07.2024;10:30;37,951499999999996
25.07.2024;10:45;37,49825
25.07.2024;11:00;37,045
25.07.2024;11:15;36,729
25.07.2024;11:30;36,413
25.07.2024;11:45;36,097
25.07.2024;12:00;35,781
25.07.2024;12:15;35,60725
25.07.2024;12:30;35,433499999999995
25.07.2024;12:45;35,25975
25.07.2024;13:00;35,086
25.07.2024;13:15;34,98375
25.07.2024;13:30;34,8815
25.07.2024;13:45;34,77925
25.07.2024;14:00;34,677
25.07.2024;14:15;35,00025
25.07.2024;14:30;35,323499999999996
25.07.2024;14:45;35,64675
25.07.2024;15:00;35,97
25.07.2024;15:15;36,66
25.07.2024;15:30;37,349999999999994
25.07.2024;15:45;38,04
25.07.2024;16:00;38,73
25.07.2024;16:15;39,385
25.07.2024;16:30;40,04
25.07.2024;16:45;40,695
25.07.2024;17:00;41,35
25.07.2024;17:15;41,775
25.07.2024;17:30;42,2
25.07.2024;17:45;42,625
25.07.2024;18:00;43,05
25.07.2024;18:15;43,798249999999996
25.07.2024;18:30;44,546499999999995
25.07.2024;18:45;45,29475
25.07.2024;19:00;46,043
25.07.2024;19:15;46,76275
25.07.2024;19:30;47,4825
25.07.2024;19:45;48,20225
25.07.2024;20:00;48,922
25.07.2024;20:15;48,31925
25.07.2024;20:30;47,716499999999996
25.07.2024;20:45;47,11375
25.07.2024;21:00;46,511
25.07.2024;21:15;45,72075
25.07.2024;21:30;44,9305
25.07.2024;21:45;44,14025
25.07.2024;22:00;43,35
25.07.2024;22:15;42,97375
25.07.2024;22:30;42,5975
25.07.2024;22:45;42,22125
25.07.2024;23:00;41,845
25.07.2024;23:15;41,804249999999996
25.07.2024;23:30;41,7635
25.07.2024;23:45;41,722750000000005
26.07.2024;00:00;41,682
26.07.2024;00:15;41,4465
26.07.2024;00:30;41,211
26.07.2024;00:45;40,975500000000004
26.07.2024;01:00;40,74
26.07.2024;01:15;40,870000000000005
26.07.2024;01:30;41,0
26.07.2024;01:45;41,129999999999995
26.07.2024;02:00;41,26
26.07.2024;02:15;41,32275
26.07.2024;02:30;41,3855
26.07.2024;02:45;41,44825
26.07.2024;03:00;41,511
26.07.2024;03:15;41,5
26.07.2024;03:30;41,489000000000004
26.07.2024;03:45;41,478
26.07.2024;04:00;41,467
26.07.2024;04:15;41,518
26.07.2024;04:30;41,569
26.07.2024;04:45;41,62
26.07.2024;05:00;41,671
26.07.2024;05:15;42,07875
26.07.2024;05:30;42,4865
26.07.2024;05:45;42,89425
26.07.2024;06:00;43,302
26.07.2024;06:15;43,728
26.07.2024;06:30;44,153999999999996
26.07.2024;06:45;44,58
26.07.2024;07:00;45,006
26.07.2024;07:15;44,6945
26.07.2024;07:30;44,382999999999996
26.07.2024;07:45;44,0715
26.07.2024;08:00;43,76
26.07.2024;08:15;43,57825
26.07.2024;08:30;43,3965
26.07.2024;08:45;43,21475
26.07.2024;09:00;43,033
26.07.2024;09:15;42,8755
26.07.2024;09:30;42,718
26.07.2024;09:45;42,5605
26.07.2024;10:00;42,403
26.07.2024;10:15;42,1735
26.07.2024;10:30;41,944
26.07.2024;10:45;41,7145
26.07.2024;11:00;41,485
26.07.2024;11:15;41,20125
26.07.2024;11:30;40,917500000000004
26.07.2024;11:45;40,63375
26.07.2024;12:00;40,35
26.07.2024;12:15;40,178
26.07.2024;12:30;40,006
26.07.2024;12:45;39,834
26.07.2024;13:00;39,662
26.07.2024;13:15;39,58875
26.07.2024;13:30;39,5155
26.07.2024;13:45;39,44225
26.07.2024;14:00;39,369
26.07.2024;14:15;39,567750000000004
26.07.2024;14:30;39,7665
26.07.2024;14:45;39,96525
26.07.2024;15:00;40,164
26.07.2024;15:15;40,2815
26.07.2024;15:30;40,399
26.07.2024;15:45;40,5165
26.07.2024;16:00;40,634
26.07.2024;16:15;41,025999999999996
26.07.2024;16:30;41,418
26.07.2024;16:45;41,81
26.07.2024;17:00;42,202
26.07.2024;17:15;42,3475
26.07.2024;17:30;42,492999999999995
26.07.2024;17:45;42,6385
26.07.2024;18:00;42,784
26.07.2024;18:15;43,12025
26.07.2024;18:30;43,4565
26.07.2024;18:45;43,79275
26.07.2024;19:00;44,129
26.07.2024;19:15;45,015499999999996
26.07.2024;19:30;45,902
26.07.2024;19:45;46,7885
26.07.2024;20:00;47,675
26.07.2024;20:15;47,568749999999994
26.07.2024;20:30;47,4625
26.07.2024;20:45;47,35625
26.07.2024;21:00;47,25
26.07.2024;21:15;46,43475
26.07.2024;21:30;45,6195
26.07.2024;21:45;44,804249999999996
26.07.2024;22:00;43,989
26.07.2024;22:15;43,777
26.07.2024;22:30;43,565
26.07.2024;22:45;43,352999999999994
26.07.2024;23:00;43,141
26.07.2024;23:15;43,292249999999996
26.07.2024;23:30;43,4435
26.07.2024;23:45;43,594750000000005
27.07.2024;00:00;43,746
27.07.2024;00:15;43,73225
27.07.2024;00:30;43,718500000000006
27.07.2024;00:45;43,704750000000004
27.07.2024;01:00;43,691
27.07.2024;01:15;43,5405
27.07.2024;01:30;43,39
27.07.2024;01:45;43,2395
27.07.2024;02:00;43,089
27.07.2024;02:15;43,0355
27.07.2024;02:30;42,982
27.07.2024;02:45;42,9285
27.07.2024;03:00;42,875
27.07.2024;03:15;42,80525
27.07.2024;03:30;42,7355
27.07.2024;03:45;42,665749999999996
27.07.2024;04:00;42,596
27.07.2024;04:15;42,54725
27.07.2024;04:30;42,4985
27.07.2024;04:45;42,44975
27.07.2024;05:00;42,401
27.07.2024;05:15;42,32325
27.07.2024;05:30;42,24550000000001
27.07.2024;05:45;42,167750000000005
27.07.2024;06:00;42,09
27.07.2024;06:15;41,97375
27.07.2024;06:30;41,8575
27.07.2024;06:45;41,74125
27.07.2024;07:00;41,625
27.07.2024;07:15;41,673500000000004
27.07.2024;07:30;41,722
27.07.2024;07:45;41,7705
27.07.2024;08:00;41,819
27.07.2024;08:15;41,3935
27.07.2024;08:30;40,968
27.07.2024;08:45;40,5425
27.07.2024;09:00;40,117
27.07.2024;09:15;39,94475
27.07.2024;09:30;39,772499999999994
27.07.2024;09:45;39,600249999999996
27.07.2024;10:00;39,428
27.07.2024;10:15;38,906
27.07.2024;10:30;38,384
27.07.2024;10:45;37,862
27.07.2024;11:00;37,34
27.07.2024;11:15;37,042500000000004
27.07.2024;11:30;36,745000000000005
27.07.2024;11:45;36,4475
27.07.2024;12:00;36,15
27.07.2024;12:15;35,894999999999996
27.07.2024;12:30;35,64
27.07.2024;12:45;35,385000000000005
27.07.2024;13:00;35,13
27.07.2024;13:15;35,133
27.07.2024;13:30;35,136
27.07.2024;13:45;35,139
27.07.2024;14:00;35,142
27.07.2024;14:15;35,569500000000005
27.07.2024;14:30;35,997
27.07.2024;14:45;36,424499999999995
27.07.2024;15:00;36,852
27.07.2024;15:15;37,6695
27.07.2024;15:30;38,486999999999995
27.07.2024;15:45;39,3045
27.07.2024;16:00;40,122
27.07.2024;16:15;40,79725
27.07.2024;16:30;41,4725
27.07.2024;16:45;42,14775
27.07.2024;17:00;42,823
27.07.2024;17:15;43,079
27.07.2024;17:30;43,335
27.07.2024;17:45;43,591
27.07.2024;18:00;43,847
27.07.2024;18:15;44,14
27.07.2024;18:30;44,433
27.07.2024;18:45;44,726
27.07.2024;19:00;45,019
27.07.2024;19:15;45,179249999999996
27.07.2024;19:30;45,3395
27.07.2024;19:45;45,49975
27.07.2024;20:00;45,66
27.07.2024;20:15;45,628
27.07.2024;20:30;45,596
27.07.2024;20:45;45,56399999999999
27.07.2024;21:00;45,532
27.07.2024;21:15;45,18899999999999
27.07.2024;21:30;44,846
27.07.2024;21:45;44,503
27.07.2024;22:00;44,16
27.07.2024;22:15;43,906
27.07.2024;22:30;43,652
27.07.2024;22:45;43,397999999999996
27.07.2024;23:00;43,144
27.07.2024;23:15;43,44525
27.07.2024;23:30;43,7465
27.07.2024;23:45;44,04774999999999
28.07.2024;00:00;44,349
28.07.2024;00:15;43,977
28.07.2024;00:30;43,605
28.07.2024;00:45;43,233
28.07.2024;01:00;42,861
28.07.2024;01:15;42,6885
28.07.2024;01:30;42,516
28.07.2024;01:45;42,3435
28.07.2024;02:00;42,171
28.07.2024;02:15;42,004
28.07.2024;02:30;41,837
28.07.2024;02:45;41,67
28.07.2024;03:00;41,503
28.07.2024;03:15;41,42825
28.07.2024;03:30;41,3535
28.07.2024;03:45;41,27875
28.07.2024;04:00;41,204
28.07.2024;04:15;41,222
28.07.2024;04:30;41,24
28.07.2024;04:45;41,258
28.07.2024;05:00;41,276
28.07.2024;05:15;41,18275
28.07.2024;05:30;41,0895
28.07.2024;05:45;40,99625
28.07.2024;06:00;40,903
28.07.2024;06:15;40,83
28.07.2024;06:30;40,757
28.07.2024;06:45;40,684
28.07.2024;07:00;40,611
28.07.2024;07:15;39,433
28.07.2024;07:30;38,254999999999995
28.07.2024;07:45;37,077
28.07.2024;08:00;35,899
28.07.2024;08:15;35,38475
28.07.2024;08:30;34,8705
28.07.2024;08:45;34,35625
28.07.2024;09:00;33,842
28.07.2024;09:15;33,719
28.07.2024;09:30;33,596000000000004
28.07.2024;09:45;33,473
28.07.2024;10:00;33,35
28.07.2024;10:15;33,28925
28.07.2024;10:30;33,2285
28.07.2024;10:45;33,16775
28.07.2024;11:00;33,107
28.07.2024;11:15;32,752
28.07.2024;11:30;32,397
28.07.2024;11:45;32,042
28.07.2024;12:00;31,687
28.07.2024;12:15;31,105
28.07.2024;12:30;30,523000000000003
28.07.2024;12:45;29,941000000000003
28.07.2024;13:00;29,359
28.07.2024;13:15;29,1395
28.07.2024;13:30;28,92
28.07.2024;13:45;28,7005
28.07.2024;14:00;28,481
28.07.2024;14:15;28,86
28.07.2024;14:30;29,239
28.07.2024;14:45;29,618000000000002
28.07.2024;15:00;29,997
28.07.2024;15:15;30,491
28.07.2024;15:30;30,985
28.07.2024;15:45;31,479
28.07.2024;16:00;31,973
28.07.2024;16:15;32,2675
28.07.2024;16:30;32,562
28.07.2024;16:45;32,856500000000004
28.07.2024;17:00;33,151
28.07.2024;17:15;34,222500000000004
28.07.2024;17:30;35,294
28.07.2024;17:45;36,3655
28.07.2024;18:00;37,437
28.07.2024;18:15;38,72725
28.07.2024;18:30;40,0175
28.07.2024;18:45;41,30775
28.07.2024;19:00;42,598
28.07.2024;19:15;43,08225
28.07.2024;19:30;43,5665
28.07.2024;19:45;44,050749999999994
28.07.2024;20:00;44,535
28.07.2024;20:15;44,63025
28.07.2024;20:30;44,7255
28.07.2024;20:45;44,82075
28.07.2024;21:00;44,916
28.07.2024;21:15;44,64825
28.07.2024;21:30;44,3805
28.07.2024;21:45;44,11275
28.07.2024;22:00;43,845
28.07.2024;22:15;43,33275
28.07.2024;22:30;42,820499999999996
28.07.2024;22:45;42,30825
28.07.2024;23:00;41,796
28.07.2024;23:15;61,9345
28.07.2024;23:30;82,07300000000001
28.07.2024;23:45;102,2115
29.07.2024;00:00;122,35
29.07.2024;00:15;102,00075
29.07.2024;00:30;81,6515
29.07.2024;00:45;61,30225
29.07.2024;01:00;40,953
29.07.2024;01:15;40,85850000000001
29.07.2024;01:30;40,764
29.07.2024;01:45;40,6695
29.07.2024;02:00;40,575
29.07.2024;02:15;40,676
29.07.2024;02:30;40,777
29.07.2024;02:45;40,878
29.07.2024;03:00;40,979
29.07.2024;03:15;41,07175
29.07.2024;03:30;41,164500000000004
29.07.2024;03:45;41,25725
29.07.2024;04:00;41,35
29.07.2024;04:15;41,8825
29.07.2024;04:30;42,415
29.07.2024;04:45;42,9475
29.07.2024;05:00;43,48
29.07.2024;05:15;44,3225
29.07.2024;05:30;45,165
29.07.2024;05:45;46,0075
29.07.2024;06:00;46,85
29.07.2024;06:15;46,5165
29.07.2024;06:30;46,183
29.07.2024;06:45;45,8495
29.07.2024;07:00;45,516
29.07.2024;07:15;44,936
29.07.2024;07:30;44,355999999999995
29.07.2024;07:45;43,775999999999996
29.07.2024;08:00;43,196
29.07.2024;08:15;42,326
29.07.2024;08:30;41,456
29.07.2024;08:45;40,586
29.07.2024;09:00;39,716
29.07.2024;09:15;38,389
29.07.2024;09:30;37,062
29.07.2024;09:45;35,735
29.07.2024;10:00;34,408
29.07.2024;10:15;34,1395
29.07.2024;10:30;33,871
29.07.2024;10:45;33,602500000000006
29.07.2024;11:00;33,334
29.07.2024;11:15;33,33325000000001
29.07.2024;11:30;33,3325
29.07.2024;11:45;33,33175
29.07.2024;12:00;33,331
29.07.2024;12:15;33,29325
29.07.2024;12:30;33,2555
29.07.2024;12:45;33,21775
29.07.2024;13:00;33,18
29.07.2024;13:15;33,198
29.07.2024;13:30;33,216
29.07.2024;13:45;33,234
29.07.2024;14:00;33,252
29.07.2024;14:15;33,274750000000004
29.07.2024;14:30;33,2975
29.07.2024;14:45;33,32025
29.07.2024;15:00;33,343
29.07.2024;15:15;33,688250000000004
29.07.2024;15:30;34,033500000000004
29.07.2024;15:45;34,37875
29.07.2024;16:00;34,724
29.07.2024;16:15;35,9925
29.07.2024;16:30;37,260999999999996
29.07.2024;16:45;38,5295
29.07.2024;17:00;39,798
29.07.2024;17:15;40,60875
29.07.2024;17:30;41,4195
29.07.2024;17:45;42,23025
29.07.2024;18:00;43,041
29.07.2024;18:15;43,69925
29.07.2024;18:30;44,3575
29.07.2024;18:45;45,01575
29.07.2024;19:00;45,674
29.07.2024;19:15;47,04475
29.07.2024;19:30;48,415499999999994
29.07.2024;19:45;49,786249999999995
29.07.2024;20:00;51,157
29.07.2024;20:15;50,02325
29.07.2024;20:30;48,8895
29.07.2024;20:45;47,75575
29.07.2024;21:00;46,622
29.07.2024;21:15;45,999
29.07.2024;21:30;45,376000000000005
29.07.2024;21:45;44,753
29.07.2024;22:00;44,13
29.07.2024;22:15;43,69
29.07.2024;22:30;43,25
29.07.2024;22:45;42,81
29.07.2024;23:00;42,37
29.07.2024;23:15;42,06525
29.07.2024;23:30;41,7605
29.07.2024;23:45;41,45575
30.07.2024;00:00;41,151
30.07.2024;00:15;41,095
30.07.2024;00:30;41,039
30.07.2024;00:45;40,983000000000004
30.07.2024;01:00;40,927
30.07.2024;01:15;41,0145
30.07.2024;01:30;41,102000000000004
30.07.2024;01:45;41,1895
30.07.2024;02:00;41,277
30.07.2024;02:15;41,3885
30.07.2024;02:30;41,5
30.07.2024;02:45;41,6115
30.07.2024;03:00;41,723
30.07.2024;03:15;41,8445
30.07.2024;03:30;41,966
30.07.2024;03:45;42,087500000000006
30.07.2024;04:00;42,209
30.07.2024;04:15;42,5405
30.07.2024;04:30;42,872
30.07.2024;04:45;43,2035
30.07.2024;05:00;43,535
30.07.2024;05:15;43,87975
30.07.2024;05:30;44,2245
30.07.2024;05:45;44,56925
30.07.2024;06:00;44,914
30.07.2024;06:15;44,86
30.07.2024;06:30;44,806
30.07.2024;06:45;44,752
30.07.2024;07:00;44,698
30.07.2024;07:15;44,35225
30.07.2024;07:30;44,0065
30.07.2024;07:45;43,66075
30.07.2024;08:00;43,315
30.07.2024;08:15;42,518249999999995
30.07.2024;08:30;41,7215
30.07.2024;08:45;40,92475
30.07.2024;09:00;40,128
30.07.2024;09:15;39,3715
30.07.2024;09:30;38,614999999999995
30.07.2024;09:45;37,8585
30.07.2024;10:00;37,102
30.07.2024;10:15;36,36
30.07.2024;10:30;35,617999999999995
30.07.2024;10:45;34,876
30.07.2024;11:00;34,134
30.07.2024;11:15;33,96525
30.07.2024;11:30;33,7965
30.07.2024;11:45;33,627750000000006
30.07.2024;12:00;33,459
30.07.2024;12:15;33,43075
30.07.2024;12:30;33,4025
30.07.2024;12:45;33,374249999999996
30.07.2024;13:00;33,346
30.07.2024;13:15;33,3455
30.07.2024;13:30;33,345
30.07.2024;13:45;33,3445
30.07.2024;14:00;33,344
30.07.2024;14:15;33,67675
30.07.2024;14:30;34,0095
30.07.2024;14:45;34,34225
30.07.2024;15:00;34,675
30.07.2024;15:15;35,360749999999996
30.07.2024;15:30;36,046499999999995
30.07.2024;15:45;36,73225
30.07.2024;16:00;37,418
30.07.2024;16:15;38,3535
30.07.2024;16:30;39,289
30.07.2024;16:45;40,2245
30.07.2024;17:00;41,16
30.07.2024;17:15;41,7925
30.07.2024;17:30;42,425
30.07.2024;17:45;43,0575
30.07.2024;18:00;43,69
30.07.2024;18:15;44,340999999999994
30.07.2024;18:30;44,992
30.07.2024;18:45;45,643
30.07.2024;19:00;46,294
30.07.2024;19:15;47,48625
30.07.2024;19:30;48,6785
30.07.2024;19:45;49,87075
30.07.2024;20:00;51,063
30.07.2024;20:15;50,3265
30.07.2024;20:30;49,59
30.07.2024;20:45;48,8535
30.07.2024;21:00;48,117
30.07.2024;21:15;47,299749999999996
30.07.2024;21:30;46,4825
30.07.2024;21:45;45,66525
30.07.2024;22:00;44,848
30.07.2024;22:15;44,4495
30.07.2024;22:30;44,051
30.07.2024;22:45;43,652499999999996
30.07.2024;23:00;43,254
30.07.2024;23:15;43,249249999999996
30.07.2024;23:30;43,2445
30.07.2024;23:45;43,23975
31.07.2024;00:00;43,235
31.07.2024;00:15;42,946
31.07.2024;00:30;42,657
31.07.2024;00:45;42,368
31.07.2024;01:00;42,079
31.07.2024;01:15;42,0265
31.07.2024;01:30;41,974000000000004
31.07.2024;01:45;41,9215
31.07.2024;02:00;41,869
31.07.2024;02:15;41,81175
31.07.2024;02:30;41,7545
31.07.2024;02:45;41,69725
31.07.2024;03:00;41,64
31.07.2024;03:15;41,832499999999996
31.07.2024;03:30;42,025
31.07.2024;03:45;42,2175
31.07.2024;04:00;42,41
31.07.2024;04:15;42,70475
31.07.2024;04:30;42,9995
31.07.2024;04:45;43,29425
31.07.2024;05:00;43,589
31.07.2024;05:15;43,842
31.07.2024;05:30;44,095
31.07.2024;05:45;44,348
31.07.2024;06:00;44,601
31.07.2024;06:15;44,54175
31.07.2024;06:30;44,4825
31.07.2024;06:45;44,423249999999996
31.07.2024;07:00;44,364
31.07.2024;07:15;43,992
31.07.2024;07:30;43,62
31.07.2024;07:45;43,248
31.07.2024;08:00;42,876
31.07.2024;08:15;42,47
31.07.2024;08:30;42,064
31.07.2024;08:45;41,658
31.07.2024;09:00;41,252
31.07.2024;09:15;40,67375
31.07.2024;09:30;40,0955
31.07.2024;09:45;39,517250000000004
31.07.2024;10:00;38,939
31.07.2024;10:15;38,37825
31.07.2024;10:30;37,817499999999995
31.07.2024;10:45;37,25675
31.07.2024;11:00;36,696
31.07.2024;11:15;36,40325
31.07.2024;11:30;36,1105
31.07.2024;11:45;35,81775
31.07.2024;12:00;35,525
31.07.2024;12:15;35,265249999999995
31.07.2024;12:30;35,0055
31.07.2024;12:45;34,74575
31.07.2024;13:00;34,486
31.07.2024;13:15;34,640249999999995
31.07.2024;13:30;34,7945
31.07.2024;13:45;34,948750000000004
31.07.2024;14:00;35,103
31.07.2024;14:15;35,45825
31.07.2024;14:30;35,813500000000005
31.07.2024;14:45;36,16875
31.07.2024;15:00;36,524
31.07.2024;15:15;36,88275
31.07.2024;15:30;37,2415
31.07.2024;15:45;37,60025
31.07.2024;16:00;37,959
31.07.2024;16:15;38,703
31.07.2024;16:30;39,447
31.07.2024;16:45;40,191
31.07.2024;17:00;40,935
31.07.2024;17:15;41,51775
31.07.2024;17:30;42,1005
31.07.2024;17:45;42,68325
31.07.2024;18:00;43,266
31.07.2024;18:15;43,67175
31.07.2024;18:30;44,0775
31.07.2024;18:45;44,48325
31.07.2024;19:00;44,889
31.07.2024;19:15;45,408
31.07.2024;19:30;45,92700000000001
31.07.2024;19:45;46,446000000000005
31.07.2024;20:00;46,965
31.07.2024;20:15;46,466
31.07.2024;20:30;45,967
31.07.2024;20:45;45,468
31.07.2024;21:00;44,969
31.07.2024;21:15;44,677
31.07.2024;21:30;44,385000000000005
31.07.2024;21:45;44,093
31.07.2024;22:00;43,801
31.07.2024;22:15;43,600500000000004
31.07.2024;22:30;43,400000000000006
31.07.2024;22:45;43,1995
31.07.2024;23:00;42,999
31.07.2024;23:15;42,998000000000005
31.07.2024;23:30;42,997
31.07.2024;23:45;42,995999999999995
01.08.2024;00:00;42,995
01.08.2024;00:15;42,89375
01.08.2024;00:30;42,792500000000004
01.08.2024;00:45;42,691250000000004
01.08.2024;01:00;42,59
01.08.2024;01:15;42,45125
01.08.2024;01:30;42,3125
01.08.2024;01:45;42,17375
01.08.2024;02:00;42,035
01.08.2024;02:15;41,966499999999996
01.08.2024;02:30;41,897999999999996
01.08.2024;02:45;41,8295
01.08.2024;03:00;41,761
01.08.2024;03:15;41,98525
01.08.2024;03:30;42,209500000000006
01.08.2024;03:45;42,43375
01.08.2024;04:00;42,658
01.08.2024;04:15;43,14875
01.08.2024;04:30;43,6395
01.08.2024;04:45;44,130250000000004
01.08.2024;05:00;44,621
01.08.2024;05:15;45,163000000000004
01.08.2024;05:30;45,705
01.08.2024;05:45;46,247
01.08.2024;06:00;46,789
01.08.2024;06:15;46,16725
01.08.2024;06:30;45,545500000000004
01.08.2024;06:45;44,92375
01.08.2024;07:00;44,302
01.08.2024;07:15;44,21275
01.08.2024;07:30;44,1235
01.08.2024;07:45;44,03425
01.08.2024;08:00;43,945
01.08.2024;08:15;43,54875
01.08.2024;08:30;43,1525
01.08.2024;08:45;42,75625
01.08.2024;09:00;42,36
01.08.2024;09:15;42,03125
01.08.2024;09:30;41,7025
01.08.2024;09:45;41,37375
01.08.2024;10:00;41,045
01.08.2024;10:15;40,81225
01.08.2024;10:30;40,579499999999996
01.08.2024;10:45;40,34675
01.08.2024;11:00;40,114
01.08.2024;11:15;40,02375
01.08.2024;11:30;39,933499999999995
01.08.2024;11:45;39,84325
01.08.2024;12:00;39,753
01.08.2024;12:15;39,66175
01.08.2024;12:30;39,570499999999996
01.08.2024;12:45;39,47925
01.08.2024;13:00;39,388
01.08.2024;13:15;39,43825
01.08.2024;13:30;39,4885
01.08.2024;13:45;39,53875
01.08.2024;14:00;39,589
01.08.2024;14:15;39,80975
01.08.2024;14:30;40,0305
01.08.2024;14:45;40,25125
01.08.2024;15:00;40,472
01.08.2024;15:15;40,62625
01.08.2024;15:30;40,7805
01.08.2024;15:45;40,93475
01.08.2024;16:00;41,089
01.08.2024;16:15;41,533249999999995
01.08.2024;16:30;41,9775
01.08.2024;16:45;42,42175
01.08.2024;17:00;42,866
01.08.2024;17:15;43,05775
01.08.2024;17:30;43,2495
01.08.2024;17:45;43,441250000000004
01.08.2024;18:00;43,633
01.08.2024;18:15;43,874750000000006
01.08.2024;18:30;44,1165
01.08.2024;18:45;44,35825
01.08.2024;19:00;44,6
01.08.2024;19:15;45,23925
01.08.2024;19:30;45,8785
01.08.2024;19:45;46,51775
01.08.2024;20:00;47,157
01.08.2024;20:15;46,806
01.08.2024;20:30;46,455
01.08.2024;20:45;46,104
01.08.2024;21:00;45,753
01.08.2024;21:15;45,47575
01.08.2024;21:30;45,198499999999996
01.08.2024;21:45;44,92125
01.08.2024;22:00;44,644
01.08.2024;22:15;44,463
01.08.2024;22:30;44,282
01.08.2024;22:45;44,101
01.08.2024;23:00;43,92
01.08.2024;23:15;43,625750000000004
01.08.2024;23:30;43,331500000000005
01.08.2024;23:45;43,03725
02.08.2024;00:00;42,743
02.08.2024;00:15;42,624
02.08.2024;00:30;42,505
02.08.2024;00:45;42,386
02.08.2024;01:00;42,267
02.08.2024;01:15;42,240500000000004
02.08.2024;01:30;42,214
02.08.2024;01:45;42,1875
02.08.2024;02:00;42,161
02.08.2024;02:15;42,0325
02.08.2024;02:30;41,903999999999996
02.08.2024;02:45;41,7755
02.08.2024;03:00;41,647
02.08.2024;03:15;41,7465
02.08.2024;03:30;41,846000000000004
02.08.2024;03:45;41,9455
02.08.2024;04:00;42,045
02.08.2024;04:15;42,286500000000004
02.08.2024;04:30;42,528000000000006
02.08.2024;04:45;42,7695
02.08.2024;05:00;43,011
02.08.2024;05:15;43,3645
02.08.2024;05:30;43,718
02.08.2024;05:45;44,0715
02.08.2024;06:00;44,425
02.08.2024;06:15;44,690749999999994
02.08.2024;06:30;44,9565
02.08.2024;06:45;45,22225
02.08.2024;07:00;45,488
02.08.2024;07:15;45,283249999999995
02.08.2024;07:30;45,0785
02.08.2024;07:45;44,87375
02.08.2024;08:00;44,669
02.08.2024;08:15;44,449749999999995
02.08.2024;08:30;44,2305
02.08.2024;08:45;44,011250000000004
02.08.2024;09:00;43,792
02.08.2024;09:15;43,4735
02.08.2024;09:30;43,155
02.08.2024;09:45;42,8365
02.08.2024;10:00;42,518
02.08.2024;10:15;42,16825
02.08.2024;10:30;41,8185
02.08.2024;10:45;41,46875
02.08.2024;11:00;41,119
02.08.2024;11:15;41,01625
02.08.2024;11:30;40,9135
02.08.2024;11:45;40,81075
02.08.2024;12:00;40,708
02.08.2024;12:15;40,417
02.08.2024;12:30;40,126
02.08.2024;12:45;39,834999999999994
02.08.2024;13:00;39,544
02.08.2024;13:15;39,3315
02.08.2024;13:30;39,119
02.08.2024;13:45;38,9065
02.08.2024;14:00;38,694
02.08.2024;14:15;38,6225
02.08.2024;14:30;38,551
02.08.2024;14:45;38,4795
02.08.2024;15:00;38,408
02.08.2024;15:15;38,779
02.08.2024;15:30;39,150000000000006
02.08.2024;15:45;39,521
02.08.2024;16:00;39,892
02.08.2024;16:15;40,198750000000004
02.08.2024;16:30;40,5055
02.08.2024;16:45;40,81225
02.08.2024;17:00;41,119
02.08.2024;17:15;41,73225
02.08.2024;17:30;42,3455
02.08.2024;17:45;42,95875
02.08.2024;18:00;43,572
02.08.2024;18:15;44,228750000000005
02.08.2024;18:30;44,8855
02.08.2024;18:45;45,542249999999996
02.08.2024;19:00;46,199
02.08.2024;19:15;46,6415
02.08.2024;19:30;47,084
02.08.2024;19:45;47,5265
02.08.2024;20:00;47,969
02.08.2024;20:15;47,35575
02.08.2024;20:30;46,7425
02.08.2024;20:45;46,12925
02.08.2024;21:00;45,516
02.08.2024;21:15;45,335
02.08.2024;21:30;45,153999999999996
02.08.2024;21:45;44,973
02.08.2024;22:00;44,792
02.08.2024;22:15;44,40675
02.08.2024;22:30;44,0215
02.08.2024;22:45;43,63625
02.08.2024;23:00;43,251
02.08.2024;23:15;43,342
02.08.2024;23:30;43,433
02.08.2024;23:45;43,524
03.08.2024;00:00;43,615
03.08.2024;00:15;43,52725
03.08.2024;00:30;43,4395
03.08.2024;00:45;43,35175
03.08.2024;01:00;43,264
03.08.2024;01:15;43,118
03.08.2024;01:30;42,972
03.08.2024;01:45;42,826
03.08.2024;02:00;42,68
03.08.2024;02:15;42,575
03.08.2024;02:30;42,47
03.08.2024;02:45;42,364999999999995
03.08.2024;03:00;42,26
03.08.2024;03:15;42,19025
03.08.2024;03:30;42,1205
03.08.2024;03:45;42,05075
03.08.2024;04:00;41,981
03.08.2024;04:15;42,19525
03.08.2024;04:30;42,4095
03.08.2024;04:45;42,62375
03.08.2024;05:00;42,838
03.08.2024;05:15;43,0595
03.08.2024;05:30;43,281
03.08.2024;05:45;43,5025
03.08.2024;06:00;43,724
03.08.2024;06:15;43,518249999999995
03.08.2024;06:30;43,3125
03.08.2024;06:45;43,106750000000005
03.08.2024;07:00;42,901
03.08.2024;07:15;42,625750000000004
03.08.2024;07:30;42,3505
03.08.2024;07:45;42,07525
03.08.2024;08:00;41,8
03.08.2024;08:15;41,339
03.08.2024;08:30;40,878
03.08.2024;08:45;40,417
03.08.2024;09:00;39,956
03.08.2024;09:15;39,115500000000004
03.08.2024;09:30;38,275000000000006
03.08.2024;09:45;37,4345
03.08.2024;10:00;36,594
03.08.2024;10:15;36,292
03.08.2024;10:30;35,99
03.08.2024;10:45;35,688
03.08.2024;11:00;35,386
03.08.2024;11:15;35,243500000000004
03.08.2024;11:30;35,101
03.08.2024;11:45;34,9585
03.08.2024;12:00;34,816
03.08.2024;12:15;34,609750000000005
03.08.2024;12:30;34,4035
03.08.2024;12:45;34,19725
03.08.2024;13:00;33,991
03.08.2024;13:15;33,93325
03.08.2024;13:30;33,8755
03.08.2024;13:45;33,81775
03.08.2024;14:00;33,76
03.08.2024;14:15;33,967
03.08.2024;14:30;34,174
03.08.2024;14:45;34,381
03.08.2024;15:00;34,588
03.08.2024;15:15;35,0895
03.08.2024;15:30;35,591
03.08.2024;15:45;36,0925
03.08.2024;16:00;36,594
03.08.2024;16:15;37,62325
03.08.2024;16:30;38,6525
03.08.2024;16:45;39,68175
03.08.2024;17:00;40,711
03.08.2024;17:15;41,4595
03.08.2024;17:30;42,208
03.08.2024;17:45;42,9565
03.08.2024;18:00;43,705
03.08.2024;18:15;43,866749999999996
03.08.2024;18:30;44,028499999999994
03.08.2024;18:45;44,19025
03.08.2024;19:00;44,352
03.08.2024;19:15;44,7175
03.08.2024;19:30;45,083
03.08.2024;19:45;45,448499999999996
03.08.2024;20:00;45,814
03.08.2024;20:15;46,114000000000004
03.08.2024;20:30;46,414
03.08.2024;20:45;46,714
03.08.2024;21:00;47,014
03.08.2024;21:15;46,578
03.08.2024;21:30;46,142
03.08.2024;21:45;45,706
03.08.2024;22:00;45,27
03.08.2024;22:15;44,822500000000005
03.08.2024;22:30;44,375
03.08.2024;22:45;43,927499999999995
03.08.2024;23:00;43,48
03.08.2024;23:15;43,702749999999995
03.08.2024;23:30;43,9255
03.08.2024;23:45;44,148250000000004
04.08.2024;00:00;44,371
04.08.2024;00:15;44,14925
04.08.2024;00:30;43,9275
04.08.2024;00:45;43,70575
04.08.2024;01:00;43,484
04.08.2024;01:15;43,373000000000005
04.08.2024;01:30;43,262
04.08.2024;01:45;43,150999999999996
04.08.2024;02:00;43,04
04.08.2024;02:15;42,9345
04.08.2024;02:30;42,829
04.08.2024;02:45;42,7235
04.08.2024;03:00;42,618
04.08.2024;03:15;42,556250000000006
04.08.2024;03:30;42,4945
04.08.2024;03:45;42,43275
04.08.2024;04:00;42,371
04.08.2024;04:15;42,19075
04.08.2024;04:30;42,0105
04.08.2024;04:45;41,83025
04.08.2024;05:00;41,65
04.08.2024;05:15;41,5175
04.08.2024;05:30;41,385
04.08.2024;05:45;41,2525
04.08.2024;06:00;41,12
04.08.2024;06:15;41,0075
04.08.2024;06:30;40,894999999999996
04.08.2024;06:45;40,7825
04.08.2024;07:00;40,67
04.08.2024;07:15;40,438250000000004
04.08.2024;07:30;40,206500000000005
04.08.2024;07:45;39,97475
04.08.2024;08:00;39,743
04.08.2024;08:15;38,847500000000004
04.08.2024;08:30;37,952
04.08.2024;08:45;37,0565
04.08.2024;09:00;36,161
04.08.2024;09:15;35,6595
04.08.2024;09:30;35,158
04.08.2024;09:45;34,6565
04.08.2024;10:00;34,155
04.08.2024;10:15;34,005
04.08.2024;10:30;33,855000000000004
04.08.2024;10:45;33,705
04.08.2024;11:00;33,555
04.08.2024;11:15;33,505250000000004
04.08.2024;11:30;33,4555
04.08.2024;11:45;33,40575
04.08.2024;12:00;33,356
04.08.2024;12:15;33,3535
04.08.2024;12:30;33,351
04.08.2024;12:45;33,3485
04.08.2024;13:00;33,346
04.08.2024;13:15;33,293
04.08.2024;13:30;33,239999999999995
04.08.2024;13:45;33,187
04.08.2024;14:00;33,134
04.08.2024;14:15;33,18775
04.08.2024;14:30;33,2415
04.08.2024;14:45;33,295249999999996
04.08.2024;15:00;33,349
04.08.2024;15:15;33,374249999999996
04.08.2024;15:30;33,3995
04.08.2024;15:45;33,42475
04.08.2024;16:00;33,45
04.08.2024;16:15;33,9865
04.08.2024;16:30;34,522999999999996
04.08.2024;16:45;35,0595
04.08.2024;17:00;35,596
04.08.2024;17:15;36,863749999999996
04.08.2024;17:30;38,1315
04.08.2024;17:45;39,39925
04.08.2024;18:00;40,667
04.08.2024;18:15;41,47925
04.08.2024;18:30;42,2915
04.08.2024;18:45;43,10375
04.08.2024;19:00;43,916
04.08.2024;19:15;44,272499999999994
04.08.2024;19:30;44,629
04.08.2024;19:45;44,9855
04.08.2024;20:00;45,342
04.08.2024;20:15;45,46875
04.08.2024;20:30;45,5955
04.08.2024;20:45;45,722249999999995
04.08.2024;21:00;45,849
04.08.2024;21:15;45,54774999999999
04.08.2024;21:30;45,2465
04.08.2024;21:45;44,94525
04.08.2024;22:00;44,644
04.08.2024;22:15;44,44125
04.08.2024;22:30;44,2385
04.08.2024;22:45;44,03575
04.08.2024;23:00;43,833
04.08.2024;23:15;43,789249999999996
04.08.2024;23:30;43,7455
04.08.2024;23:45;43,701750000000004
05.08.2024;00:00;43,658
05.08.2024;00:15;43,214
05.08.2024;00:30;42,769999999999996
05.08.2024;00:45;42,326
05.08.2024;01:00;41,882
05.08.2024;01:15;41,8065
05.08.2024;01:30;41,730999999999995
05.08.2024;01:45;41,655499999999996
05.08.2024;02:00;41,58
05.08.2024;02:15;41,65625
05.08.2024;02:30;41,7325
05.08.2024;02:45;41,808749999999996
05.08.2024;03:00;41,885
05.08.2024;03:15;41,841
05.08.2024;03:30;41,797
05.08.2024;03:45;41,753
05.08.2024;04:00;41,709
05.08.2024;04:15;42,050250000000005
05.08.2024;04:30;42,3915
05.08.2024;04:45;42,732749999999996
05.08.2024;05:00;43,074
05.08.2024;05:15;43,6175
05.08.2024;05:30;44,161
05.08.2024;05:45;44,704499999999996
05.08.2024;06:00;45,248
05.08.2024;06:15;45,69225
05.08.2024;06:30;46,1365
05.08.2024;06:45;46,580749999999995
05.08.2024;07:00;47,025
05.08.2024;07:15;46,4555
05.08.2024;07:30;45,885999999999996
05.08.2024;07:45;45,3165
05.08.2024;08:00;44,747
05.08.2024;08:15;44,4685
05.08.2024;08:30;44,19
05.08.2024;08:45;43,911500000000004
05.08.2024;09:00;43,633
05.08.2024;09:15;42,92475
05.08.2024;09:30;42,216499999999996
05.08.2024;09:45;41,50825
05.08.2024;10:00;40,8
05.08.2024;10:15;40,545
05.08.2024;10:30;40,29
05.08.2024;10:45;40,035
05.08.2024;11:00;39,78
05.08.2024;11:15;39,6005
05.08.2024;11:30;39,421
05.08.2024;11:45;39,2415
05.08.2024;12:00;39,062
05.08.2024;12:15;38,685249999999996
05.08.2024;12:30;38,308499999999995
05.08.2024;12:45;37,93175
05.08.2024;13:00;37,555
05.08.2024;13:15;37,4125
05.08.2024;13:30;37,269999999999996
05.08.2024;13:45;37,1275
05.08.2024;14:00;36,985
05.08.2024;14:15;37,362
05.08.2024;14:30;37,739000000000004
05.08.2024;14:45;38,116
05.08.2024;15:00;38,493
05.08.2024;15:15;38,95975
05.08.2024;15:30;39,426500000000004
05.08.2024;15:45;39,89325
05.08.2024;16:00;40,36
05.08.2024;16:15;40,7425
05.08.2024;16:30;41,125
05.08.2024;16:45;41,5075
05.08.2024;17:00;41,89
05.08.2024;17:15;42,47925
05.08.2024;17:30;43,0685
05.08.2024;17:45;43,65775
05.08.2024;18:00;44,247
05.08.2024;18:15;45,34175
05.08.2024;18:30;46,436499999999995
05.08.2024;18:45;47,53125
05.08.2024;19:00;48,626
05.08.2024;19:15;51,057249999999996
05.08.2024;19:30;53,4885
05.08.2024;19:45;55,91975
05.08.2024;20:00;58,351
05.08.2024;20:15;56,373999999999995
05.08.2024;20:30;54,397
05.08.2024;20:45;52,42
05.08.2024;21:00;50,443
05.08.2024;21:15;49,17725
05.08.2024;21:30;47,911500000000004
05.08.2024;21:45;46,64575
05.08.2024;22:00;45,38
05.08.2024;22:15;44,9455
05.08.2024;22:30;44,511
05.08.2024;22:45;44,0765
05.08.2024;23:00;43,642
05.08.2024;23:15;43,64625
05.08.2024;23:30;43,6505
05.08.2024;23:45;43,65475
06.08.2024;00:00;43,659
06.08.2024;00:15;43,471
06.08.2024;00:30;43,283
06.08.2024;00:45;43,095
06.08.2024;01:00;42,907
06.08.2024;01:15;42,74875
06.08.2024;01:30;42,5905
06.08.2024;01:45;42,432249999999996
06.08.2024;02:00;42,274
06.08.2024;02:15;42,174
06.08.2024;02:30;42,074
06.08.2024;02:45;41,974000000000004
06.08.2024;03:00;41,874
06.08.2024;03:15;41,887
06.08.2024;03:30;41,900000000000006
06.08.2024;03:45;41,913000000000004
06.08.2024;04:00;41,926
06.08.2024;04:15;42,17625
06.08.2024;04:30;42,426500000000004
06.08.2024;04:45;42,67675
06.08.2024;05:00;42,927
06.08.2024;05:15;43,62925
06.08.2024;05:30;44,3315
06.08.2024;05:45;45,03375
06.08.2024;06:00;45,736
06.08.2024;06:15;45,790499999999994
06.08.2024;06:30;45,845
06.08.2024;06:45;45,8995
06.08.2024;07:00;45,954
06.08.2024;07:15;44,935249999999996
06.08.2024;07:30;43,9165
06.08.2024;07:45;42,89775
06.08.2024;08:00;41,879
06.08.2024;08:15;41,6095
06.08.2024;08:30;41,34
06.08.2024;08:45;41,0705
06.08.2024;09:00;40,801
06.08.2024;09:15;39,83925
06.08.2024;09:30;38,8775
06.08.2024;09:45;37,91575
06.08.2024;10:00;36,954
06.08.2024;10:15;36,588750000000005
06.08.2024;10:30;36,2235
06.08.2024;10:45;35,85825
06.08.2024;11:00;35,493
06.08.2024;11:15;35,353750000000005
06.08.2024;11:30;35,2145
06.08.2024;11:45;35,07525
06.08.2024;12:00;34,936
06.08.2024;12:15;34,61325
06.08.2024;12:30;34,2905
06.08.2024;12:45;33,96775
06.08.2024;13:00;33,645
06.08.2024;13:15;33,691
06.08.2024;13:30;33,737
06.08.2024;13:45;33,783
06.08.2024;14:00;33,829
06.08.2024;14:15;34,19525
06.08.2024;14:30;34,561499999999995
06.08.2024;14:45;34,927749999999996
06.08.2024;15:00;35,294
06.08.2024;15:15;35,800749999999994
06.08.2024;15:30;36,3075
06.08.2024;15:45;36,81425
06.08.2024;16:00;37,321
06.08.2024;16:15;38,382999999999996
06.08.2024;16:30;39,445
06.08.2024;16:45;40,507000000000005
06.08.2024;17:00;41,569
06.08.2024;17:15;42,1715
06.08.2024;17:30;42,774
06.08.2024;17:45;43,3765
06.08.2024;18:00;43,979
06.08.2024;18:15;45,68625
06.08.2024;18:30;47,3935
06.08.2024;18:45;49,10075
06.08.2024;19:00;50,808
06.08.2024;19:15;52,21475
06.08.2024;19:30;53,6215
06.08.2024;19:45;55,02825
06.08.2024;20:00;56,435
06.08.2024;20:15;54,925000000000004
06.08.2024;20:30;53,415000000000006
06.08.2024;20:45;51,905
06.08.2024;21:00;50,395
06.08.2024;21:15;49,09725
06.08.2024;21:30;47,7995
06.08.2024;21:45;46,50175
06.08.2024;22:00;45,204
06.08.2024;22:15;44,74125
06.08.2024;22:30;44,2785
06.08.2024;22:45;43,81575
06.08.2024;23:00;43,353
06.08.2024;23:15;43,137
06.08.2024;23:30;42,921
06.08.2024;23:45;42,705
07.08.2024;00:00;42,489
07.08.2024;00:15;42,28525
07.08.2024;00:30;42,0815
07.08.2024;00:45;41,87775
07.08.2024;01:00;41,674
07.08.2024;01:15;41,57525
07.08.2024;01:30;41,4765
07.08.2024;01:45;41,377750000000006
07.08.2024;02:00;41,279
07.08.2024;02:15;41,377750000000006
07.08.2024;02:30;41,4765
07.08.2024;02:45;41,57525
07.08.2024;03:00;41,674
07.08.2024;03:15;41,75375
07.08.2024;03:30;41,8335
07.08.2024;03:45;41,913250000000005
07.08.2024;04:00;41,993
07.08.2024;04:15;42,441250000000004
07.08.2024;04:30;42,8895
07.08.2024;04:45;43,33775
07.08.2024;05:00;43,786
07.08.2024;05:15;44,32875
07.08.2024;05:30;44,8715
07.08.2024;05:45;45,41425
07.08.2024;06:00;45,957
07.08.2024;06:15;46,00475
07.08.2024;06:30;46,0525
07.08.2024;06:45;46,10025
07.08.2024;07:00;46,148
07.08.2024;07:15;45,675000000000004
07.08.2024;07:30;45,202
07.08.2024;07:45;44,729
07.08.2024;08:00;44,256
07.08.2024;08:15;43,752250000000004
07.08.2024;08:30;43,2485
07.08.2024;08:45;42,744749999999996
07.08.2024;09:00;42,241
07.08.2024;09:15;41,85725
07.08.2024;09:30;41,4735
07.08.2024;09:45;41,08975
07.08.2024;10:00;40,706
07.08.2024;10:15;40,42925
07.08.2024;10:30;40,1525
07.08.2024;10:45;39,87575
07.08.2024;11:00;39,599
07.08.2024;11:15;39,09025
07.08.2024;11:30;38,5815
07.08.2024;11:45;38,07275
07.08.2024;12:00;37,564
07.08.2024;12:15;37,38675
07.08.2024;12:30;37,2095
07.08.2024;12:45;37,03225
07.08.2024;13:00;36,855
07.08.2024;13:15;37,2585
07.08.2024;13:30;37,662
07.08.2024;13:45;38,0655
07.08.2024;14:00;38,469
07.08.2024;14:15;38,92125
07.08.2024;14:30;39,3735
07.08.2024;14:45;39,82575
07.08.2024;15:00;40,278
07.08.2024;15:15;40,689499999999995
07.08.2024;15:30;41,101
07.08.2024;15:45;41,5125
07.08.2024;16:00;41,924
07.08.2024;16:15;42,4105
07.08.2024;16:30;42,897
07.08.2024;16:45;43,3835
07.08.2024;17:00;43,87
07.08.2024;17:15;43,90025
07.08.2024;17:30;43,930499999999995
07.08.2024;17:45;43,96075
07.08.2024;18:00;43,991
07.08.2024;18:15;44,3245
07.08.2024;18:30;44,658
07.08.2024;18:45;44,9915
07.08.2024;19:00;45,325
07.08.2024;19:15;46,063250000000004
07.08.2024;19:30;46,801500000000004
07.08.2024;19:45;47,53975
07.08.2024;20:00;48,278
07.08.2024;20:15;47,902249999999995
07.08.2024;20:30;47,5265
07.08.2024;20:45;47,15075
07.08.2024;21:00;46,775
07.08.2024;21:15;46,23725
07.08.2024;21:30;45,6995
07.08.2024;21:45;45,16175
07.08.2024;22:00;44,624
07.08.2024;22:15;44,375
07.08.2024;22:30;44,126000000000005
07.08.2024;22:45;43,877
07.08.2024;23:00;43,628
07.08.2024;23:15;43,46925
07.08.2024;23:30;43,310500000000005
07.08.2024;23:45;43,15175
08.08.2024;00:00;42,993
08.08.2024;00:15;42,78375
08.08.2024;00:30;42,5745
08.08.2024;00:45;42,36525
08.08.2024;01:00;42,156
08.08.2024;01:15;42,1385
08.08.2024;01:30;42,120999999999995
08.08.2024;01:45;42,1035
08.08.2024;02:00;42,086
08.08.2024;02:15;42,1035
08.08.2024;02:30;42,120999999999995
08.08.2024;02:45;42,1385
08.08.2024;03:00;42,156
08.08.2024;03:15;42,161249999999995
08.08.2024;03:30;42,1665
08.08.2024;03:45;42,17175
08.08.2024;04:00;42,177
08.08.2024;04:15;42,373
08.08.2024;04:30;42,569
08.08.2024;04:45;42,765
08.08.2024;05:00;42,961
08.08.2024;05:15;43,3315
08.08.2024;05:30;43,702
08.08.2024;05:45;44,0725
08.08.2024;06:00;44,443
08.08.2024;06:15;44,793
08.08.2024;06:30;45,143
08.08.2024;06:45;45,493
08.08.2024;07:00;45,843
08.08.2024;07:15;45,58
08.08.2024;07:30;45,317
08.08.2024;07:45;45,054
08.08.2024;08:00;44,791
08.08.2024;08:15;44,601749999999996
08.08.2024;08:30;44,412499999999994
08.08.2024;08:45;44,22325
08.08.2024;09:00;44,034
08.08.2024;09:15;43,5155
08.08.2024;09:30;42,997
08.08.2024;09:45;42,4785
08.08.2024;10:00;41,96
08.08.2024;10:15;41,5975
08.08.2024;10:30;41,235
08.08.2024;10:45;40,8725
08.08.2024;11:00;40,51
08.08.2024;11:15;40,14725
08.08.2024;11:30;39,784499999999994
08.08.2024;11:45;39,421749999999996
08.08.2024;12:00;39,059
08.08.2024;12:15;38,644
08.08.2024;12:30;38,229
08.08.2024;12:45;37,814
08.08.2024;13:00;37,399
08.08.2024;13:15;37,19125
08.08.2024;13:30;36,9835
08.08.2024;13:45;36,77575
08.08.2024;14:00;36,568
08.08.2024;14:15;36,7695
08.08.2024;14:30;36,971000000000004
08.08.2024;14:45;37,1725
08.08.2024;15:00;37,374
08.08.2024;15:15;37,813250000000004
08.08.2024;15:30;38,2525
08.08.2024;15:45;38,69175
08.08.2024;16:00;39,131
08.08.2024;16:15;39,698750000000004
08.08.2024;16:30;40,2665
08.08.2024;16:45;40,83425
08.08.2024;17:00;41,402
08.08.2024;17:15;41,937
08.08.2024;17:30;42,472
08.08.2024;17:45;43,007000000000005
08.08.2024;18:00;43,542
08.08.2024;18:15;44,45625
08.08.2024;18:30;45,3705
08.08.2024;18:45;46,28475
08.08.2024;19:00;47,199
08.08.2024;19:15;48,6695
08.08.2024;19:30;50,14
08.08.2024;19:45;51,6105
08.08.2024;20:00;53,081
08.08.2024;20:15;51,523250000000004
08.08.2024;20:30;49,965500000000006
08.08.2024;20:45;48,40775
08.08.2024;21:00;46,85
08.08.2024;21:15;46,025
08.08.2024;21:30;45,2
08.08.2024;21:45;44,375
08.08.2024;22:00;43,55
08.08.2024;22:15;43,339
08.08.2024;22:30;43,128
08.08.2024;22:45;42,917
08.08.2024;23:00;42,706
08.08.2024;23:15;42,95975
08.08.2024;23:30;43,213499999999996
08.08.2024;23:45;43,46725
09.08.2024;00:00;43,721
09.08.2024;00:15;43,22624999999999
09.08.2024;00:30;42,7315
09.08.2024;00:45;42,23675
09.08.2024;01:00;41,742
09.08.2024;01:15;41,3275
09.08.2024;01:30;40,913
09.08.2024;01:45;40,4985
09.08.2024;02:00;40,084
09.08.2024;02:15;40,008
09.08.2024;02:30;39,932
09.08.2024;02:45;39,856
09.08.2024;03:00;39,78
09.08.2024;03:15;39,505250000000004
09.08.2024;03:30;39,2305
09.08.2024;03:45;38,955749999999995
09.08.2024;04:00;38,681
09.08.2024;04:15;38,95725
09.08.2024;04:30;39,2335
09.08.2024;04:45;39,50975
09.08.2024;05:00;39,786
09.08.2024;05:15;40,177
09.08.2024;05:30;40,568
09.08.2024;05:45;40,959
09.08.2024;06:00;41,35
09.08.2024;06:15;41,56025
09.08.2024;06:30;41,7705
09.08.2024;06:45;41,98075
09.08.2024;07:00;42,191
09.08.2024;07:15;41,46575
09.08.2024;07:30;40,7405
09.08.2024;07:45;40,01525
09.08.2024;08:00;39,29
09.08.2024;08:15;38,58775
09.08.2024;08:30;37,8855
09.08.2024;08:45;37,18325
09.08.2024;09:00;36,481
09.08.2024;09:15;35,92275
09.08.2024;09:30;35,3645
09.08.2024;09:45;34,80625
09.08.2024;10:00;34,248
09.08.2024;10:15;34,0385
09.08.2024;10:30;33,82899999999999
09.08.2024;10:45;33,619499999999995
09.08.2024;11:00;33,41
09.08.2024;11:15;33,39425
09.08.2024;11:30;33,3785
09.08.2024;11:45;33,36275
09.08.2024;12:00;33,347
09.08.2024;12:15;33,34375
09.08.2024;12:30;33,340500000000006
09.08.2024;12:45;33,337250000000004
09.08.2024;13:00;33,334
09.08.2024;13:15;33,318000000000005
09.08.2024;13:30;33,30200000000001
09.08.2024;13:45;33,286
09.08.2024;14:00;33,27
09.08.2024;14:15;33,28725
09.08.2024;14:30;33,304500000000004
09.08.2024;14:45;33,32175
09.08.2024;15:00;33,339
09.08.2024;15:15;33,341499999999996
09.08.2024;15:30;33,343999999999994
09.08.2024;15:45;33,3465
09.08.2024;16:00;33,349
09.08.2024;16:15;33,413
09.08.2024;16:30;33,477
09.08.2024;16:45;33,541
09.08.2024;17:00;33,605
09.08.2024;17:15;34,58575
09.08.2024;17:30;35,5665
09.08.2024;17:45;36,54725
09.08.2024;18:00;37,528
09.08.2024;18:15;38,5095
09.08.2024;18:30;39,491
09.08.2024;18:45;40,4725
09.08.2024;19:00;41,454
09.08.2024;19:15;42,55225
09.08.2024;19:30;43,6505
09.08.2024;19:45;44,74875
09.08.2024;20:00;45,847
09.08.2024;20:15;45,674
09.08.2024;20:30;45,501000000000005
09.08.2024;20:45;45,328
09.08.2024;21:00;45,155
09.08.2024;21:15;45,04025
09.08.2024;21:30;44,9255
09.08.2024;21:45;44,81075
09.08.2024;22:00;44,696
09.08.2024;22:15;44,19025
09.08.2024;22:30;43,6845
09.08.2024;22:45;43,17875
09.08.2024;23:00;42,673
09.08.2024;23:15;42,469500000000004
09.08.2024;23:30;42,266000000000005
09.08.2024;23:45;42,0625
10.08.2024;00:00;41,859
10.08.2024;00:15;42,035000000000004
10.08.2024;00:30;42,211
10.08.2024;00:45;42,387
10.08.2024;01:00;42,563
10.08.2024;01:15;42,44175
10.08.2024;01:30;42,3205
10.08.2024;01:45;42,199250000000006
10.08.2024;02:00;42,078
10.08.2024;02:15;42,012750000000004
10.08.2024;02:30;41,947500000000005
10.08.2024;02:45;41,88225
10.08.2024;03:00;41,817
10.08.2024;03:15;41,7735
10.08.2024;03:30;41,730000000000004
10.08.2024;03:45;41,6865
10.08.2024;04:00;41,643
10.08.2024;04:15;41,707750000000004
10.08.2024;04:30;41,7725
10.08.2024;04:45;41,83725
10.08.2024;05:00;41,902
10.08.2024;05:15;41,981
10.08.2024;05:30;42,06
10.08.2024;05:45;42,139
10.08.2024;06:00;42,218
10.08.2024;06:15;41,901250000000005
10.08.2024;06:30;41,584500000000006
10.08.2024;06:45;41,26775
10.08.2024;07:00;40,951
10.08.2024;07:15;39,84725
10.08.2024;07:30;38,7435
10.08.2024;07:45;37,63975
10.08.2024;08:00;36,536
10.08.2024;08:15;35,7445
10.08.2024;08:30;34,953
10.08.2024;08:45;34,1615
10.08.2024;09:00;33,37
10.08.2024;09:15;33,29
10.08.2024;09:30;33,209999999999994
10.08.2024;09:45;33,129999999999995
10.08.2024;10:00;33,05
10.08.2024;10:15;32,82
10.08.2024;10:30;32,59
10.08.2024;10:45;32,36
10.08.2024;11:00;32,13
10.08.2024;11:15;31,872750000000003
10.08.2024;11:30;31,6155
10.08.2024;11:45;31,358249999999998
10.08.2024;12:00;31,101
10.08.2024;12:15;30,644
10.08.2024;12:30;30,186999999999998
10.08.2024;12:45;29,73
10.08.2024;13:00;29,273
10.08.2024;13:15;29,29
10.08.2024;13:30;29,307000000000002
10.08.2024;13:45;29,324
10.08.2024;14:00;29,341
10.08.2024;14:15;29,6015
10.08.2024;14:30;29,862000000000002
10.08.2024;14:45;30,1225
10.08.2024;15:00;30,383
10.08.2024;15:15;30,91975
10.08.2024;15:30;31,4565
10.08.2024;15:45;31,99325
10.08.2024;16:00;32,53
10.08.2024;16:15;32,73675
10.08.2024;16:30;32,9435
10.08.2024;16:45;33,15025
10.08.2024;17:00;33,357
10.08.2024;17:15;34,57625
10.08.2024;17:30;35,795500000000004
10.08.2024;17:45;37,01475
10.08.2024;18:00;38,234
10.08.2024;18:15;39,67675
10.08.2024;18:30;41,1195
10.08.2024;18:45;42,562250000000006
10.08.2024;19:00;44,005
10.08.2024;19:15;44,477000000000004
10.08.2024;19:30;44,949
10.08.2024;19:45;45,421
10.08.2024;20:00;45,893
10.08.2024;20:15;46,08225
10.08.2024;20:30;46,2715
10.08.2024;20:45;46,46075
10.08.2024;21:00;46,65
10.08.2024;21:15;46,271249999999995
10.08.2024;21:30;45,8925
10.08.2024;21:45;45,51375
10.08.2024;22:00;45,135
10.08.2024;22:15;44,854749999999996
10.08.2024;22:30;44,5745
10.08.2024;22:45;44,294250000000005
10.08.2024;23:00;44,014
10.08.2024;23:15;44,015750000000004
10.08.2024;23:30;44,0175
10.08.2024;23:45;44,01925
11.08.2024;00:00;44,021
11.08.2024;00:15;43,9575
11.08.2024;00:30;43,894000000000005
11.08.2024;00:45;43,8305
11.08.2024;01:00;43,767
11.08.2024;01:15;43,66175
11.08.2024;01:30;43,5565
11.08.2024;01:45;43,45125
11.08.2024;02:00;43,346
11.08.2024;02:15;43,2255
11.08.2024;02:30;43,105
11.08.2024;02:45;42,9845
11.08.2024;03:00;42,864
11.08.2024;03:15;42,89775
11.08.2024;03:30;42,9315
11.08.2024;03:45;42,96525
11.08.2024;04:00;42,999
11.08.2024;04:15;43,461
11.08.2024;04:30;43,923
11.08.2024;04:45;44,385000000000005
11.08.2024;05:00;44,847
11.08.2024;05:15;44,63375
11.08.2024;05:30;44,420500000000004
11.08.2024;05:45;44,20725
11.08.2024;06:00;43,994
11.08.2024;06:15;43,1085
11.08.2024;06:30;42,223
11.08.2024;06:45;41,3375
11.08.2024;07:00;40,452
11.08.2024;07:15;39,3715
11.08.2024;07:30;38,291
11.08.2024;07:45;37,2105
11.08.2024;08:00;36,13
11.08.2024;08:15;35,435
11.08.2024;08:30;34,74
11.08.2024;08:45;34,045
11.08.2024;09:00;33,35
11.08.2024;09:15;33,22475
11.08.2024;09:30;33,0995
11.08.2024;09:45;32,97425
11.08.2024;10:00;32,849
11.08.2024;10:15;32,5995
11.08.2024;10:30;32,349999999999994
11.08.2024;10:45;32,1005
11.08.2024;11:00;31,851
11.08.2024;11:15;31,42475
11.08.2024;11:30;30,9985
11.08.2024;11:45;30,57225
11.08.2024;12:00;30,146
11.08.2024;12:15;29,448
11.08.2024;12:30;28,75
11.08.2024;12:45;28,052
11.08.2024;13:00;27,354
11.08.2024;13:15;27,600749999999998
11.08.2024;13:30;27,8475
11.08.2024;13:45;28,094250000000002
11.08.2024;14:00;28,341
11.08.2024;14:15;28,80775
11.08.2024;14:30;29,2745
11.08.2024;14:45;29,74125
11.08.2024;15:00;30,208
11.08.2024;15:15;30,86925
11.08.2024;15:30;31,5305
11.08.2024;15:45;32,19175
11.08.2024;16:00;32,853
11.08.2024;16:15;33,01375
11.08.2024;16:30;33,1745
11.08.2024;16:45;33,33525
11.08.2024;17:00;33,496
11.08.2024;17:15;35,663000000000004
11.08.2024;17:30;37,83
11.08.2024;17:45;39,997
11.08.2024;18:00;42,164
11.08.2024;18:15;43,1805
11.08.2024;18:30;44,197
11.08.2024;18:45;45,213499999999996
11.08.2024;19:00;46,23
11.08.2024;19:15;46,439499999999995
11.08.2024;19:30;46,649
11.08.2024;19:45;46,8585
11.08.2024;20:00;47,068
11.08.2024;20:15;46,792249999999996
11.08.2024;20:30;46,5165
11.08.2024;20:45;46,240750000000006
11.08.2024;21:00;45,965
11.08.2024;21:15;45,561
11.08.2024;21:30;45,157
11.08.2024;21:45;44,753
11.08.2024;22:00;44,349
11.08.2024;22:15;44,03125
11.08.2024;22:30;43,713499999999996
11.08.2024;22:45;43,39575
11.08.2024;23:00;43,078
11.08.2024;23:15;43,2705
11.08.2024;23:30;43,463
11.08.2024;23:45;43,6555
12.08.2024;00:00;43,848
12.08.2024;00:15;43,589
12.08.2024;00:30;43,33
12.08.2024;00:45;43,071
12.08.2024;01:00;42,812
12.08.2024;01:15;42,579
12.08.2024;01:30;42,346000000000004
12.08.2024;01:45;42,113
12.08.2024;02:00;41,88
12.08.2024;02:15;41,9125
12.08.2024;02:30;41,945
12.08.2024;02:45;41,9775
12.08.2024;03:00;42,01
12.08.2024;03:15;42,06625
12.08.2024;03:30;42,1225
12.08.2024;03:45;42,17875
12.08.2024;04:00;42,235
12.08.2024;04:15;42,877250000000004
12.08.2024;04:30;43,5195
12.08.2024;04:45;44,16175
12.08.2024;05:00;44,804
12.08.2024;05:15;45,786
12.08.2024;05:30;46,768
12.08.2024;05:45;47,75
12.08.2024;06:00;48,732
12.08.2024;06:15;48,732
12.08.2024;06:30;48,732
12.08.2024;06:45;48,732
12.08.2024;07:00;48,732
12.08.2024;07:15;47,76775
12.08.2024;07:30;46,8035
12.08.2024;07:45;45,83925
12.08.2024;08:00;44,875
12.08.2024;08:15;43,74125
12.08.2024;08:30;42,6075
12.08.2024;08:45;41,47375
12.08.2024;09:00;40,34
12.08.2024;09:15;39,5955
12.08.2024;09:30;38,851
12.08.2024;09:45;38,106500000000004
12.08.2024;10:00;37,362
12.08.2024;10:15;36,760000000000005
12.08.2024;10:30;36,158
12.08.2024;10:45;35,556
12.08.2024;11:00;34,954
12.08.2024;11:15;34,804500000000004
12.08.2024;11:30;34,655
12.08.2024;11:45;34,5055
12.08.2024;12:00;34,356
12.08.2024;12:15;34,279
12.08.2024;12:30;34,202
12.08.2024;12:45;34,125
12.08.2024;13:00;34,048
12.08.2024;13:15;34,2185
12.08.2024;13:30;34,388999999999996
12.08.2024;13:45;34,5595
12.08.2024;14:00;34,73
12.08.2024;14:15;35,08175
12.08.2024;14:30;35,433499999999995
12.08.2024;14:45;35,78525
12.08.2024;15:00;36,137
12.08.2024;15:15;36,6565
12.08.2024;15:30;37,176
12.08.2024;15:45;37,6955
12.08.2024;16:00;38,215
12.08.2024;16:15;39,231
12.08.2024;16:30;40,247
12.08.2024;16:45;41,263000000000005
12.08.2024;17:00;42,279
12.08.2024;17:15;43,11625
12.08.2024;17:30;43,953500000000005
12.08.2024;17:45;44,79075
12.08.2024;18:00;45,628
12.08.2024;18:15;47,709
12.08.2024;18:30;49,79
12.08.2024;18:45;51,870999999999995
12.08.2024;19:00;53,952
12.08.2024;19:15;54,4225
12.08.2024;19:30;54,893
12.08.2024;19:45;55,3635
12.08.2024;20:00;55,834
12.08.2024;20:15;53,4215
12.08.2024;20:30;51,009
12.08.2024;20:45;48,5965
12.08.2024;21:00;46,184
12.08.2024;21:15;45,647499999999994
12.08.2024;21:30;45,111
12.08.2024;21:45;44,5745
12.08.2024;22:00;44,038
12.08.2024;22:15;43,86725
12.08.2024;22:30;43,6965
12.08.2024;22:45;43,525749999999995
12.08.2024;23:00;43,355
12.08.2024;23:15;43,34475
12.08.2024;23:30;43,3345
12.08.2024;23:45;43,32425
13.08.2024;00:00;43,314
13.08.2024;00:15;43,02075
13.08.2024;00:30;42,7275
13.08.2024;00:45;42,43425
13.08.2024;01:00;42,141
13.08.2024;01:15;42,10825
13.08.2024;01:30;42,0755
13.08.2024;01:45;42,04275
13.08.2024;02:00;42,01
13.08.2024;02:15;41,964749999999995
13.08.2024;02:30;41,9195
13.08.2024;02:45;41,87425
13.08.2024;03:00;41,829
13.08.2024;03:15;41,82825
13.08.2024;03:30;41,8275
13.08.2024;03:45;41,826750000000004
13.08.2024;04:00;41,826
13.08.2024;04:15;42,24125
13.08.2024;04:30;42,6565
13.08.2024;04:45;43,07175
13.08.2024;05:00;43,487
13.08.2024;05:15;44,09425
13.08.2024;05:30;44,701499999999996
13.08.2024;05:45;45,308749999999996
13.08.2024;06:00;45,916
13.08.2024;06:15;46,11725
13.08.2024;06:30;46,3185
13.08.2024;06:45;46,519749999999995
13.08.2024;07:00;46,721
13.08.2024;07:15;46,3255
13.08.2024;07:30;45,93
13.08.2024;07:45;45,5345
13.08.2024;08:00;45,139
13.08.2024;08:15;44,387
13.08.2024;08:30;43,635000000000005
13.08.2024;08:45;42,883
13.08.2024;09:00;42,131
13.08.2024;09:15;41,6025
13.08.2024;09:30;41,074
13.08.2024;09:45;40,545500000000004
13.08.2024;10:00;40,017
13.08.2024;10:15;39,74875
13.08.2024;10:30;39,480500000000006
13.08.2024;10:45;39,212250000000004
13.08.2024;11:00;38,944
13.08.2024;11:15;38,62075
13.08.2024;11:30;38,2975
13.08.2024;11:45;37,974250000000005
13.08.2024;12:00;37,651
13.08.2024;12:15;37,585
13.08.2024;12:30;37,519000000000005
13.08.2024;12:45;37,453
13.08.2024;13:00;37,387
13.08.2024;13:15;37,576750000000004
13.08.2024;13:30;37,7665
13.08.2024;13:45;37,95625
13.08.2024;14:00;38,146
13.08.2024;14:15;38,55075
13.08.2024;14:30;38,9555
13.08.2024;14:45;39,36025
13.08.2024;15:00;39,765
13.08.2024;15:15;40,31125
13.08.2024;15:30;40,8575
13.08.2024;15:45;41,40375
13.08.2024;16:00;41,95
13.08.2024;16:15;42,425000000000004
13.08.2024;16:30;42,900000000000006
13.08.2024;16:45;43,375
13.08.2024;17:00;43,85
13.08.2024;17:15;44,251000000000005
13.08.2024;17:30;44,652
13.08.2024;17:45;45,053
13.08.2024;18:00;45,454
13.08.2024;18:15;47,496
13.08.2024;18:30;49,538
13.08.2024;18:45;51,58
13.08.2024;19:00;53,622
13.08.2024;19:15;53,68775
13.08.2024;19:30;53,7535
13.08.2024;19:45;53,81925
13.08.2024;20:00;53,885
13.08.2024;20:15;51,973749999999995
13.08.2024;20:30;50,0625
13.08.2024;20:45;48,151250000000005
13.08.2024;21:00;46,24
13.08.2024;21:15;45,804500000000004
13.08.2024;21:30;45,369
13.08.2024;21:45;44,933499999999995
13.08.2024;22:00;44,498
13.08.2024;22:15;44,33575
13.08.2024;22:30;44,1735
13.08.2024;22:45;44,01125
13.08.2024;23:00;43,849
13.08.2024;23:15;43,4175
13.08.2024;23:30;42,986
13.08.2024;23:45;42,5545
14.08.2024;00:00;42,123
14.08.2024;00:15;42,1995
14.08.2024;00:30;42,275999999999996
14.08.2024;00:45;42,3525
14.08.2024;01:00;42,429
14.08.2024;01:15;42,3525
14.08.2024;01:30;42,275999999999996
14.08.2024;01:45;42,1995
14.08.2024;02:00;42,123
14.08.2024;02:15;42,26475
14.08.2024;02:30;42,406499999999994
14.08.2024;02:45;42,548249999999996
14.08.2024;03:00;42,69
14.08.2024;03:15;42,695
14.08.2024;03:30;42,7
14.08.2024;03:45;42,705
14.08.2024;04:00;42,71
14.08.2024;04:15;43,0475
14.08.2024;04:30;43,385000000000005
14.08.2024;04:45;43,722500000000004
14.08.2024;05:00;44,06
14.08.2024;05:15;44,626000000000005
14.08.2024;05:30;45,192
14.08.2024;05:45;45,757999999999996
14.08.2024;06:00;46,324
14.08.2024;06:15;46,495999999999995
14.08.2024;06:30;46,668
14.08.2024;06:45;46,84
14.08.2024;07:00;47,012
14.08.2024;07:15;46,6205
14.08.2024;07:30;46,229
14.08.2024;07:45;45,8375
14.08.2024;08:00;45,446
14.08.2024;08:15;45,14175
14.08.2024;08:30;44,8375
14.08.2024;08:45;44,533249999999995
14.08.2024;09:00;44,229
14.08.2024;09:15;43,58625
14.08.2024;09:30;42,9435
14.08.2024;09:45;42,30075
14.08.2024;10:00;41,658
14.08.2024;10:15;41,512
14.08.2024;10:30;41,366
14.08.2024;10:45;41,22
14.08.2024;11:00;41,074
14.08.2024;11:15;40,96425
14.08.2024;11:30;40,8545
14.08.2024;11:45;40,744749999999996
14.08.2024;12:00;40,635
14.08.2024;12:15;40,69825
14.08.2024;12:30;40,7615
14.08.2024;12:45;40,824749999999995
14.08.2024;13:00;40,888
14.08.2024;13:15;40,871249999999996
14.08.2024;13:30;40,8545
14.08.2024;13:45;40,83775
14.08.2024;14:00;40,821
14.08.2024;14:15;40,99675
14.08.2024;14:30;41,1725
14.08.2024;14:45;41,34825
14.08.2024;15:00;41,524
14.08.2024;15:15;41,8395
14.08.2024;15:30;42,155
14.08.2024;15:45;42,4705
14.08.2024;16:00;42,786
14.08.2024;16:15;43,06675
14.08.2024;16:30;43,3475
14.08.2024;16:45;43,62825
14.08.2024;17:00;43,909
14.08.2024;17:15;44,05625
14.08.2024;17:30;44,2035
14.08.2024;17:45;44,35075
14.08.2024;18:00;44,498
14.08.2024;18:15;45,746249999999996
14.08.2024;18:30;46,9945
14.08.2024;18:45;48,24275
14.08.2024;19:00;49,491
14.08.2024;19:15;50,92875
14.08.2024;19:30;52,3665
14.08.2024;19:45;53,804249999999996
14.08.2024;20:00;55,242
14.08.2024;20:15;53,4865
14.08.2024;20:30;51,730999999999995
14.08.2024;20:45;49,9755
14.08.2024;21:00;48,22
14.08.2024;21:15;47,51325
14.08.2024;21:30;46,8065
14.08.2024;21:45;46,09975
14.08.2024;22:00;45,393
14.08.2024;22:15;45,131
14.08.2024;22:30;44,869
14.08.2024;22:45;44,607
14.08.2024;23:00;44,345
14.08.2024;23:15;44,3545
14.08.2024;23:30;44,364000000000004
14.08.2024;23:45;44,3735
15.08.2024;00:00;44,383
15.08.2024;00:15;44,36625
15.08.2024;00:30;44,349500000000006
15.08.2024;00:45;44,332750000000004
15.08.2024;01:00;44,316
15.08.2024;01:15;44,207
15.08.2024;01:30;44,098
15.08.2024;01:45;43,989000000000004
15.08.2024;02:00;43,88
15.08.2024;02:15;43,616
15.08.2024;02:30;43,352000000000004
15.08.2024;02:45;43,088
15.08.2024;03:00;42,824
15.08.2024;03:15;42,855999999999995
15.08.2024;03:30;42,888
15.08.2024;03:45;42,92
15.08.2024;04:00;42,952
15.08.2024;04:15;43,274249999999995
15.08.2024;04:30;43,5965
15.08.2024;04:45;43,91875
15.08.2024;05:00;44,241
15.08.2024;05:15;44,512
15.08.2024;05:30;44,783
15.08.2024;05:45;45,054
15.08.2024;06:00;45,325
15.08.2024;06:15;45,349000000000004
15.08.2024;06:30;45,373000000000005
15.08.2024;06:45;45,397
15.08.2024;07:00;45,421
15.08.2024;07:15;45,2775
15.08.2024;07:30;45,134
15.08.2024;07:45;44,9905
15.08.2024;08:00;44,847
15.08.2024;08:15;44,250750000000004
15.08.2024;08:30;43,6545
15.08.2024;08:45;43,05825
15.08.2024;09:00;42,462
15.08.2024;09:15;41,661500000000004
15.08.2024;09:30;40,861000000000004
15.08.2024;09:45;40,0605
15.08.2024;10:00;39,26
15.08.2024;10:15;38,281
15.08.2024;10:30;37,302
15.08.2024;10:45;36,323
15.08.2024;11:00;35,344
15.08.2024;11:15;35,092
15.08.2024;11:30;34,84
15.08.2024;11:45;34,588
15.08.2024;12:00;34,336
15.08.2024;12:15;34,089749999999995
15.08.2024;12:30;33,8435
15.08.2024;12:45;33,59725
15.08.2024;13:00;33,351
15.08.2024;13:15;33,34975
15.08.2024;13:30;33,3485
15.08.2024;13:45;33,347249999999995
15.08.2024;14:00;33,346
15.08.2024;14:15;33,45325
15.08.2024;14:30;33,5605
15.08.2024;14:45;33,66775
15.08.2024;15:00;33,775
15.08.2024;15:15;34,504
15.08.2024;15:30;35,233000000000004
15.08.2024;15:45;35,962
15.08.2024;16:00;36,691
15.08.2024;16:15;37,78725
15.08.2024;16:30;38,8835
15.08.2024;16:45;39,97975
15.08.2024;17:00;41,076
15.08.2024;17:15;42,14275
15.08.2024;17:30;43,209500000000006
15.08.2024;17:45;44,276250000000005
15.08.2024;18:00;45,343
15.08.2024;18:15;45,9075
15.08.2024;18:30;46,472
15.08.2024;18:45;47,036500000000004
15.08.2024;19:00;47,601
15.08.2024;19:15;48,04575
15.08.2024;19:30;48,4905
15.08.2024;19:45;48,93525
15.08.2024;20:00;49,38
15.08.2024;20:15;48,8935
15.08.2024;20:30;48,407
15.08.2024;20:45;47,9205
15.08.2024;21:00;47,434
15.08.2024;21:15;46,88475
15.08.2024;21:30;46,335499999999996
15.08.2024;21:45;45,78625
15.08.2024;22:00;45,237
15.08.2024;22:15;44,63875
15.08.2024;22:30;44,0405
15.08.2024;22:45;43,44225
15.08.2024;23:00;42,844
15.08.2024;23:15;43,19475
15.08.2024;23:30;43,545500000000004
15.08.2024;23:45;43,89625
16.08.2024;00:00;44,247
16.08.2024;00:15;43,69225
16.08.2024;00:30;43,1375
16.08.2024;00:45;42,58275
16.08.2024;01:00;42,028
16.08.2024;01:15;41,998
16.08.2024;01:30;41,968
16.08.2024;01:45;41,938
16.08.2024;02:00;41,908
16.08.2024;02:15;41,91425
16.08.2024;02:30;41,920500000000004
16.08.2024;02:45;41,92675
16.08.2024;03:00;41,933
16.08.2024;03:15;41,98125
16.08.2024;03:30;42,0295
16.08.2024;03:45;42,077749999999995
16.08.2024;04:00;42,126
16.08.2024;04:15;42,23325
16.08.2024;04:30;42,3405
16.08.2024;04:45;42,44775
16.08.2024;05:00;42,555
16.08.2024;05:15;43,46425
16.08.2024;05:30;44,3735
16.08.2024;05:45;45,28275
16.08.2024;06:00;46,192
16.08.2024;06:15;46,35425
16.08.2024;06:30;46,5165
16.08.2024;06:45;46,67875
16.08.2024;07:00;46,841
16.08.2024;07:15;46,589
16.08.2024;07:30;46,337
16.08.2024;07:45;46,085
16.08.2024;08:00;45,833
16.08.2024;08:15;45,236
16.08.2024;08:30;44,638999999999996
16.08.2024;08:45;44,042
16.08.2024;09:00;43,445
16.08.2024;09:15;42,825
16.08.2024;09:30;42,205
16.08.2024;09:45;41,585
16.08.2024;10:00;40,965
16.08.2024;10:15;40,557
16.08.2024;10:30;40,149
16.08.2024;10:45;39,741
16.08.2024;11:00;39,333
16.08.2024;11:15;39,10425
16.08.2024;11:30;38,8755
16.08.2024;11:45;38,64675
16.08.2024;12:00;38,418
16.08.2024;12:15;38,39925
16.08.2024;12:30;38,3805
16.08.2024;12:45;38,36175
16.08.2024;13:00;38,343
16.08.2024;13:15;38,284000000000006
16.08.2024;13:30;38,225
16.08.2024;13:45;38,166
16.08.2024;14:00;38,107
16.08.2024;14:15;38,29675
16.08.2024;14:30;38,4865
16.08.2024;14:45;38,676249999999996
16.08.2024;15:00;38,866
16.08.2024;15:15;39,55375
16.08.2024;15:30;40,2415
16.08.2024;15:45;40,929249999999996
16.08.2024;16:00;41,617
16.08.2024;16:15;42,14425
16.08.2024;16:30;42,671499999999995
16.08.2024;16:45;43,19875
16.08.2024;17:00;43,726
16.08.2024;17:15;44,504999999999995
16.08.2024;17:30;45,284
16.08.2024;17:45;46,063
16.08.2024;18:00;46,842
16.08.2024;18:15;49,232
16.08.2024;18:30;51,622
16.08.2024;18:45;54,012
16.08.2024;19:00;56,402
16.08.2024;19:15;56,717
16.08.2024;19:30;57,032
16.08.2024;19:45;57,347
16.08.2024;20:00;57,662
16.08.2024;20:15;55,87975
16.08.2024;20:30;54,0975
16.08.2024;20:45;52,31525
16.08.2024;21:00;50,533
16.08.2024;21:15;49,600750000000005
16.08.2024;21:30;48,6685
16.08.2024;21:45;47,73625
16.08.2024;22:00;46,804
16.08.2024;22:15;46,344750000000005
16.08.2024;22:30;45,8855
16.08.2024;22:45;45,426249999999996
16.08.2024;23:00;44,967
16.08.2024;23:15;44,7405
16.08.2024;23:30;44,513999999999996
16.08.2024;23:45;44,2875
17.08.2024;00:00;44,061
17.08.2024;00:15;44,11475
17.08.2024;00:30;44,1685
17.08.2024;00:45;44,22225
17.08.2024;01:00;44,276
17.08.2024;01:15;44,12275
17.08.2024;01:30;43,9695
17.08.2024;01:45;43,81625
17.08.2024;02:00;43,663
17.08.2024;02:15;43,63025
17.08.2024;02:30;43,5975
17.08.2024;02:45;43,56475
17.08.2024;03:00;43,532
17.08.2024;03:15;43,75125
17.08.2024;03:30;43,9705
17.08.2024;03:45;44,18975
17.08.2024;04:00;44,409
17.08.2024;04:15;44,41525
17.08.2024;04:30;44,421499999999995
17.08.2024;04:45;44,427749999999996
17.08.2024;05:00;44,434
17.08.2024;05:15;44,3305
17.08.2024;05:30;44,227000000000004
17.08.2024;05:45;44,1235
17.08.2024;06:00;44,02
17.08.2024;06:15;43,951750000000004
17.08.2024;06:30;43,8835
17.08.2024;06:45;43,81525
17.08.2024;07:00;43,747
17.08.2024;07:15;43,7335
17.08.2024;07:30;43,72
17.08.2024;07:45;43,7065
17.08.2024;08:00;43,693
17.08.2024;08:15;43,20725
17.08.2024;08:30;42,7215
17.08.2024;08:45;42,235749999999996
17.08.2024;09:00;41,75
17.08.2024;09:15;41,38725
17.08.2024;09:30;41,0245
17.08.2024;09:45;40,66175
17.08.2024;10:00;40,299
17.08.2024;10:15;39,91875
17.08.2024;10:30;39,5385
17.08.2024;10:45;39,158249999999995
17.08.2024;11:00;38,778
17.08.2024;11:15;38,59425
17.08.2024;11:30;38,4105
17.08.2024;11:45;38,226749999999996
17.08.2024;12:00;38,043
17.08.2024;12:15;37,8875
17.08.2024;12:30;37,732
17.08.2024;12:45;37,576499999999996
17.08.2024;13:00;37,421
17.08.2024;13:15;37,388999999999996
17.08.2024;13:30;37,357
17.08.2024;13:45;37,325
17.08.2024;14:00;37,293
17.08.2024;14:15;37,29625
17.08.2024;14:30;37,299499999999995
17.08.2024;14:45;37,302749999999996
17.08.2024;15:00;37,306
17.08.2024;15:15;37,79425
17.08.2024;15:30;38,2825
17.08.2024;15:45;38,77075
17.08.2024;16:00;39,259
17.08.2024;16:15;39,991749999999996
17.08.2024;16:30;40,7245
17.08.2024;16:45;41,45725
17.08.2024;17:00;42,19
17.08.2024;17:15;42,971999999999994
17.08.2024;17:30;43,754
17.08.2024;17:45;44,536
17.08.2024;18:00;45,318
17.08.2024;18:15;45,839999999999996
17.08.2024;18:30;46,361999999999995
17.08.2024;18:45;46,884
17.08.2024;19:00;47,406
17.08.2024;19:15;47,6215
17.08.2024;19:30;47,837
17.08.2024;19:45;48,0525
17.08.2024;20:00;48,268
17.08.2024;20:15;47,713
17.08.2024;20:30;47,158
17.08.2024;20:45;46,603
17.08.2024;21:00;46,048
17.08.2024;21:15;45,791000000000004
17.08.2024;21:30;45,534000000000006
17.08.2024;21:45;45,277
17.08.2024;22:00;45,02
17.08.2024;22:15;44,748000000000005
17.08.2024;22:30;44,476
17.08.2024;22:45;44,204
17.08.2024;23:00;43,932
17.08.2024;23:15;44,082
17.08.2024;23:30;44,232
17.08.2024;23:45;44,382
18.08.2024;00:00;44,532
18.08.2024;00:15;44,5565
18.08.2024;00:30;44,581
18.08.2024;00:45;44,6055
18.08.2024;01:00;44,63
18.08.2024;01:15;44,46425
18.08.2024;01:30;44,298500000000004
18.08.2024;01:45;44,13275
18.08.2024;02:00;43,967
18.08.2024;02:15;43,96825
18.08.2024;02:30;43,9695
18.08.2024;02:45;43,97075
18.08.2024;03:00;43,972
18.08.2024;03:15;43,93525
18.08.2024;03:30;43,8985
18.08.2024;03:45;43,86175
18.08.2024;04:00;43,825
18.08.2024;04:15;43,8305
18.08.2024;04:30;43,836
18.08.2024;04:45;43,8415
18.08.2024;05:00;43,847
18.08.2024;05:15;43,711
18.08.2024;05:30;43,575
18.08.2024;05:45;43,439
18.08.2024;06:00;43,303
18.08.2024;06:15;43,19475
18.08.2024;06:30;43,0865
18.08.2024;06:45;42,978249999999996
18.08.2024;07:00;42,87
18.08.2024;07:15;42,695
18.08.2024;07:30;42,519999999999996
18.08.2024;07:45;42,345
18.08.2024;08:00;42,17
18.08.2024;08:15;42,023
18.08.2024;08:30;41,876000000000005
18.08.2024;08:45;41,729
18.08.2024;09:00;41,582
18.08.2024;09:15;41,327
18.08.2024;09:30;41,072
18.08.2024;09:45;40,817
18.08.2024;10:00;40,562
18.08.2024;10:15;40,571999999999996
18.08.2024;10:30;40,581999999999994
18.08.2024;10:45;40,592
18.08.2024;11:00;40,602
18.08.2024;11:15;40,43975
18.08.2024;11:30;40,2775
18.08.2024;11:45;40,11525
18.08.2024;12:00;39,953
18.08.2024;12:15;39,14325
18.08.2024;12:30;38,3335
18.08.2024;12:45;37,52375
18.08.2024;13:00;36,714
18.08.2024;13:15;36,316
18.08.2024;13:30;35,918
18.08.2024;13:45;35,519999999999996
18.08.2024;14:00;35,122
18.08.2024;14:15;35,961
18.08.2024;14:30;36,8
18.08.2024;14:45;37,639
18.08.2024;15:00;38,478
18.08.2024;15:15;38,9425
18.08.2024;15:30;39,407
18.08.2024;15:45;39,8715
18.08.2024;16:00;40,336
18.08.2024;16:15;40,649249999999995
18.08.2024;16:30;40,9625
18.08.2024;16:45;41,27575
18.08.2024;17:00;41,589
18.08.2024;17:15;41,8755
18.08.2024;17:30;42,162
18.08.2024;17:45;42,448499999999996
18.08.2024;18:00;42,735
18.08.2024;18:15;43,137
18.08.2024;18:30;43,539
18.08.2024;18:45;43,941
18.08.2024;19:00;44,343
18.08.2024;19:15;44,48675
18.08.2024;19:30;44,6305
18.08.2024;19:45;44,77425
18.08.2024;20:00;44,918
18.08.2024;20:15;44,77175
18.08.2024;20:30;44,6255
18.08.2024;20:45;44,47925
18.08.2024;21:00;44,333
18.08.2024;21:15;44,37225
18.08.2024;21:30;44,411500000000004
18.08.2024;21:45;44,45075
18.08.2024;22:00;44,49
18.08.2024;22:15;44,191250000000004
18.08.2024;22:30;43,8925
18.08.2024;22:45;43,59375
18.08.2024;23:00;43,295
18.08.2024;23:15;43,2435
18.08.2024;23:30;43,192
18.08.2024;23:45;43,1405
19.08.2024;00:00;43,089
19.08.2024;00:15;42,90675
19.08.2024;00:30;42,7245
19.08.2024;00:45;42,542249999999996
19.08.2024;01:00;42,36
19.08.2024;01:15;42,325
19.08.2024;01:30;42,29
19.08.2024;01:45;42,254999999999995
19.08.2024;02:00;42,22
19.08.2024;02:15;42,123999999999995
19.08.2024;02:30;42,028
19.08.2024;02:45;41,932
19.08.2024;03:00;41,836
19.08.2024;03:15;41,827
19.08.2024;03:30;41,818
19.08.2024;03:45;41,809
19.08.2024;04:00;41,8
19.08.2024;04:15;41,88675
19.08.2024;04:30;41,9735
19.08.2024;04:45;42,060249999999996
19.08.2024;05:00;42,147
19.08.2024;05:15;43,17275
19.08.2024;05:30;44,198499999999996
19.08.2024;05:45;45,22425
19.08.2024;06:00;46,25
19.08.2024;06:15;46,83325
19.08.2024;06:30;47,4165
19.08.2024;06:45;47,99975
19.08.2024;07:00;48,583
19.08.2024;07:15;48,01475
19.08.2024;07:30;47,4465
19.08.2024;07:45;46,87825
19.08.2024;08:00;46,31
19.08.2024;08:15;45,8845
19.08.2024;08:30;45,459
19.08.2024;08:45;45,0335
19.08.2024;09:00;44,608
19.08.2024;09:15;44,215999999999994
19.08.2024;09:30;43,824
19.08.2024;09:45;43,432
19.08.2024;10:00;43,04
19.08.2024;10:15;42,861
19.08.2024;10:30;42,682
19.08.2024;10:45;42,503
19.08.2024;11:00;42,324
19.08.2024;11:15;42,19
19.08.2024;11:30;42,056
19.08.2024;11:45;41,922
19.08.2024;12:00;41,788
19.08.2024;12:15;41,65025
19.08.2024;12:30;41,5125
19.08.2024;12:45;41,37475
19.08.2024;13:00;41,237
19.08.2024;13:15;41,2705
19.08.2024;13:30;41,304
19.08.2024;13:45;41,337500000000006
19.08.2024;14:00;41,371
19.08.2024;14:15;41,36325
19.08.2024;14:30;41,355500000000006
19.08.2024;14:45;41,347750000000005
19.08.2024;15:00;41,34
19.08.2024;15:15;41,44375
19.08.2024;15:30;41,5475
19.08.2024;15:45;41,651250000000005
19.08.2024;16:00;41,755
19.08.2024;16:15;42,17125
19.08.2024;16:30;42,587500000000006
19.08.2024;16:45;43,003750000000004
19.08.2024;17:00;43,42
19.08.2024;17:15;43,75175
19.08.2024;17:30;44,0835
19.08.2024;17:45;44,41525
19.08.2024;18:00;44,747
19.08.2024;18:15;46,89775
19.08.2024;18:30;49,048500000000004
19.08.2024;18:45;51,19925
19.08.2024;19:00;53,35
19.08.2024;19:15;53,445750000000004
19.08.2024;19:30;53,5415
19.08.2024;19:45;53,637249999999995
19.08.2024;20:00;53,733
19.08.2024;20:15;52,14
19.08.2024;20:30;50,547
19.08.2024;20:45;48,95399999999999
19.08.2024;21:00;47,361
19.08.2024;21:15;46,37875
19.08.2024;21:30;45,3965
19.08.2024;21:45;44,41425
19.08.2024;22:00;43,432
19.08.2024;22:15;43,066500000000005
19.08.2024;22:30;42,701
19.08.2024;22:45;42,335499999999996
19.08.2024;23:00;41,97
19.08.2024;23:15;42,155
19.08.2024;23:30;42,34
19.08.2024;23:45;42,525
20.08.2024;00:00;42,71
20.08.2024;00:15;42,60875
20.08.2024;00:30;42,5075
20.08.2024;00:45;42,40625
20.08.2024;01:00;42,305
20.08.2024;01:15;42,27875
20.08.2024;01:30;42,2525
20.08.2024;01:45;42,22625
20.08.2024;02:00;42,2
20.08.2024;02:15;42,22025
20.08.2024;02:30;42,2405
20.08.2024;02:45;42,26075
20.08.2024;03:00;42,281
20.08.2024;03:15;42,203
20.08.2024;03:30;42,125
20.08.2024;03:45;42,047
20.08.2024;04:00;41,969
20.08.2024;04:15;42,063500000000005
20.08.2024;04:30;42,158
20.08.2024;04:45;42,2525
20.08.2024;05:00;42,347
20.08.2024;05:15;43,17425
20.08.2024;05:30;44,0015
20.08.2024;05:45;44,82875
20.08.2024;06:00;45,656
20.08.2024;06:15;45,91025
20.08.2024;06:30;46,164500000000004
20.08.2024;06:45;46,41875
20.08.2024;07:00;46,673
20.08.2024;07:15;46,4165
20.08.2024;07:30;46,16
20.08.2024;07:45;45,9035
20.08.2024;08:00;45,647
20.08.2024;08:15;45,15
20.08.2024;08:30;44,653
20.08.2024;08:45;44,156
20.08.2024;09:00;43,659
20.08.2024;09:15;42,957
20.08.2024;09:30;42,254999999999995
20.08.2024;09:45;41,553
20.08.2024;10:00;40,851
20.08.2024;10:15;40,229
20.08.2024;10:30;39,607
20.08.2024;10:45;38,985
20.08.2024;11:00;38,363
20.08.2024;11:15;38,052
20.08.2024;11:30;37,741
20.08.2024;11:45;37,43
20.08.2024;12:00;37,119
20.08.2024;12:15;36,63225
20.08.2024;12:30;36,1455
20.08.2024;12:45;35,65875
20.08.2024;13:00;35,172
20.08.2024;13:15;35,2255
20.08.2024;13:30;35,278999999999996
20.08.2024;13:45;35,3325
20.08.2024;14:00;35,386
20.08.2024;14:15;36,099500000000006
20.08.2024;14:30;36,813
20.08.2024;14:45;37,5265
20.08.2024;15:00;38,24
20.08.2024;15:15;39,07125
20.08.2024;15:30;39,9025
20.08.2024;15:45;40,73375
20.08.2024;16:00;41,565
20.08.2024;16:15;42,12375
20.08.2024;16:30;42,6825
20.08.2024;16:45;43,241249999999994
20.08.2024;17:00;43,8
20.08.2024;17:15;44,13925
20.08.2024;17:30;44,4785
20.08.2024;17:45;44,81775
20.08.2024;18:00;45,157
20.08.2024;18:15;46,1755
20.08.2024;18:30;47,194
20.08.2024;18:45;48,2125
20.08.2024;19:00;49,231
20.08.2024;19:15;49,1285
20.08.2024;19:30;49,025999999999996
20.08.2024;19:45;48,9235
20.08.2024;20:00;48,821
20.08.2024;20:15;47,9755
20.08.2024;20:30;47,129999999999995
20.08.2024;20:45;46,2845
20.08.2024;21:00;45,439
20.08.2024;21:15;45,01225
20.08.2024;21:30;44,585499999999996
20.08.2024;21:45;44,15875
20.08.2024;22:00;43,732
20.08.2024;22:15;43,585499999999996
20.08.2024;22:30;43,439
20.08.2024;22:45;43,292500000000004
20.08.2024;23:00;43,146
20.08.2024;23:15;42,881
20.08.2024;23:30;42,616
20.08.2024;23:45;42,351
21.08.2024;00:00;42,086
21.08.2024;00:15;41,952
21.08.2024;00:30;41,818
21.08.2024;00:45;41,684
21.08.2024;01:00;41,55
21.08.2024;01:15;41,14825
21.08.2024;01:30;40,7465
21.08.2024;01:45;40,34475
21.08.2024;02:00;39,943
21.08.2024;02:15;39,697
21.08.2024;02:30;39,451
21.08.2024;02:45;39,205
21.08.2024;03:00;38,959
21.08.2024;03:15;39,06725
21.08.2024;03:30;39,1755
21.08.2024;03:45;39,283750000000005
21.08.2024;04:00;39,392
21.08.2024;04:15;39,380250000000004
21.08.2024;04:30;39,3685
21.08.2024;04:45;39,35675
21.08.2024;05:00;39,345
21.08.2024;05:15;39,87875
21.08.2024;05:30;40,412499999999994
21.08.2024;05:45;40,94625
21.08.2024;06:00;41,48
21.08.2024;06:15;41,5955
21.08.2024;06:30;41,711
21.08.2024;06:45;41,826499999999996
21.08.2024;07:00;41,942
21.08.2024;07:15;41,9785
21.08.2024;07:30;42,015
21.08.2024;07:45;42,051500000000004
21.08.2024;08:00;42,088
21.08.2024;08:15;41,2325
21.08.2024;08:30;40,376999999999995
21.08.2024;08:45;39,521499999999996
21.08.2024;09:00;38,666
21.08.2024;09:15;37,340999999999994
21.08.2024;09:30;36,016
21.08.2024;09:45;34,691
21.08.2024;10:00;33,366
21.08.2024;10:15;33,23825
21.08.2024;10:30;33,1105
21.08.2024;10:45;32,982749999999996
21.08.2024;11:00;32,855
21.08.2024;11:15;32,653499999999994
21.08.2024;11:30;32,452
21.08.2024;11:45;32,2505
21.08.2024;12:00;32,049
21.08.2024;12:15;31,86625
21.08.2024;12:30;31,683500000000002
21.08.2024;12:45;31,50075
21.08.2024;13:00;31,318
21.08.2024;13:15;31,294
21.08.2024;13:30;31,270000000000003
21.08.2024;13:45;31,246000000000002
21.08.2024;14:00;31,222
21.08.2024;14:15;31,35275
21.08.2024;14:30;31,4835
21.08.2024;14:45;31,614250000000002
21.08.2024;15:00;31,745
21.08.2024;15:15;31,83025
21.08.2024;15:30;31,9155
21.08.2024;15:45;32,00075
21.08.2024;16:00;32,086
21.08.2024;16:15;32,45225
21.08.2024;16:30;32,8185
21.08.2024;16:45;33,18475
21.08.2024;17:00;33,551
21.08.2024;17:15;35,18225
21.08.2024;17:30;36,813500000000005
21.08.2024;17:45;38,44475
21.08.2024;18:00;40,076
21.08.2024;18:15;40,94175
21.08.2024;18:30;41,807500000000005
21.08.2024;18:45;42,67325
21.08.2024;19:00;43,539
21.08.2024;19:15;44,5005
21.08.2024;19:30;45,462
21.08.2024;19:45;46,4235
21.08.2024;20:00;47,385
21.08.2024;20:15;47,15025
21.08.2024;20:30;46,915499999999994
21.08.2024;20:45;46,680749999999996
21.08.2024;21:00;46,446
21.08.2024;21:15;45,7575
21.08.2024;21:30;45,069
21.08.2024;21:45;44,3805
21.08.2024;22:00;43,692
21.08.2024;22:15;43,247749999999996
21.08.2024;22:30;42,8035
21.08.2024;22:45;42,35925
21.08.2024;23:00;41,915
21.08.2024;23:15;41,74725
21.08.2024;23:30;41,579499999999996
21.08.2024;23:45;41,41175
22.08.2024;00:00;41,244
22.08.2024;00:15;41,0965
22.08.2024;00:30;40,949
22.08.2024;00:45;40,801500000000004
22.08.2024;01:00;40,654
22.08.2024;01:15;40,8395
22.08.2024;01:30;41,025000000000006
22.08.2024;01:45;41,2105
22.08.2024;02:00;41,396
22.08.2024;02:15;41,38875
22.08.2024;02:30;41,3815
22.08.2024;02:45;41,374249999999996
22.08.2024;03:00;41,367
22.08.2024;03:15;41,1185
22.08.2024;03:30;40,87
22.08.2024;03:45;40,6215
22.08.2024;04:00;40,373
22.08.2024;04:15;40,75275
22.08.2024;04:30;41,1325
22.08.2024;04:45;41,51225
22.08.2024;05:00;41,892
22.08.2024;05:15;42,255250000000004
22.08.2024;05:30;42,6185
22.08.2024;05:45;42,98175
22.08.2024;06:00;43,345
22.08.2024;06:15;44,08275
22.08.2024;06:30;44,820499999999996
22.08.2024;06:45;45,55825
22.08.2024;07:00;46,296
22.08.2024;07:15;45,88575
22.08.2024;07:30;45,4755
22.08.2024;07:45;45,06525
22.08.2024;08:00;44,655
22.08.2024;08:15;43,65625
22.08.2024;08:30;42,6575
22.08.2024;08:45;41,65875
22.08.2024;09:00;40,66
22.08.2024;09:15;39,2025
22.08.2024;09:30;37,745
22.08.2024;09:45;36,287499999999994
22.08.2024;10:00;34,83
22.08.2024;10:15;34,46
22.08.2024;10:30;34,09
22.08.2024;10:45;33,72
22.08.2024;11:00;33,35
22.08.2024;11:15;33,3405
22.08.2024;11:30;33,331
22.08.2024;11:45;33,3215
22.08.2024;12:00;33,312
22.08.2024;12:15;33,2575
22.08.2024;12:30;33,203
22.08.2024;12:45;33,1485
22.08.2024;13:00;33,094
22.08.2024;13:15;33,12025
22.08.2024;13:30;33,1465
22.08.2024;13:45;33,17275
22.08.2024;14:00;33,199
22.08.2024;14:15;33,128
22.08.2024;14:30;33,057
22.08.2024;14:45;32,986
22.08.2024;15:00;32,915
22.08.2024;15:15;33,0215
22.08.2024;15:30;33,128
22.08.2024;15:45;33,2345
22.08.2024;16:00;33,341
22.08.2024;16:15;33,9655
22.08.2024;16:30;34,59
22.08.2024;16:45;35,2145
22.08.2024;17:00;35,839
22.08.2024;17:15;37,45325
22.08.2024;17:30;39,067499999999995
22.08.2024;17:45;40,68175
22.08.2024;18:00;42,296
22.08.2024;18:15;42,878
22.08.2024;18:30;43,46
22.08.2024;18:45;44,042
22.08.2024;19:00;44,624
22.08.2024;19:15;44,593
22.08.2024;19:30;44,562
22.08.2024;19:45;44,531
22.08.2024;20:00;44,5
22.08.2024;20:15;44,46225
22.08.2024;20:30;44,424499999999995
22.08.2024;20:45;44,38675
22.08.2024;21:00;44,349
22.08.2024;21:15;43,98625
22.08.2024;21:30;43,6235
22.08.2024;21:45;43,26075
22.08.2024;22:00;42,898
22.08.2024;22:15;42,4915
22.08.2024;22:30;42,085
22.08.2024;22:45;41,6785
22.08.2024;23:00;41,272
22.08.2024;23:15;40,589
22.08.2024;23:30;39,906
22.08.2024;23:45;39,223
23.08.2024;00:00;38,54
23.08.2024;00:15;38,38925
23.08.2024;00:30;38,2385
23.08.2024;00:45;38,08775
23.08.2024;01:00;37,937
23.08.2024;01:15;37,753
23.08.2024;01:30;37,569
23.08.2024;01:45;37,385
23.08.2024;02:00;37,201
23.08.2024;02:15;36,89725
23.08.2024;02:30;36,5935
23.08.2024;02:45;36,28975
23.08.2024;03:00;35,986
23.08.2024;03:15;35,989
23.08.2024;03:30;35,992
23.08.2024;03:45;35,995
23.08.2024;04:00;35,998
23.08.2024;04:15;36,10075
23.08.2024;04:30;36,2035
23.08.2024;04:45;36,30625
23.08.2024;05:00;36,409
23.08.2024;05:15;37,24975
23.08.2024;05:30;38,0905
23.08.2024;05:45;38,93125
23.08.2024;06:00;39,772
23.08.2024;06:15;39,682249999999996
23.08.2024;06:30;39,5925
23.08.2024;06:45;39,50275
23.08.2024;07:00;39,413
23.08.2024;07:15;38,988249999999994
23.08.2024;07:30;38,5635
23.08.2024;07:45;38,13875
23.08.2024;08:00;37,714
23.08.2024;08:15;36,7245
23.08.2024;08:30;35,735
23.08.2024;08:45;34,7455
23.08.2024;09:00;33,756
23.08.2024;09:15;33,65425
23.08.2024;09:30;33,552499999999995
23.08.2024;09:45;33,45075
23.08.2024;10:00;33,349
23.08.2024;10:15;33,25
23.08.2024;10:30;33,150999999999996
23.08.2024;10:45;33,052
23.08.2024;11:00;32,953
23.08.2024;11:15;32,81375
23.08.2024;11:30;32,6745
23.08.2024;11:45;32,535250000000005
23.08.2024;12:00;32,396
23.08.2024;12:15;32,2515
23.08.2024;12:30;32,107
23.08.2024;12:45;31,962500000000002
23.08.2024;13:00;31,818
23.08.2024;13:15;31,78725
23.08.2024;13:30;31,756500000000003
23.08.2024;13:45;31,72575
23.08.2024;14:00;31,695
23.08.2024;14:15;31,855
23.08.2024;14:30;32,015
23.08.2024;14:45;32,175
23.08.2024;15:00;32,335
23.08.2024;15:15;32,35925
23.08.2024;15:30;32,3835
23.08.2024;15:45;32,40775
23.08.2024;16:00;32,432
23.08.2024;16:15;32,66075
23.08.2024;16:30;32,8895
23.08.2024;16:45;33,11825
23.08.2024;17:00;33,347
23.08.2024;17:15;34,60275
23.08.2024;17:30;35,8585
23.08.2024;17:45;37,11425
23.08.2024;18:00;38,37
23.08.2024;18:15;39,603249999999996
23.08.2024;18:30;40,8365
23.08.2024;18:45;42,06975
23.08.2024;19:00;43,303
23.08.2024;19:15;43,778999999999996
23.08.2024;19:30;44,254999999999995
23.08.2024;19:45;44,731
23.08.2024;20:00;45,207
23.08.2024;20:15;45,3215
23.08.2024;20:30;45,436
23.08.2024;20:45;45,5505
23.08.2024;21:00;45,665
23.08.2024;21:15;45,57475
23.08.2024;21:30;45,4845
23.08.2024;21:45;45,39425
23.08.2024;22:00;45,304
23.08.2024;22:15;44,828
23.08.2024;22:30;44,352000000000004
23.08.2024;22:45;43,876
23.08.2024;23:00;43,4
23.08.2024;23:15;43,64875
23.08.2024;23:30;43,8975
23.08.2024;23:45;44,14625
24.08.2024;00:00;44,395
24.08.2024;00:15;44,22825
24.08.2024;00:30;44,0615
24.08.2024;00:45;43,89475
24.08.2024;01:00;43,728
24.08.2024;01:15;43,644000000000005
24.08.2024;01:30;43,56
24.08.2024;01:45;43,476
24.08.2024;02:00;43,392
24.08.2024;02:15;43,3885
24.08.2024;02:30;43,385000000000005
24.08.2024;02:45;43,3815
24.08.2024;03:00;43,378
24.08.2024;03:15;43,3935
24.08.2024;03:30;43,409
24.08.2024;03:45;43,424499999999995
24.08.2024;04:00;43,44
24.08.2024;04:15;43,552499999999995
24.08.2024;04:30;43,665
24.08.2024;04:45;43,7775
24.08.2024;05:00;43,89
24.08.2024;05:15;43,7805
24.08.2024;05:30;43,671
24.08.2024;05:45;43,561499999999995
24.08.2024;06:00;43,452
24.08.2024;06:15;43,48225
24.08.2024;06:30;43,5125
24.08.2024;06:45;43,54275
24.08.2024;07:00;43,573
24.08.2024;07:15;42,92275
24.08.2024;07:30;42,2725
24.08.2024;07:45;41,62225
24.08.2024;08:00;40,972
24.08.2024;08:15;39,441500000000005
24.08.2024;08:30;37,911
24.08.2024;08:45;36,3805
24.08.2024;09:00;34,85
24.08.2024;09:15;34,47425
24.08.2024;09:30;34,0985
24.08.2024;09:45;33,722750000000005
24.08.2024;10:00;33,347
24.08.2024;10:15;33,176500000000004
24.08.2024;10:30;33,006
24.08.2024;10:45;32,835499999999996
24.08.2024;11:00;32,665
24.08.2024;11:15;32,36925
24.08.2024;11:30;32,073499999999996
24.08.2024;11:45;31,777749999999997
24.08.2024;12:00;31,482
24.08.2024;12:15;30,94675
24.08.2024;12:30;30,4115
24.08.2024;12:45;29,87625
24.08.2024;13:00;29,341
24.08.2024;13:15;29,23875
24.08.2024;13:30;29,136499999999998
24.08.2024;13:45;29,03425
24.08.2024;14:00;28,932
24.08.2024;14:15;29,345499999999998
24.08.2024;14:30;29,759
24.08.2024;14:45;30,1725
24.08.2024;15:00;30,586
24.08.2024;15:15;31,073249999999998
24.08.2024;15:30;31,560499999999998
24.08.2024;15:45;32,04774999999999
24.08.2024;16:00;32,535
24.08.2024;16:15;32,714
24.08.2024;16:30;32,893
24.08.2024;16:45;33,071999999999996
24.08.2024;17:00;33,251
24.08.2024;17:15;35,06775
24.08.2024;17:30;36,8845
24.08.2024;17:45;38,70125
24.08.2024;18:00;40,518
24.08.2024;18:15;41,014
24.08.2024;18:30;41,510000000000005
24.08.2024;18:45;42,006
24.08.2024;19:00;42,502
24.08.2024;19:15;42,216
24.08.2024;19:30;41,93
24.08.2024;19:45;41,644
24.08.2024;20:00;41,358
24.08.2024;20:15;41,07875
24.08.2024;20:30;40,799499999999995
24.08.2024;20:45;40,52025
24.08.2024;21:00;40,241
24.08.2024;21:15;40,12175
24.08.2024;21:30;40,0025
24.08.2024;21:45;39,883250000000004
24.08.2024;22:00;39,764
24.08.2024;22:15;39,4105
24.08.2024;22:30;39,057
24.08.2024;22:45;38,703500000000005
24.08.2024;23:00;38,35
24.08.2024;23:15;37,10925
24.08.2024;23:30;35,8685
24.08.2024;23:45;34,62775
25.08.2024;00:00;33,387
25.08.2024;00:15;33,377250000000004
25.08.2024;00:30;33,3675
25.08.2024;00:45;33,357749999999996
25.08.2024;01:00;33,348
25.08.2024;01:15;33,34
25.08.2024;01:30;33,332
25.08.2024;01:45;33,324
25.08.2024;02:00;33,316
25.08.2024;02:15;33,2995
25.08.2024;02:30;33,283
25.08.2024;02:45;33,2665
25.08.2024;03:00;33,25
25.08.2024;03:15;33,25275
25.08.2024;03:30;33,2555
25.08.2024;03:45;33,258250000000004
25.08.2024;04:00;33,261
25.08.2024;04:15;33,27275
25.08.2024;04:30;33,2845
25.08.2024;04:45;33,29625
25.08.2024;05:00;33,308
25.08.2024;05:15;33,31725
25.08.2024;05:30;33,326499999999996
25.08.2024;05:45;33,33575
25.08.2024;06:00;33,345
25.08.2024;06:15;33,346
25.08.2024;06:30;33,346999999999994
25.08.2024;06:45;33,348
25.08.2024;07:00;33,349
25.08.2024;07:15;33,349
25.08.2024;07:30;33,349
25.08.2024;07:45;33,349
25.08.2024;08:00;33,349
25.08.2024;08:15;33,314499999999995
25.08.2024;08:30;33,28
25.08.2024;08:45;33,2455
25.08.2024;09:00;33,211
25.08.2024;09:15;33,094
25.08.2024;09:30;32,977000000000004
25.08.2024;09:45;32,86
25.08.2024;10:00;32,743
25.08.2024;10:15;32,642250000000004
25.08.2024;10:30;32,5415
25.08.2024;10:45;32,44075
25.08.2024;11:00;32,34
25.08.2024;11:15;32,205000000000005
25.08.2024;11:30;32,07
25.08.2024;11:45;31,935000000000002
25.08.2024;12:00;31,8
25.08.2024;12:15;31,68725
25.08.2024;12:30;31,5745
25.08.2024;12:45;31,461750000000002
25.08.2024;13:00;31,349
25.08.2024;13:15;31,3535
25.08.2024;13:30;31,358
25.08.2024;13:45;31,3625
25.08.2024;14:00;31,367
25.08.2024;14:15;31,609
25.08.2024;14:30;31,851
25.08.2024;14:45;32,093
25.08.2024;15:00;32,335
25.08.2024;15:15;32,463499999999996
25.08.2024;15:30;32,592
25.08.2024;15:45;32,7205
25.08.2024;16:00;32,849
25.08.2024;16:15;32,999249999999996
25.08.2024;16:30;33,1495
25.08.2024;16:45;33,29975
25.08.2024;17:00;33,45
25.08.2024;17:15;35,601
25.08.2024;17:30;37,752
25.08.2024;17:45;39,903000000000006
25.08.2024;18:00;42,054
25.08.2024;18:15;42,628
25.08.2024;18:30;43,202
25.08.2024;18:45;43,776
25.08.2024;19:00;44,35
25.08.2024;19:15;44,58625
25.08.2024;19:30;44,822500000000005
25.08.2024;19:45;45,05875
25.08.2024;20:00;45,295
25.08.2024;20:15;44,946
25.08.2024;20:30;44,597
25.08.2024;20:45;44,248000000000005
25.08.2024;21:00;43,899
25.08.2024;21:15;43,75425
25.08.2024;21:30;43,6095
25.08.2024;21:45;43,46475
25.08.2024;22:00;43,32
25.08.2024;22:15;43,1395
25.08.2024;22:30;42,959
25.08.2024;22:45;42,7785
25.08.2024;23:00;42,598
25.08.2024;23:15;42,604749999999996
25.08.2024;23:30;42,6115
25.08.2024;23:45;42,61825
26.08.2024;00:00;42,625
26.08.2024;00:15;42,4475
26.08.2024;00:30;42,269999999999996
26.08.2024;00:45;42,0925
26.08.2024;01:00;41,915
26.08.2024;01:15;41,79725
26.08.2024;01:30;41,679500000000004
26.08.2024;01:45;41,56175
26.08.2024;02:00;41,444
26.08.2024;02:15;41,5045
26.08.2024;02:30;41,565
26.08.2024;02:45;41,6255
26.08.2024;03:00;41,686
26.08.2024;03:15;41,66275
26.08.2024;03:30;41,6395
26.08.2024;03:45;41,61625
26.08.2024;04:00;41,593
26.08.2024;04:15;41,61925
26.08.2024;04:30;41,6455
26.08.2024;04:45;41,67175
26.08.2024;05:00;41,698
26.08.2024;05:15;42,43875
26.08.2024;05:30;43,179500000000004
26.08.2024;05:45;43,92025
26.08.2024;06:00;44,661
26.08.2024;06:15;45,6755
26.08.2024;06:30;46,69
26.08.2024;06:45;47,7045
26.08.2024;07:00;48,719
26.08.2024;07:15;48,151
26.08.2024;07:30;47,583
26.08.2024;07:45;47,015
26.08.2024;08:00;46,447
26.08.2024;08:15;45,646
26.08.2024;08:30;44,845
26.08.2024;08:45;44,044000000000004
26.08.2024;09:00;43,243
26.08.2024;09:15;42,69475
26.08.2024;09:30;42,1465
26.08.2024;09:45;41,59825
26.08.2024;10:00;41,05
26.08.2024;10:15;40,75775
26.08.2024;10:30;40,4655
26.08.2024;10:45;40,173249999999996
26.08.2024;11:00;39,881
26.08.2024;11:15;38,825
26.08.2024;11:30;37,769
26.08.2024;11:45;36,712999999999994
26.08.2024;12:00;35,657
26.08.2024;12:15;35,519
26.08.2024;12:30;35,381
26.08.2024;12:45;35,242999999999995
26.08.2024;13:00;35,105
26.08.2024;13:15;35,738249999999994
26.08.2024;13:30;36,3715
26.08.2024;13:45;37,00475
26.08.2024;14:00;37,638
26.08.2024;14:15;38,34225
26.08.2024;14:30;39,046499999999995
26.08.2024;14:45;39,75075
26.08.2024;15:00;40,455
26.08.2024;15:15;40,87875
26.08.2024;15:30;41,302499999999995
26.08.2024;15:45;41,72625
26.08.2024;16:00;42,15
26.08.2024;16:15;42,436749999999996
26.08.2024;16:30;42,7235
26.08.2024;16:45;43,01025
26.08.2024;17:00;43,297
26.08.2024;17:15;43,73075
26.08.2024;17:30;44,1645
26.08.2024;17:45;44,59824999999999
26.08.2024;18:00;45,032
26.08.2024;18:15;46,869249999999994
26.08.2024;18:30;48,7065
26.08.2024;18:45;50,54375
26.08.2024;19:00;52,381
26.08.2024;19:15;53,39975
26.08.2024;19:30;54,4185
26.08.2024;19:45;55,437250000000006
26.08.2024;20:00;56,456
26.08.2024;20:15;54,275000000000006
26.08.2024;20:30;52,094
26.08.2024;20:45;49,913
26.08.2024;21:00;47,732
26.08.2024;21:15;46,908
26.08.2024;21:30;46,084
26.08.2024;21:45;45,26
26.08.2024;22:00;44,436
26.08.2024;22:15;44,353
26.08.2024;22:30;44,269999999999996
26.08.2024;22:45;44,187
26.08.2024;23:00;44,104
26.08.2024;23:15;43,87575
26.08.2024;23:30;43,6475
26.08.2024;23:45;43,419250000000005
27.08.2024;00:00;43,191
27.08.2024;00:15;42,978500000000004
27.08.2024;00:30;42,766000000000005
27.08.2024;00:45;42,5535
27.08.2024;01:00;42,341
27.08.2024;01:15;42,2545
27.08.2024;01:30;42,168
27.08.2024;01:45;42,0815
27.08.2024;02:00;41,995
27.08.2024;02:15;42,01625
27.08.2024;02:30;42,037499999999994
27.08.2024;02:45;42,058749999999996
27.08.2024;03:00;42,08
27.08.2024;03:15;42,125
27.08.2024;03:30;42,17
27.08.2024;03:45;42,214999999999996
27.08.2024;04:00;42,26
27.08.2024;04:15;42,5365
27.08.2024;04:30;42,813
27.08.2024;04:45;43,0895
27.08.2024;05:00;43,366
27.08.2024;05:15;44,006
27.08.2024;05:30;44,646
27.08.2024;05:45;45,286
27.08.2024;06:00;45,926
27.08.2024;06:15;46,231750000000005
27.08.2024;06:30;46,5375
27.08.2024;06:45;46,84325
27.08.2024;07:00;47,149
27.08.2024;07:15;46,5995
27.08.2024;07:30;46,05
27.08.2024;07:45;45,5005
27.08.2024;08:00;44,951
27.08.2024;08:15;44,29925
27.08.2024;08:30;43,6475
27.08.2024;08:45;42,99575
27.08.2024;09:00;42,344
27.08.2024;09:15;41,938500000000005
27.08.2024;09:30;41,533
27.08.2024;09:45;41,1275
27.08.2024;10:00;40,722
27.08.2024;10:15;39,60725
27.08.2024;10:30;38,4925
27.08.2024;10:45;37,37775
27.08.2024;11:00;36,263
27.08.2024;11:15;35,6615
27.08.2024;11:30;35,06
27.08.2024;11:45;34,4585
27.08.2024;12:00;33,857
27.08.2024;12:15;33,75975
27.08.2024;12:30;33,6625
27.08.2024;12:45;33,565250000000006
27.08.2024;13:00;33,468
27.08.2024;13:15;33,496750000000006
27.08.2024;13:30;33,5255
27.08.2024;13:45;33,554249999999996
27.08.2024;14:00;33,583
27.08.2024;14:15;34,111
27.08.2024;14:30;34,638999999999996
27.08.2024;14:45;35,167
27.08.2024;15:00;35,695
27.08.2024;15:15;36,42125
27.08.2024;15:30;37,1475
27.08.2024;15:45;37,87375
27.08.2024;16:00;38,6
27.08.2024;16:15;39,505250000000004
27.08.2024;16:30;40,4105
27.08.2024;16:45;41,315749999999994
27.08.2024;17:00;42,221
27.08.2024;17:15;42,90475
27.08.2024;17:30;43,588499999999996
27.08.2024;17:45;44,27225
27.08.2024;18:00;44,956
27.08.2024;18:15;47,86075
27.08.2024;18:30;50,7655
27.08.2024;18:45;53,67025
27.08.2024;19:00;56,575
27.08.2024;19:15;56,216750000000005
27.08.2024;19:30;55,85850000000001
27.08.2024;19:45;55,50025
27.08.2024;20:00;55,142
27.08.2024;20:15;52,707
27.08.2024;20:30;50,272000000000006
27.08.2024;20:45;47,837
27.08.2024;21:00;45,402
27.08.2024;21:15;45,01925
27.08.2024;21:30;44,6365
27.08.2024;21:45;44,253750000000004
27.08.2024;22:00;43,871
27.08.2024;22:15;43,5525
27.08.2024;22:30;43,234
27.08.2024;22:45;42,9155
27.08.2024;23:00;42,597
27.08.2024;23:15;42,547
27.08.2024;23:30;42,497
27.08.2024;23:45;42,447
28.08.2024;00:00;42,397
28.08.2024;00:15;42,418
28.08.2024;00:30;42,439
28.08.2024;00:45;42,46
28.08.2024;01:00;42,481
28.08.2024;01:15;42,38525
28.08.2024;01:30;42,289500000000004
28.08.2024;01:45;42,19375
28.08.2024;02:00;42,098
28.08.2024;02:15;42,141
28.08.2024;02:30;42,184
28.08.2024;02:45;42,227000000000004
28.08.2024;03:00;42,27
28.08.2024;03:15;42,3335
28.08.2024;03:30;42,397000000000006
28.08.2024;03:45;42,4605
28.08.2024;04:00;42,524
28.08.2024;04:15;42,53925
28.08.2024;04:30;42,554500000000004
28.08.2024;04:45;42,56975
28.08.2024;05:00;42,585
28.08.2024;05:15;43,150999999999996
28.08.2024;05:30;43,717
28.08.2024;05:45;44,283
28.08.2024;06:00;44,849
28.08.2024;06:15;45,1885
28.08.2024;06:30;45,528
28.08.2024;06:45;45,8675
28.08.2024;07:00;46,207
28.08.2024;07:15;46,01775
28.08.2024;07:30;45,828500000000005
28.08.2024;07:45;45,639250000000004
28.08.2024;08:00;45,45
28.08.2024;08:15;45,06
28.08.2024;08:30;44,67
28.08.2024;08:45;44,28
28.08.2024;09:00;43,89
28.08.2024;09:15;43,444
28.08.2024;09:30;42,998000000000005
28.08.2024;09:45;42,552
28.08.2024;10:00;42,106
28.08.2024;10:15;41,6365
28.08.2024;10:30;41,167
28.08.2024;10:45;40,697500000000005
28.08.2024;11:00;40,228
28.08.2024;11:15;39,387
28.08.2024;11:30;38,546
28.08.2024;11:45;37,705
28.08.2024;12:00;36,864
28.08.2024;12:15;36,2455
28.08.2024;12:30;35,626999999999995
28.08.2024;12:45;35,0085
28.08.2024;13:00;34,39
28.08.2024;13:15;34,33425
28.08.2024;13:30;34,2785
28.08.2024;13:45;34,222750000000005
28.08.2024;14:00;34,167
28.08.2024;14:15;35,33375
28.08.2024;14:30;36,5005
28.08.2024;14:45;37,66725
28.08.2024;15:00;38,834
28.08.2024;15:15;39,42700000000001
28.08.2024;15:30;40,02
28.08.2024;15:45;40,613
28.08.2024;16:00;41,206
28.08.2024;16:15;41,55125
28.08.2024;16:30;41,8965
28.08.2024;16:45;42,24175
28.08.2024;17:00;42,587
28.08.2024;17:15;43,067
28.08.2024;17:30;43,547
28.08.2024;17:45;44,027
28.08.2024;18:00;44,507
28.08.2024;18:15;46,765499999999996
28.08.2024;18:30;49,024
28.08.2024;18:45;51,2825
28.08.2024;19:00;53,541
28.08.2024;19:15;53,593999999999994
28.08.2024;19:30;53,647
28.08.2024;19:45;53,7
28.08.2024;20:00;53,753
28.08.2024;20:15;51,773250000000004
28.08.2024;20:30;49,7935
28.08.2024;20:45;47,81375
28.08.2024;21:00;45,834
28.08.2024;21:15;45,507000000000005
28.08.2024;21:30;45,18000000000001
28.08.2024;21:45;44,853
28.08.2024;22:00;44,526
28.08.2024;22:15;44,224500000000006
28.08.2024;22:30;43,923
28.08.2024;22:45;43,6215
28.08.2024;23:00;43,32
28.08.2024;23:15;43,16575
28.08.2024;23:30;43,0115
28.08.2024;23:45;42,85725
29.08.2024;00:00;42,703
29.08.2024;00:15;42,71425
29.08.2024;00:30;42,7255
29.08.2024;00:45;42,73675
29.08.2024;01:00;42,748
29.08.2024;01:15;42,64375
29.08.2024;01:30;42,539500000000004
29.08.2024;01:45;42,43525
29.08.2024;02:00;42,331
29.08.2024;02:15;42,30275
29.08.2024;02:30;42,2745
29.08.2024;02:45;42,24625
29.08.2024;03:00;42,218
29.08.2024;03:15;42,23525
29.08.2024;03:30;42,2525
29.08.2024;03:45;42,26975
29.08.2024;04:00;42,287
29.08.2024;04:15;42,5835
29.08.2024;04:30;42,879999999999995
29.08.2024;04:45;43,1765
29.08.2024;05:00;43,473
29.08.2024;05:15;44,07875
29.08.2024;05:30;44,6845
29.08.2024;05:45;45,29025
29.08.2024;06:00;45,896
29.08.2024;06:15;46,12125
29.08.2024;06:30;46,3465
29.08.2024;06:45;46,571749999999994
29.08.2024;07:00;46,797
29.08.2024;07:15;46,591249999999995
29.08.2024;07:30;46,38549999999999
29.08.2024;07:45;46,17975
29.08.2024;08:00;45,974
29.08.2024;08:15;45,53574999999999
29.08.2024;08:30;45,0975
29.08.2024;08:45;44,65925
29.08.2024;09:00;44,221
29.08.2024;09:15;43,808
29.08.2024;09:30;43,394999999999996
29.08.2024;09:45;42,982
29.08.2024;10:00;42,569
29.08.2024;10:15;42,37425
29.08.2024;10:30;42,179500000000004
29.08.2024;10:45;41,98475
29.08.2024;11:00;41,79
29.08.2024;11:15;41,3245
29.08.2024;11:30;40,858999999999995
29.08.2024;11:45;40,393499999999996
29.08.2024;12:00;39,928
29.08.2024;12:15;39,41475
29.08.2024;12:30;38,9015
29.08.2024;12:45;38,38825
29.08.2024;13:00;37,875
29.08.2024;13:15;38,02675
29.08.2024;13:30;38,1785
29.08.2024;13:45;38,33025
29.08.2024;14:00;38,482
29.08.2024;14:15;39,185249999999996
29.08.2024;14:30;39,8885
29.08.2024;14:45;40,591750000000005
29.08.2024;15:00;41,295
29.08.2024;15:15;41,5625
29.08.2024;15:30;41,83
29.08.2024;15:45;42,097500000000004
29.08.2024;16:00;42,365
29.08.2024;16:15;42,74575
29.08.2024;16:30;43,1265
29.08.2024;16:45;43,50725
29.08.2024;17:00;43,888
29.08.2024;17:15;44,34125
29.08.2024;17:30;44,7945
29.08.2024;17:45;45,247749999999996
29.08.2024;18:00;45,701
29.08.2024;18:15;48,3005
29.08.2024;18:30;50,9
29.08.2024;18:45;53,4995
29.08.2024;19:00;56,099
29.08.2024;19:15;57,643499999999996
29.08.2024;19:30;59,188
29.08.2024;19:45;60,7325
29.08.2024;20:00;62,277
29.08.2024;20:15;59,2725
29.08.2024;20:30;56,268
29.08.2024;20:45;53,2635
29.08.2024;21:00;50,259
29.08.2024;21:15;49,15675
29.08.2024;21:30;48,054500000000004
29.08.2024;21:45;46,95225
29.08.2024;22:00;45,85
29.08.2024;22:15;45,4775
29.08.2024;22:30;45,105000000000004
29.08.2024;22:45;44,7325
29.08.2024;23:00;44,36
29.08.2024;23:15;44,3545
29.08.2024;23:30;44,349000000000004
29.08.2024;23:45;44,3435
30.08.2024;00:00;44,338
30.08.2024;00:15;44,0985
30.08.2024;00:30;43,859
30.08.2024;00:45;43,6195
30.08.2024;01:00;43,38
30.08.2024;01:15;43,210750000000004
30.08.2024;01:30;43,0415
30.08.2024;01:45;42,87225
30.08.2024;02:00;42,703
30.08.2024;02:15;42,69675
30.08.2024;02:30;42,6905
30.08.2024;02:45;42,68425
30.08.2024;03:00;42,678
30.08.2024;03:15;42,7865
30.08.2024;03:30;42,894999999999996
30.08.2024;03:45;43,0035
30.08.2024;04:00;43,112
30.08.2024;04:15;43,35575
30.08.2024;04:30;43,599500000000006
30.08.2024;04:45;43,843250000000005
30.08.2024;05:00;44,087
30.08.2024;05:15;44,8235
30.08.2024;05:30;45,56
30.08.2024;05:45;46,2965
30.08.2024;06:00;47,033
30.08.2024;06:15;47,38875
30.08.2024;06:30;47,7445
30.08.2024;06:45;48,10025
30.08.2024;07:00;48,456
30.08.2024;07:15;48,01825
30.08.2024;07:30;47,5805
30.08.2024;07:45;47,14275
30.08.2024;08:00;46,705
30.08.2024;08:15;46,208749999999995
30.08.2024;08:30;45,7125
30.08.2024;08:45;45,21625
30.08.2024;09:00;44,72
30.08.2024;09:15;44,3335
30.08.2024;09:30;43,947
30.08.2024;09:45;43,5605
30.08.2024;10:00;43,174
30.08.2024;10:15;42,96675
30.08.2024;10:30;42,7595
30.08.2024;10:45;42,55225
30.08.2024;11:00;42,345
30.08.2024;11:15;42,2495
30.08.2024;11:30;42,153999999999996
30.08.2024;11:45;42,0585
30.08.2024;12:00;41,963
30.08.2024;12:15;41,814750000000004
30.08.2024;12:30;41,6665
30.08.2024;12:45;41,518249999999995
30.08.2024;13:00;41,37
30.08.2024;13:15;41,342
30.08.2024;13:30;41,314
30.08.2024;13:45;41,286
30.08.2024;14:00;41,258
30.08.2024;14:15;41,3305
30.08.2024;14:30;41,403000000000006
30.08.2024;14:45;41,475500000000004
30.08.2024;15:00;41,548
30.08.2024;15:15;41,657250000000005
30.08.2024;15:30;41,7665
30.08.2024;15:45;41,87575
30.08.2024;16:00;41,985
30.08.2024;16:15;42,37525
30.08.2024;16:30;42,7655
30.08.2024;16:45;43,15575
30.08.2024;17:00;43,546
30.08.2024;17:15;43,99675
30.08.2024;17:30;44,4475
30.08.2024;17:45;44,89825
30.08.2024;18:00;45,349
30.08.2024;18:15;46,251999999999995
30.08.2024;18:30;47,155
30.08.2024;18:45;48,058
30.08.2024;19:00;48,961
30.08.2024;19:15;48,4905
30.08.2024;19:30;48,019999999999996
30.08.2024;19:45;47,5495
30.08.2024;20:00;47,079
30.08.2024;20:15;46,4645
30.08.2024;20:30;45,85
30.08.2024;20:45;45,2355
30.08.2024;21:00;44,621
30.08.2024;21:15;44,224000000000004
30.08.2024;21:30;43,827
30.08.2024;21:45;43,43
30.08.2024;22:00;43,033
30.08.2024;22:15;42,99625
30.08.2024;22:30;42,959500000000006
30.08.2024;22:45;42,92275
30.08.2024;23:00;42,886
30.08.2024;23:15;43,19375
30.08.2024;23:30;43,5015
30.08.2024;23:45;43,80925
31.08.2024;00:00;44,117
31.08.2024;00:15;44,06125
31.08.2024;00:30;44,0055
31.08.2024;00:45;43,949749999999995
31.08.2024;01:00;43,894
31.08.2024;01:15;43,8095
31.08.2024;01:30;43,724999999999994
31.08.2024;01:45;43,640499999999996
31.08.2024;02:00;43,556
31.08.2024;02:15;43,4805
31.08.2024;02:30;43,405
31.08.2024;02:45;43,329499999999996
31.08.2024;03:00;43,254
31.08.2024;03:15;43,19425
31.08.2024;03:30;43,1345
31.08.2024;03:45;43,07475
31.08.2024;04:00;43,015
31.08.2024;04:15;43,0505
31.08.2024;04:30;43,086
31.08.2024;04:45;43,1215
31.08.2024;05:00;43,157
31.08.2024;05:15;43,454499999999996
31.08.2024;05:30;43,751999999999995
31.08.2024;05:45;44,0495
31.08.2024;06:00;44,347
31.08.2024;06:15;44,3665
31.08.2024;06:30;44,385999999999996
31.08.2024;06:45;44,405499999999996
31.08.2024;07:00;44,425
31.08.2024;07:15;44,405499999999996
31.08.2024;07:30;44,385999999999996
31.08.2024;07:45;44,3665
31.08.2024;08:00;44,347
31.08.2024;08:15;43,72075
31.08.2024;08:30;43,0945
31.08.2024;08:45;42,46825
31.08.2024;09:00;41,842
31.08.2024;09:15;41,22225
31.08.2024;09:30;40,6025
31.08.2024;09:45;39,982749999999996
31.08.2024;10:00;39,363
31.08.2024;10:15;38,31825
31.08.2024;10:30;37,2735
31.08.2024;10:45;36,22875
31.08.2024;11:00;35,184
31.08.2024;11:15;34,737249999999996
31.08.2024;11:30;34,290499999999994
31.08.2024;11:45;33,84375
31.08.2024;12:00;33,397
31.08.2024;12:15;33,3705
31.08.2024;12:30;33,343999999999994
31.08.2024;12:45;33,317499999999995
31.08.2024;13:00;33,291
31.08.2024;13:15;33,28575
31.08.2024;13:30;33,2805
31.08.2024;13:45;33,27525
31.08.2024;14:00;33,27
31.08.2024;14:15;33,353750000000005
31.08.2024;14:30;33,4375
31.08.2024;14:45;33,521249999999995
31.08.2024;15:00;33,605
31.08.2024;15:15;34,134
31.08.2024;15:30;34,663
31.08.2024;15:45;35,19199999999999
31.08.2024;16:00;35,721
31.08.2024;16:15;37,12875
31.08.2024;16:30;38,5365
31.08.2024;16:45;39,94425
31.08.2024;17:00;41,352
31.08.2024;17:15;42,284
31.08.2024;17:30;43,215999999999994
31.08.2024;17:45;44,147999999999996
31.08.2024;18:00;45,08
31.08.2024;18:15;45,854749999999996
31.08.2024;18:30;46,6295
31.08.2024;18:45;47,404250000000005
31.08.2024;19:00;48,179
31.08.2024;19:15;47,64125
31.08.2024;19:30;47,1035
31.08.2024;19:45;46,56575
31.08.2024;20:00;46,028
31.08.2024;20:15;45,54075
31.08.2024;20:30;45,0535
31.08.2024;20:45;44,56625
31.08.2024;21:00;44,079
31.08.2024;21:15;43,893
31.08.2024;21:30;43,707
31.08.2024;21:45;43,521
31.08.2024;22:00;43,335
31.08.2024;22:15;43,069500000000005
31.08.2024;22:30;42,804
31.08.2024;22:45;42,5385
31.08.2024;23:00;42,273
31.08.2024;23:15;42,386250000000004
31.08.2024;23:30;42,4995
31.08.2024;23:45;42,61275
01.09.2024;00:00;42,726
01.09.2024;00:15;42,5315
01.09.2024;00:30;42,337
01.09.2024;00:45;42,1425
01.09.2024;01:00;41,948
01.09.2024;01:15;41,80775
01.09.2024;01:30;41,667500000000004
01.09.2024;01:45;41,52725
01.09.2024;02:00;41,387
01.09.2024;02:15;41,38125
01.09.2024;02:30;41,3755
01.09.2024;02:45;41,369749999999996
01.09.2024;03:00;41,364
01.09.2024;03:15;41,390499999999996
01.09.2024;03:30;41,417
01.09.2024;03:45;41,4435
01.09.2024;04:00;41,47
01.09.2024;04:15;41,444
01.09.2024;04:30;41,418
01.09.2024;04:45;41,391999999999996
01.09.2024;05:00;41,366
01.09.2024;05:15;41,34925
01.09.2024;05:30;41,332499999999996
01.09.2024;05:45;41,31575
01.09.2024;06:00;41,299
01.09.2024;06:15;41,13925
01.09.2024;06:30;40,9795
01.09.2024;06:45;40,81975
01.09.2024;07:00;40,66
01.09.2024;07:15;40,34824999999999
01.09.2024;07:30;40,0365
01.09.2024;07:45;39,72475
01.09.2024;08:00;39,413
01.09.2024;08:15;38,928999999999995
01.09.2024;08:30;38,44499999999999
01.09.2024;08:45;37,961
01.09.2024;09:00;37,477
01.09.2024;09:15;36,76349999999999
01.09.2024;09:30;36,05
01.09.2024;09:45;35,3365
01.09.2024;10:00;34,623
01.09.2024;10:15;34,285
01.09.2024;10:30;33,947
01.09.2024;10:45;33,609
01.09.2024;11:00;33,271
01.09.2024;11:15;33,0615
01.09.2024;11:30;32,852000000000004
01.09.2024;11:45;32,6425
01.09.2024;12:00;32,433
01.09.2024;12:15;32,06225
01.09.2024;12:30;31,691499999999998
01.09.2024;12:45;31,32075
01.09.2024;13:00;30,95
01.09.2024;13:15;31,0515
01.09.2024;13:30;31,153
01.09.2024;13:45;31,2545
01.09.2024;14:00;31,356
01.09.2024;14:15;31,729750000000003
01.09.2024;14:30;32,1035
01.09.2024;14:45;32,47725
01.09.2024;15:00;32,851
01.09.2024;15:15;33,61475
01.09.2024;15:30;34,3785
01.09.2024;15:45;35,14225
01.09.2024;16:00;35,906
01.09.2024;16:15;37,224
01.09.2024;16:30;38,542
01.09.2024;16:45;39,86
01.09.2024;17:00;41,178
01.09.2024;17:15;41,94875
01.09.2024;17:30;42,7195
01.09.2024;17:45;43,49025
01.09.2024;18:00;44,261
01.09.2024;18:15;44,82325
01.09.2024;18:30;45,3855
01.09.2024;18:45;45,94775
01.09.2024;19:00;46,51
01.09.2024;19:15;46,31775
01.09.2024;19:30;46,1255
01.09.2024;19:45;45,93325
01.09.2024;20:00;45,741
01.09.2024;20:15;45,334
01.09.2024;20:30;44,927
01.09.2024;20:45;44,519999999999996
01.09.2024;21:00;44,113
01.09.2024;21:15;43,97275
01.09.2024;21:30;43,832499999999996
01.09.2024;21:45;43,69225
01.09.2024;22:00;43,552
01.09.2024;22:15;43,289
01.09.2024;22:30;43,025999999999996
01.09.2024;22:45;42,763
01.09.2024;23:00;42,5
01.09.2024;23:15;42,4935
01.09.2024;23:30;42,486999999999995
01.09.2024;23:45;42,4805
02.09.2024;00:00;42,474
02.09.2024;00:15;42,56225
02.09.2024;00:30;42,650499999999994
02.09.2024;00:45;42,738749999999996
02.09.2024;01:00;42,827
02.09.2024;01:15;42,7675
02.09.2024;01:30;42,708
02.09.2024;01:45;42,6485
02.09.2024;02:00;42,589
02.09.2024;02:15;42,592
02.09.2024;02:30;42,595
02.09.2024;02:45;42,598
02.09.2024;03:00;42,601
02.09.2024;03:15;42,578
02.09.2024;03:30;42,555
02.09.2024;03:45;42,532
02.09.2024;04:00;42,509
02.09.2024;04:15;42,75725
02.09.2024;04:30;43,0055
02.09.2024;04:45;43,253750000000004
02.09.2024;05:00;43,502
02.09.2024;05:15;43,83225
02.09.2024;05:30;44,1625
02.09.2024;05:45;44,49275
02.09.2024;06:00;44,823
02.09.2024;06:15;45,3285
02.09.2024;06:30;45,834
02.09.2024;06:45;46,3395
02.09.2024;07:00;46,845
02.09.2024;07:15;46,76975
02.09.2024;07:30;46,6945
02.09.2024;07:45;46,619249999999994
02.09.2024;08:00;46,544
02.09.2024;08:15;46,311499999999995
02.09.2024;08:30;46,07899999999999
02.09.2024;08:45;45,8465
02.09.2024;09:00;45,614
02.09.2024;09:15;45,11875
02.09.2024;09:30;44,6235
02.09.2024;09:45;44,12825
02.09.2024;10:00;43,633
02.09.2024;10:15;43,332750000000004
02.09.2024;10:30;43,0325
02.09.2024;10:45;42,73225
02.09.2024;11:00;42,432
02.09.2024;11:15;42,28775
02.09.2024;11:30;42,1435
02.09.2024;11:45;41,999249999999996
02.09.2024;12:00;41,855
02.09.2024;12:15;41,7585
02.09.2024;12:30;41,662
02.09.2024;12:45;41,5655
02.09.2024;13:00;41,469
02.09.2024;13:15;41,53
02.09.2024;13:30;41,591
02.09.2024;13:45;41,652
02.09.2024;14:00;41,713
02.09.2024;14:15;41,82825
02.09.2024;14:30;41,9435
02.09.2024;14:45;42,05875
02.09.2024;15:00;42,174
02.09.2024;15:15;42,30875
02.09.2024;15:30;42,4435
02.09.2024;15:45;42,57825
02.09.2024;16:00;42,713
02.09.2024;16:15;43,19425
02.09.2024;16:30;43,6755
02.09.2024;16:45;44,15675
02.09.2024;17:00;44,638
02.09.2024;17:15;45,2605
02.09.2024;17:30;45,882999999999996
02.09.2024;17:45;46,5055
02.09.2024;18:00;47,128
02.09.2024;18:15;50,0685
02.09.2024;18:30;53,009
02.09.2024;18:45;55,9495
02.09.2024;19:00;58,89
02.09.2024;19:15;57,8065
02.09.2024;19:30;56,723
02.09.2024;19:45;55,6395
02.09.2024;20:00;54,556
02.09.2024;20:15;52,552
02.09.2024;20:30;50,548
02.09.2024;20:45;48,544
02.09.2024;21:00;46,54
02.09.2024;21:15;46,0985
02.09.2024;21:30;45,657
02.09.2024;21:45;45,2155
02.09.2024;22:00;44,774
02.09.2024;22:15;44,514
02.09.2024;22:30;44,254000000000005
02.09.2024;22:45;43,994
02.09.2024;23:00;43,734
02.09.2024;23:15;43,628
02.09.2024;23:30;43,522000000000006
02.09.2024;23:45;43,416000000000004
03.09.2024;00:00;43,31
03.09.2024;00:15;43,1475
03.09.2024;00:30;42,985
03.09.2024;00:45;42,8225
03.09.2024;01:00;42,66
03.09.2024;01:15;42,6215
03.09.2024;01:30;42,583
03.09.2024;01:45;42,5445
03.09.2024;02:00;42,506
03.09.2024;02:15;42,54875
03.09.2024;02:30;42,591499999999996
03.09.2024;02:45;42,63425
03.09.2024;03:00;42,677
03.09.2024;03:15;42,75125
03.09.2024;03:30;42,8255
03.09.2024;03:45;42,89975
03.09.2024;04:00;42,974
03.09.2024;04:15;43,135
03.09.2024;04:30;43,296
03.09.2024;04:45;43,457
03.09.2024;05:00;43,618
03.09.2024;05:15;44,48125
03.09.2024;05:30;45,3445
03.09.2024;05:45;46,20775
03.09.2024;06:00;47,071
03.09.2024;06:15;47,417249999999996
03.09.2024;06:30;47,7635
03.09.2024;06:45;48,109750000000005
03.09.2024;07:00;48,456
03.09.2024;07:15;48,02825
03.09.2024;07:30;47,6005
03.09.2024;07:45;47,17275
03.09.2024;08:00;46,745
03.09.2024;08:15;46,29575
03.09.2024;08:30;45,8465
03.09.2024;08:45;45,39725
03.09.2024;09:00;44,948
03.09.2024;09:15;44,5205
03.09.2024;09:30;44,093
03.09.2024;09:45;43,6655
03.09.2024;10:00;43,238
03.09.2024;10:15;43,0165
03.09.2024;10:30;42,795
03.09.2024;10:45;42,573499999999996
03.09.2024;11:00;42,352
03.09.2024;11:15;42,2215
03.09.2024;11:30;42,090999999999994
03.09.2024;11:45;41,960499999999996
03.09.2024;12:00;41,83
03.09.2024;12:15;41,777249999999995
03.09.2024;12:30;41,7245
03.09.2024;12:45;41,67175
03.09.2024;13:00;41,619
03.09.2024;13:15;41,655
03.09.2024;13:30;41,691
03.09.2024;13:45;41,727
03.09.2024;14:00;41,763
03.09.2024;14:15;41,826499999999996
03.09.2024;14:30;41,89
03.09.2024;14:45;41,953500000000005
03.09.2024;15:00;42,017
03.09.2024;15:15;42,1305
03.09.2024;15:30;42,244
03.09.2024;15:45;42,3575
03.09.2024;16:00;42,471
03.09.2024;16:15;43,289
03.09.2024;16:30;44,107
03.09.2024;16:45;44,925
03.09.2024;17:00;45,743
03.09.2024;17:15;50,145
03.09.2024;17:30;54,547
03.09.2024;17:45;58,949
03.09.2024;18:00;63,351
03.09.2024;18:15;72,25999999999999
03.09.2024;18:30;81,169
03.09.2024;18:45;90,078
03.09.2024;19:00;98,987
03.09.2024;19:15;95,58574999999999
03.09.2024;19:30;92,1845
03.09.2024;19:45;88,78325000000001
03.09.2024;20:00;85,382
03.09.2024;20:15;77,79825
03.09.2024;20:30;70,2145
03.09.2024;20:45;62,63075
03.09.2024;21:00;55,047
03.09.2024;21:15;52,952749999999995
03.09.2024;21:30;50,8585
03.09.2024;21:45;48,764250000000004
03.09.2024;22:00;46,67
03.09.2024;22:15;46,279
03.09.2024;22:30;45,888000000000005
03.09.2024;22:45;45,497
03.09.2024;23:00;45,106
03.09.2024;23:15;44,87125
03.09.2024;23:30;44,6365
03.09.2024;23:45;44,40175
04.09.2024;00:00;44,167
04.09.2024;00:15;43,98825
04.09.2024;00:30;43,8095
04.09.2024;00:45;43,63075
04.09.2024;01:00;43,452
04.09.2024;01:15;43,402249999999995
04.09.2024;01:30;43,3525
04.09.2024;01:45;43,30275
04.09.2024;02:00;43,253
04.09.2024;02:15;43,27675
04.09.2024;02:30;43,3005
04.09.2024;02:45;43,32425
04.09.2024;03:00;43,348
04.09.2024;03:15;43,325
04.09.2024;03:30;43,302
04.09.2024;03:45;43,278999999999996
04.09.2024;04:00;43,256
04.09.2024;04:15;43,51375
04.09.2024;04:30;43,7715
04.09.2024;04:45;44,02925
04.09.2024;05:00;44,287
04.09.2024;05:15;45,15325
04.09.2024;05:30;46,0195
04.09.2024;05:45;46,88575
04.09.2024;06:00;47,752
04.09.2024;06:15;48,6805
04.09.2024;06:30;49,609
04.09.2024;06:45;50,5375
04.09.2024;07:00;51,466
04.09.2024;07:15;50,83425
04.09.2024;07:30;50,2025
04.09.2024;07:45;49,570750000000004
04.09.2024;08:00;48,939
04.09.2024;08:15;48,174
04.09.2024;08:30;47,409
04.09.2024;08:45;46,644
04.09.2024;09:00;45,879
04.09.2024;09:15;45,427
04.09.2024;09:30;44,974999999999994
04.09.2024;09:45;44,522999999999996
04.09.2024;10:00;44,071
04.09.2024;10:15;43,792249999999996
04.09.2024;10:30;43,5135
04.09.2024;10:45;43,234750000000005
04.09.2024;11:00;42,956
04.09.2024;11:15;42,8545
04.09.2024;11:30;42,753
04.09.2024;11:45;42,6515
04.09.2024;12:00;42,55
04.09.2024;12:15;42,512249999999995
04.09.2024;12:30;42,4745
04.09.2024;12:45;42,43675
04.09.2024;13:00;42,399
04.09.2024;13:15;42,36675
04.09.2024;13:30;42,334500000000006
04.09.2024;13:45;42,30225
04.09.2024;14:00;42,27
04.09.2024;14:15;42,358000000000004
04.09.2024;14:30;42,446
04.09.2024;14:45;42,534
04.09.2024;15:00;42,622
04.09.2024;15:15;42,85025
04.09.2024;15:30;43,0785
04.09.2024;15:45;43,306749999999994
04.09.2024;16:00;43,535
04.09.2024;16:15;44,087999999999994
04.09.2024;16:30;44,641
04.09.2024;16:45;45,194
04.09.2024;17:00;45,747
04.09.2024;17:15;46,54025
04.09.2024;17:30;47,3335
04.09.2024;17:45;48,12675
04.09.2024;18:00;48,92
04.09.2024;18:15;53,029250000000005
04.09.2024;18:30;57,1385
04.09.2024;18:45;61,247749999999996
04.09.2024;19:00;65,357
04.09.2024;19:15;62,086
04.09.2024;19:30;58,815
04.09.2024;19:45;55,544000000000004
04.09.2024;20:00;52,273
04.09.2024;20:15;50,80275
04.09.2024;20:30;49,3325
04.09.2024;20:45;47,86225
04.09.2024;21:00;46,392
04.09.2024;21:15;45,846250000000005
04.09.2024;21:30;45,3005
04.09.2024;21:45;44,75475
04.09.2024;22:00;44,209
04.09.2024;22:15;43,98375
04.09.2024;22:30;43,7585
04.09.2024;22:45;43,53325
04.09.2024;23:00;43,308
04.09.2024;23:15;43,35025
04.09.2024;23:30;43,3925
04.09.2024;23:45;43,434749999999994
05.09.2024;00:00;43,477
05.09.2024;00:15;43,310249999999996
05.09.2024;00:30;43,1435
05.09.2024;00:45;42,97675
05.09.2024;01:00;42,81
05.09.2024;01:15;42,695
05.09.2024;01:30;42,58
05.09.2024;01:45;42,465
05.09.2024;02:00;42,35
05.09.2024;02:15;42,27775
05.09.2024;02:30;42,2055
05.09.2024;02:45;42,133250000000004
05.09.2024;03:00;42,061
05.09.2024;03:15;41,90625
05.09.2024;03:30;41,7515
05.09.2024;03:45;41,59675
05.09.2024;04:00;41,442
05.09.2024;04:15;41,536500000000004
05.09.2024;04:30;41,631
05.09.2024;04:45;41,7255
05.09.2024;05:00;41,82
05.09.2024;05:15;42,42875
05.09.2024;05:30;43,0375
05.09.2024;05:45;43,64625
05.09.2024;06:00;44,255
05.09.2024;06:15;44,368750000000006
05.09.2024;06:30;44,4825
05.09.2024;06:45;44,59625
05.09.2024;07:00;44,71
05.09.2024;07:15;44,846000000000004
05.09.2024;07:30;44,982
05.09.2024;07:45;45,117999999999995
05.09.2024;08:00;45,254
05.09.2024;08:15;44,72
05.09.2024;08:30;44,186
05.09.2024;08:45;43,652
05.09.2024;09:00;43,118
05.09.2024;09:15;42,452
05.09.2024;09:30;41,786
05.09.2024;09:45;41,120000000000005
05.09.2024;10:00;40,454
05.09.2024;10:15;38,68075
05.09.2024;10:30;36,9075
05.09.2024;10:45;35,134249999999994
05.09.2024;11:00;33,361
05.09.2024;11:15;33,282
05.09.2024;11:30;33,203
05.09.2024;11:45;33,124
05.09.2024;12:00;33,045
05.09.2024;12:15;32,82875
05.09.2024;12:30;32,6125
05.09.2024;12:45;32,39625
05.09.2024;13:00;32,18
05.09.2024;13:15;31,9805
05.09.2024;13:30;31,781
05.09.2024;13:45;31,581500000000002
05.09.2024;14:00;31,382
05.09.2024;14:15;31,698500000000003
05.09.2024;14:30;32,015
05.09.2024;14:45;32,331500000000005
05.09.2024;15:00;32,648
05.09.2024;15:15;32,82325
05.09.2024;15:30;32,9985
05.09.2024;15:45;33,17375
05.09.2024;16:00;33,349
05.09.2024;16:15;34,2525
05.09.2024;16:30;35,156
05.09.2024;16:45;36,0595
05.09.2024;17:00;36,963
05.09.2024;17:15;38,1835
05.09.2024;17:30;39,403999999999996
05.09.2024;17:45;40,6245
05.09.2024;18:00;41,845
05.09.2024;18:15;42,214749999999995
05.09.2024;18:30;42,5845
05.09.2024;18:45;42,95425
05.09.2024;19:00;43,324
05.09.2024;19:15;43,15375
05.09.2024;19:30;42,9835
05.09.2024;19:45;42,81325
05.09.2024;20:00;42,643
05.09.2024;20:15;42,32225
05.09.2024;20:30;42,0015
05.09.2024;20:45;41,68075
05.09.2024;21:00;41,36
05.09.2024;21:15;41,35825
05.09.2024;21:30;41,3565
05.09.2024;21:45;41,35475
05.09.2024;22:00;41,353
05.09.2024;22:15;40,9675
05.09.2024;22:30;40,582
05.09.2024;22:45;40,1965
05.09.2024;23:00;39,811
05.09.2024;23:15;39,8155
05.09.2024;23:30;39,82
05.09.2024;23:45;39,8245
06.09.2024;00:00;39,829
06.09.2024;00:15;39,73425
06.09.2024;00:30;39,6395
06.09.2024;00:45;39,54475
06.09.2024;01:00;39,45
06.09.2024;01:15;39,2055
06.09.2024;01:30;38,961
06.09.2024;01:45;38,7165
06.09.2024;02:00;38,472
06.09.2024;02:15;38,406
06.09.2024;02:30;38,34
06.09.2024;02:45;38,274
06.09.2024;03:00;38,208
06.09.2024;03:15;38,43725
06.09.2024;03:30;38,6665
06.09.2024;03:45;38,89575
06.09.2024;04:00;39,125
06.09.2024;04:15;39,42775
06.09.2024;04:30;39,7305
06.09.2024;04:45;40,033249999999995
06.09.2024;05:00;40,336
06.09.2024;05:15;40,92175
06.09.2024;05:30;41,5075
06.09.2024;05:45;42,09325
06.09.2024;06:00;42,679
06.09.2024;06:15;43,33375
06.09.2024;06:30;43,9885
06.09.2024;06:45;44,64325
06.09.2024;07:00;45,298
06.09.2024;07:15;45,32025
06.09.2024;07:30;45,3425
06.09.2024;07:45;45,36475
06.09.2024;08:00;45,387
06.09.2024;08:15;44,88
06.09.2024;08:30;44,373000000000005
06.09.2024;08:45;43,866
06.09.2024;09:00;43,359
06.09.2024;09:15;42,856750000000005
06.09.2024;09:30;42,3545
06.09.2024;09:45;41,85225
06.09.2024;10:00;41,35
06.09.2024;10:15;40,83775
06.09.2024;10:30;40,325500000000005
06.09.2024;10:45;39,813250000000004
06.09.2024;11:00;39,301
06.09.2024;11:15;38,60175
06.09.2024;11:30;37,9025
06.09.2024;11:45;37,20325
06.09.2024;12:00;36,504
06.09.2024;12:15;36,027499999999996
06.09.2024;12:30;35,551
06.09.2024;12:45;35,0745
06.09.2024;13:00;34,598
06.09.2024;13:15;34,649249999999995
06.09.2024;13:30;34,7005
06.09.2024;13:45;34,75175
06.09.2024;14:00;34,803
06.09.2024;14:15;35,19125
06.09.2024;14:30;35,579499999999996
06.09.2024;14:45;35,96775
06.09.2024;15:00;36,356
06.09.2024;15:15;37,384
06.09.2024;15:30;38,412000000000006
06.09.2024;15:45;39,440000000000005
06.09.2024;16:00;40,468
06.09.2024;16:15;40,877500000000005
06.09.2024;16:30;41,287000000000006
06.09.2024;16:45;41,6965
06.09.2024;17:00;42,106
06.09.2024;17:15;42,42375
06.09.2024;17:30;42,7415
06.09.2024;17:45;43,059250000000006
06.09.2024;18:00;43,377
06.09.2024;18:15;44,09525
06.09.2024;18:30;44,813500000000005
06.09.2024;18:45;45,53175
06.09.2024;19:00;46,25
06.09.2024;19:15;46,43725
06.09.2024;19:30;46,6245
06.09.2024;19:45;46,81175
06.09.2024;20:00;46,999
06.09.2024;20:15;46,08075
06.09.2024;20:30;45,1625
06.09.2024;20:45;44,24425
06.09.2024;21:00;43,326
06.09.2024;21:15;43,216
06.09.2024;21:30;43,106
06.09.2024;21:45;42,996
06.09.2024;22:00;42,886
06.09.2024;22:15;42,824
06.09.2024;22:30;42,762
06.09.2024;22:45;42,7
06.09.2024;23:00;42,638
06.09.2024;23:15;42,87775
06.09.2024;23:30;43,1175
06.09.2024;23:45;43,35725
07.09.2024;00:00;43,597
07.09.2024;00:15;43,457750000000004
07.09.2024;00:30;43,3185
07.09.2024;00:45;43,179249999999996
07.09.2024;01:00;43,04
07.09.2024;01:15;43,025
07.09.2024;01:30;43,01
07.09.2024;01:45;42,995
07.09.2024;02:00;42,98
07.09.2024;02:15;42,95525
07.09.2024;02:30;42,930499999999995
07.09.2024;02:45;42,90575
07.09.2024;03:00;42,881
07.09.2024;03:15;42,9555
07.09.2024;03:30;43,03
07.09.2024;03:45;43,1045
07.09.2024;04:00;43,179
07.09.2024;04:15;43,24725
07.09.2024;04:30;43,3155
07.09.2024;04:45;43,38375
07.09.2024;05:00;43,452
07.09.2024;05:15;43,5235
07.09.2024;05:30;43,595
07.09.2024;05:45;43,6665
07.09.2024;06:00;43,738
07.09.2024;06:15;43,75875
07.09.2024;06:30;43,7795
07.09.2024;06:45;43,80025
07.09.2024;07:00;43,821
07.09.2024;07:15;43,58925
07.09.2024;07:30;43,3575
07.09.2024;07:45;43,12575
07.09.2024;08:00;42,894
07.09.2024;08:15;42,61275
07.09.2024;08:30;42,3315
07.09.2024;08:45;42,05025
07.09.2024;09:00;41,769
07.09.2024;09:15;40,95225
07.09.2024;09:30;40,1355
07.09.2024;09:45;39,31875
07.09.2024;10:00;38,502
07.09.2024;10:15;37,568250000000006
07.09.2024;10:30;36,6345
07.09.2024;10:45;35,70075
07.09.2024;11:00;34,767
07.09.2024;11:15;34,54975
07.09.2024;11:30;34,3325
07.09.2024;11:45;34,11525
07.09.2024;12:00;33,898
07.09.2024;12:15;33,786500000000004
07.09.2024;12:30;33,675
07.09.2024;12:45;33,5635
07.09.2024;13:00;33,452
07.09.2024;13:15;33,4375
07.09.2024;13:30;33,423
07.09.2024;13:45;33,4085
07.09.2024;14:00;33,394
07.09.2024;14:15;33,59325
07.09.2024;14:30;33,792500000000004
07.09.2024;14:45;33,99175
07.09.2024;15:00;34,191
07.09.2024;15:15;35,22125
07.09.2024;15:30;36,2515
07.09.2024;15:45;37,28175
07.09.2024;16:00;38,312
07.09.2024;16:15;39,6065
07.09.2024;16:30;40,900999999999996
07.09.2024;16:45;42,1955
07.09.2024;17:00;43,49
07.09.2024;17:15;44,169250000000005
07.09.2024;17:30;44,8485
07.09.2024;17:45;45,52775
07.09.2024;18:00;46,207
07.09.2024;18:15;46,75275
07.09.2024;18:30;47,298500000000004
07.09.2024;18:45;47,84425
07.09.2024;19:00;48,39
07.09.2024;19:15;47,955
07.09.2024;19:30;47,519999999999996
07.09.2024;19:45;47,085
07.09.2024;20:00;46,65
07.09.2024;20:15;45,8725
07.09.2024;20:30;45,095
07.09.2024;20:45;44,317499999999995
07.09.2024;21:00;43,54
07.09.2024;21:15;43,3005
07.09.2024;21:30;43,061
07.09.2024;21:45;42,8215
07.09.2024;22:00;42,582
07.09.2024;22:15;42,505
07.09.2024;22:30;42,428
07.09.2024;22:45;42,351
07.09.2024;23:00;42,274
07.09.2024;23:15;42,39075
07.09.2024;23:30;42,5075
07.09.2024;23:45;42,62425
08.09.2024;00:00;42,741
08.09.2024;00:15;42,55475
08.09.2024;00:30;42,3685
08.09.2024;00:45;42,18225
08.09.2024;01:00;41,996
08.09.2024;01:15;41,926500000000004
08.09.2024;01:30;41,857
08.09.2024;01:45;41,7875
08.09.2024;02:00;41,718
08.09.2024;02:15;41,676
08.09.2024;02:30;41,634
08.09.2024;02:45;41,592
08.09.2024;03:00;41,55
08.09.2024;03:15;41,559749999999994
08.09.2024;03:30;41,5695
08.09.2024;03:45;41,57925
08.09.2024;04:00;41,589
08.09.2024;04:15;41,65675
08.09.2024;04:30;41,7245
08.09.2024;04:45;41,792249999999996
08.09.2024;05:00;41,86
08.09.2024;05:15;41,8165
08.09.2024;05:30;41,772999999999996
08.09.2024;05:45;41,7295
08.09.2024;06:00;41,686
08.09.2024;06:15;41,65375
08.09.2024;06:30;41,6215
08.09.2024;06:45;41,58925
08.09.2024;07:00;41,557
08.09.2024;07:15;41,423500000000004
08.09.2024;07:30;41,290000000000006
08.09.2024;07:45;41,1565
08.09.2024;08:00;41,023
08.09.2024;08:15;40,11925
08.09.2024;08:30;39,215500000000006
08.09.2024;08:45;38,31175
08.09.2024;09:00;37,408
08.09.2024;09:15;36,600750000000005
08.09.2024;09:30;35,7935
08.09.2024;09:45;34,98625
08.09.2024;10:00;34,179
08.09.2024;10:15;33,98275
08.09.2024;10:30;33,786500000000004
08.09.2024;10:45;33,59025
08.09.2024;11:00;33,394
08.09.2024;11:15;33,384
08.09.2024;11:30;33,373999999999995
08.09.2024;11:45;33,364
08.09.2024;12:00;33,354
08.09.2024;12:15;33,35325
08.09.2024;12:30;33,3525
08.09.2024;12:45;33,351749999999996
08.09.2024;13:00;33,351
08.09.2024;13:15;33,37975
08.09.2024;13:30;33,408500000000004
08.09.2024;13:45;33,43725
08.09.2024;14:00;33,466
08.09.2024;14:15;33,51625
08.09.2024;14:30;33,566500000000005
08.09.2024;14:45;33,61675
08.09.2024;15:00;33,667
08.09.2024;15:15;35,053250000000006
08.09.2024;15:30;36,4395
08.09.2024;15:45;37,82575
08.09.2024;16:00;39,212
08.09.2024;16:15;40,14625
08.09.2024;16:30;41,0805
08.09.2024;16:45;42,01475
08.09.2024;17:00;42,949
08.09.2024;17:15;43,538
08.09.2024;17:30;44,126999999999995
08.09.2024;17:45;44,716
08.09.2024;18:00;45,305
08.09.2024;18:15;45,42
08.09.2024;18:30;45,535
08.09.2024;18:45;45,65
08.09.2024;19:00;45,765
08.09.2024;19:15;45,86425
08.09.2024;19:30;45,963499999999996
08.09.2024;19:45;46,06275
08.09.2024;20:00;46,162
08.09.2024;20:15;45,888999999999996
08.09.2024;20:30;45,616
08.09.2024;20:45;45,343
08.09.2024;21:00;45,07
08.09.2024;21:15;44,785
08.09.2024;21:30;44,5
08.09.2024;21:45;44,215
08.09.2024;22:00;43,93
08.09.2024;22:15;43,71325
08.09.2024;22:30;43,4965
08.09.2024;22:45;43,27975
08.09.2024;23:00;43,063
08.09.2024;23:15;42,795
08.09.2024;23:30;42,527
08.09.2024;23:45;42,259
09.09.2024;00:00;41,991
09.09.2024;00:15;41,97475
09.09.2024;00:30;41,9585
09.09.2024;00:45;41,94225
09.09.2024;01:00;41,926
09.09.2024;01:15;41,8845
09.09.2024;01:30;41,843
09.09.2024;01:45;41,8015
09.09.2024;02:00;41,76
09.09.2024;02:15;41,70825
09.09.2024;02:30;41,656499999999994
09.09.2024;02:45;41,604749999999996
09.09.2024;03:00;41,553
09.09.2024;03:15;41,629999999999995
09.09.2024;03:30;41,706999999999994
09.09.2024;03:45;41,784
09.09.2024;04:00;41,861
09.09.2024;04:15;41,878
09.09.2024;04:30;41,894999999999996
09.09.2024;04:45;41,912
09.09.2024;05:00;41,929
09.09.2024;05:15;42,746
09.09.2024;05:30;43,563
09.09.2024;05:45;44,38
09.09.2024;06:00;45,197
09.09.2024;06:15;45,750750000000004
09.09.2024;06:30;46,304500000000004
09.09.2024;06:45;46,85825
09.09.2024;07:00;47,412
09.09.2024;07:15;47,88575
09.09.2024;07:30;48,3595
09.09.2024;07:45;48,83325
09.09.2024;08:00;49,307
09.09.2024;08:15;48,55975
09.09.2024;08:30;47,8125
09.09.2024;08:45;47,06525
09.09.2024;09:00;46,318
09.09.2024;09:15;45,84775
09.09.2024;09:30;45,3775
09.09.2024;09:45;44,90725
09.09.2024;10:00;44,437
09.09.2024;10:15;44,183749999999996
09.09.2024;10:30;43,930499999999995
09.09.2024;10:45;43,67725
09.09.2024;11:00;43,424
09.09.2024;11:15;43,28
09.09.2024;11:30;43,135999999999996
09.09.2024;11:45;42,992
09.09.2024;12:00;42,848
09.09.2024;12:15;42,70275
09.09.2024;12:30;42,557500000000005
09.09.2024;12:45;42,41225
09.09.2024;13:00;42,267
09.09.2024;13:15;42,08925
09.09.2024;13:30;41,911500000000004
09.09.2024;13:45;41,73375
09.09.2024;14:00;41,556
09.09.2024;14:15;41,604
09.09.2024;14:30;41,652
09.09.2024;14:45;41,699999999999996
09.09.2024;15:00;41,748
09.09.2024;15:15;41,6155
09.09.2024;15:30;41,483000000000004
09.09.2024;15:45;41,350500000000004
09.09.2024;16:00;41,218
09.09.2024;16:15;41,571000000000005
09.09.2024;16:30;41,92400000000001
09.09.2024;16:45;42,277
09.09.2024;17:00;42,63
09.09.2024;17:15;43,13875
09.09.2024;17:30;43,6475
09.09.2024;17:45;44,15625
09.09.2024;18:00;44,665
09.09.2024;18:15;44,70025
09.09.2024;18:30;44,7355
09.09.2024;18:45;44,77075
09.09.2024;19:00;44,806
09.09.2024;19:15;44,73025
09.09.2024;19:30;44,6545
09.09.2024;19:45;44,57875
09.09.2024;20:00;44,503
09.09.2024;20:15;44,11525
09.09.2024;20:30;43,7275
09.09.2024;20:45;43,339749999999995
09.09.2024;21:00;42,952
09.09.2024;21:15;42,75
09.09.2024;21:30;42,548
09.09.2024;21:45;42,346
09.09.2024;22:00;42,144
09.09.2024;22:15;60,445499999999996
09.09.2024;22:30;78,74699999999999
09.09.2024;22:45;97,04849999999999
09.09.2024;23:00;115,35
09.09.2024;23:15;96,5335
09.09.2024;23:30;77,717
09.09.2024;23:45;58,9005
10.09.2024;00:00;40,084
10.09.2024;00:15;39,895250000000004
10.09.2024;00:30;39,706500000000005
10.09.2024;00:45;39,51775
10.09.2024;01:00;39,329
10.09.2024;01:15;39,371
10.09.2024;01:30;39,413
10.09.2024;01:45;39,455
10.09.2024;02:00;39,497
10.09.2024;02:15;39,49425
10.09.2024;02:30;39,4915
10.09.2024;02:45;39,488749999999996
10.09.2024;03:00;39,486
10.09.2024;03:15;39,634499999999996
10.09.2024;03:30;39,783
10.09.2024;03:45;39,9315
10.09.2024;04:00;40,08
10.09.2024;04:15;40,4205
10.09.2024;04:30;40,760999999999996
10.09.2024;04:45;41,1015
10.09.2024;05:00;41,442
10.09.2024;05:15;41,997
10.09.2024;05:30;42,552
10.09.2024;05:45;43,107
10.09.2024;06:00;43,662
10.09.2024;06:15;44,3315
10.09.2024;06:30;45,001000000000005
10.09.2024;06:45;45,670500000000004
10.09.2024;07:00;46,34
10.09.2024;07:15;45,966
10.09.2024;07:30;45,592
10.09.2024;07:45;45,218
10.09.2024;08:00;44,844
10.09.2024;08:15;44,4705
10.09.2024;08:30;44,097
10.09.2024;08:45;43,7235
10.09.2024;09:00;43,35
10.09.2024;09:15;42,348
10.09.2024;09:30;41,346000000000004
10.09.2024;09:45;40,344
10.09.2024;10:00;39,342
10.09.2024;10:15;38,082
10.09.2024;10:30;36,822
10.09.2024;10:45;35,562
10.09.2024;11:00;34,302
10.09.2024;11:15;34,065
10.09.2024;11:30;33,828
10.09.2024;11:45;33,591
10.09.2024;12:00;33,354
10.09.2024;12:15;33,35125
10.09.2024;12:30;33,3485
10.09.2024;12:45;33,34575
10.09.2024;13:00;33,343
10.09.2024;13:15;33,34075
10.09.2024;13:30;33,3385
10.09.2024;13:45;33,33625000000001
10.09.2024;14:00;33,334
10.09.2024;14:15;33,337
10.09.2024;14:30;33,34
10.09.2024;14:45;33,342999999999996
10.09.2024;15:00;33,346
10.09.2024;15:15;33,3525
10.09.2024;15:30;33,358999999999995
10.09.2024;15:45;33,3655
10.09.2024;16:00;33,372
10.09.2024;16:15;33,91075
10.09.2024;16:30;34,4495
10.09.2024;16:45;34,98825
10.09.2024;17:00;35,527
10.09.2024;17:15;36,99275
10.09.2024;17:30;38,4585
10.09.2024;17:45;39,92425
10.09.2024;18:00;41,39
10.09.2024;18:15;41,70275
10.09.2024;18:30;42,0155
10.09.2024;18:45;42,32825
10.09.2024;19:00;42,641
10.09.2024;19:15;42,399499999999996
10.09.2024;19:30;42,158
10.09.2024;19:45;41,9165
10.09.2024;20:00;41,675
10.09.2024;20:15;41,64425
10.09.2024;20:30;41,6135
10.09.2024;20:45;41,58275
10.09.2024;21:00;41,552
10.09.2024;21:15;41,417249999999996
10.09.2024;21:30;41,2825
10.09.2024;21:45;41,14775
10.09.2024;22:00;41,013
10.09.2024;22:15;40,70675
10.09.2024;22:30;40,400499999999994
10.09.2024;22:45;40,094249999999995
10.09.2024;23:00;39,788
10.09.2024;23:15;39,1785
10.09.2024;23:30;38,569
10.09.2024;23:45;37,9595
11.09.2024;00:00;37,35
11.09.2024;00:15;37,347750000000005
11.09.2024;00:30;37,3455
11.09.2024;00:45;37,34325
11.09.2024;01:00;37,341
11.09.2024;01:15;37,168
11.09.2024;01:30;36,995000000000005
11.09.2024;01:45;36,822
11.09.2024;02:00;36,649
11.09.2024;02:15;36,667500000000004
11.09.2024;02:30;36,686
11.09.2024;02:45;36,704499999999996
11.09.2024;03:00;36,723
11.09.2024;03:15;36,853
11.09.2024;03:30;36,983000000000004
11.09.2024;03:45;37,113
11.09.2024;04:00;37,243
11.09.2024;04:15;37,80875
11.09.2024;04:30;38,3745
11.09.2024;04:45;38,94025
11.09.2024;05:00;39,506
11.09.2024;05:15;40,13675
11.09.2024;05:30;40,7675
11.09.2024;05:45;41,398250000000004
11.09.2024;06:00;42,029
11.09.2024;06:15;42,298
11.09.2024;06:30;42,567
11.09.2024;06:45;42,836
11.09.2024;07:00;43,105
11.09.2024;07:15;43,43425
11.09.2024;07:30;43,76349999999999
11.09.2024;07:45;44,092749999999995
11.09.2024;08:00;44,422
11.09.2024;08:15;44,093999999999994
11.09.2024;08:30;43,766
11.09.2024;08:45;43,438
11.09.2024;09:00;43,11
11.09.2024;09:15;42,59025
11.09.2024;09:30;42,070499999999996
11.09.2024;09:45;41,55075
11.09.2024;10:00;41,031
11.09.2024;10:15;40,7985
11.09.2024;10:30;40,566
11.09.2024;10:45;40,3335
11.09.2024;11:00;40,101
11.09.2024;11:15;39,9745
11.09.2024;11:30;39,848
11.09.2024;11:45;39,7215
11.09.2024;12:00;39,595
11.09.2024;12:15;39,629999999999995
11.09.2024;12:30;39,665
11.09.2024;12:45;39,7
11.09.2024;13:00;39,735
11.09.2024;13:15;39,863749999999996
11.09.2024;13:30;39,9925
11.09.2024;13:45;40,12125
11.09.2024;14:00;40,25
11.09.2024;14:15;40,25125
11.09.2024;14:30;40,2525
11.09.2024;14:45;40,253750000000004
11.09.2024;15:00;40,255
11.09.2024;15:15;40,447500000000005
11.09.2024;15:30;40,64
11.09.2024;15:45;40,832499999999996
11.09.2024;16:00;41,025
11.09.2024;16:15;41,641
11.09.2024;16:30;42,257
11.09.2024;16:45;42,873
11.09.2024;17:00;43,489
11.09.2024;17:15;43,83275
11.09.2024;17:30;44,1765
11.09.2024;17:45;44,52025
11.09.2024;18:00;44,864
11.09.2024;18:15;45,557
11.09.2024;18:30;46,25
11.09.2024;18:45;46,943
11.09.2024;19:00;47,636
11.09.2024;19:15;47,5235
11.09.2024;19:30;47,411
11.09.2024;19:45;47,298500000000004
11.09.2024;20:00;47,186
11.09.2024;20:15;46,6055
11.09.2024;20:30;46,025
11.09.2024;20:45;45,4445
11.09.2024;21:00;44,864
11.09.2024;21:15;44,559749999999994
11.09.2024;21:30;44,2555
11.09.2024;21:45;43,95125
11.09.2024;22:00;43,647
11.09.2024;22:15;43,61
11.09.2024;22:30;43,573
11.09.2024;22:45;43,536
11.09.2024;23:00;43,499
11.09.2024;23:15;43,21325
11.09.2024;23:30;42,9275
11.09.2024;23:45;42,64175
12.09.2024;00:00;42,356
12.09.2024;00:15;42,207
12.09.2024;00:30;42,058
12.09.2024;00:45;41,909
12.09.2024;01:00;41,76
12.09.2024;01:15;41,75575
12.09.2024;01:30;41,7515
12.09.2024;01:45;41,74725
12.09.2024;02:00;41,743
12.09.2024;02:15;41,731
12.09.2024;02:30;41,719
12.09.2024;02:45;41,707
12.09.2024;03:00;41,695
12.09.2024;03:15;41,73425
12.09.2024;03:30;41,7735
12.09.2024;03:45;41,812749999999994
12.09.2024;04:00;41,852
12.09.2024;04:15;41,899499999999996
12.09.2024;04:30;41,947
12.09.2024;04:45;41,9945
12.09.2024;05:00;42,042
12.09.2024;05:15;42,568
12.09.2024;05:30;43,094
12.09.2024;05:45;43,620000000000005
12.09.2024;06:00;44,146
12.09.2024;06:15;44,8205
12.09.2024;06:30;45,495000000000005
12.09.2024;06:45;46,1695
12.09.2024;07:00;46,844
12.09.2024;07:15;46,869
12.09.2024;07:30;46,894000000000005
12.09.2024;07:45;46,919000000000004
12.09.2024;08:00;46,944
12.09.2024;08:15;46,1295
12.09.2024;08:30;45,315
12.09.2024;08:45;44,5005
12.09.2024;09:00;43,686
12.09.2024;09:15;43,227000000000004
12.09.2024;09:30;42,768
12.09.2024;09:45;42,309
12.09.2024;10:00;41,85
12.09.2024;10:15;41,73525
12.09.2024;10:30;41,6205
12.09.2024;10:45;41,50575
12.09.2024;11:00;41,391
12.09.2024;11:15;41,34625
12.09.2024;11:30;41,301500000000004
12.09.2024;11:45;41,256750000000004
12.09.2024;12:00;41,212
12.09.2024;12:15;41,20225000000001
12.09.2024;12:30;41,1925
12.09.2024;12:45;41,18275
12.09.2024;13:00;41,173
12.09.2024;13:15;41,22
12.09.2024;13:30;41,266999999999996
12.09.2024;13:45;41,314
12.09.2024;14:00;41,361
12.09.2024;14:15;41,4815
12.09.2024;14:30;41,602000000000004
12.09.2024;14:45;41,722500000000004
12.09.2024;15:00;41,843
12.09.2024;15:15;42,011500000000005
12.09.2024;15:30;42,18000000000001
12.09.2024;15:45;42,3485
12.09.2024;16:00;42,517
12.09.2024;16:15;42,96875
12.09.2024;16:30;43,420500000000004
12.09.2024;16:45;43,87225
12.09.2024;17:00;44,324
12.09.2024;17:15;45,21025
12.09.2024;17:30;46,0965
12.09.2024;17:45;46,982749999999996
12.09.2024;18:00;47,869
12.09.2024;18:15;51,7395
12.09.2024;18:30;55,61
12.09.2024;18:45;59,4805
12.09.2024;19:00;63,351
12.09.2024;19:15;62,10125
12.09.2024;19:30;60,8515
12.09.2024;19:45;59,601749999999996
12.09.2024;20:00;58,352
12.09.2024;20:15;55,2265
12.09.2024;20:30;52,101
12.09.2024;20:45;48,9755
12.09.2024;21:00;45,85
12.09.2024;21:15;45,21175
12.09.2024;21:30;44,573499999999996
12.09.2024;21:45;43,935249999999996
12.09.2024;22:00;43,297
12.09.2024;22:15;43,11125
12.09.2024;22:30;42,9255
12.09.2024;22:45;42,73975
12.09.2024;23:00;42,554
12.09.2024;23:15;42,752250000000004
12.09.2024;23:30;42,950500000000005
12.09.2024;23:45;43,14875
13.09.2024;00:00;43,347
13.09.2024;00:15;43,13575
13.09.2024;00:30;42,9245
13.09.2024;00:45;42,71325
13.09.2024;01:00;42,502
13.09.2024;01:15;42,396750000000004
13.09.2024;01:30;42,2915
13.09.2024;01:45;42,18625
13.09.2024;02:00;42,081
13.09.2024;02:15;42,06725
13.09.2024;02:30;42,0535
13.09.2024;02:45;42,039750000000005
13.09.2024;03:00;42,026
13.09.2024;03:15;41,972750000000005
13.09.2024;03:30;41,9195
13.09.2024;03:45;41,86625
13.09.2024;04:00;41,813
13.09.2024;04:15;41,895250000000004
13.09.2024;04:30;41,977500000000006
13.09.2024;04:45;42,05975
13.09.2024;05:00;42,142
13.09.2024;05:15;42,456250000000004
13.09.2024;05:30;42,7705
13.09.2024;05:45;43,08475
13.09.2024;06:00;43,399
13.09.2024;06:15;43,88575
13.09.2024;06:30;44,3725
13.09.2024;06:45;44,859249999999996
13.09.2024;07:00;45,346
13.09.2024;07:15;45,653
13.09.2024;07:30;45,959999999999994
13.09.2024;07:45;46,266999999999996
13.09.2024;08:00;46,574
13.09.2024;08:15;46,174
13.09.2024;08:30;45,774
13.09.2024;08:45;45,373999999999995
13.09.2024;09:00;44,974
13.09.2024;09:15;44,631499999999996
13.09.2024;09:30;44,289
13.09.2024;09:45;43,9465
13.09.2024;10:00;43,604
13.09.2024;10:15;43,41525
13.09.2024;10:30;43,2265
13.09.2024;10:45;43,037749999999996
13.09.2024;11:00;42,849
13.09.2024;11:15;42,687999999999995
13.09.2024;11:30;42,527
13.09.2024;11:45;42,366
13.09.2024;12:00;42,205
13.09.2024;12:15;41,92875
13.09.2024;12:30;41,6525
13.09.2024;12:45;41,37625
13.09.2024;13:00;41,1
13.09.2024;13:15;40,8365
13.09.2024;13:30;40,573
13.09.2024;13:45;40,3095
13.09.2024;14:00;40,046
13.09.2024;14:15;40,177
13.09.2024;14:30;40,308
13.09.2024;14:45;40,439
13.09.2024;15:00;40,57
13.09.2024;15:15;40,6225
13.09.2024;15:30;40,675
13.09.2024;15:45;40,7275
13.09.2024;16:00;40,78
13.09.2024;16:15;40,91875
13.09.2024;16:30;41,057500000000005
13.09.2024;16:45;41,19625
13.09.2024;17:00;41,335
13.09.2024;17:15;41,7505
13.09.2024;17:30;42,166
13.09.2024;17:45;42,5815
13.09.2024;18:00;42,997
13.09.2024;18:15;43,08525
13.09.2024;18:30;43,173500000000004
13.09.2024;18:45;43,26175
13.09.2024;19:00;43,35
13.09.2024;19:15;43,20625
13.09.2024;19:30;43,0625
13.09.2024;19:45;42,91875
13.09.2024;20:00;42,775
13.09.2024;20:15;42,533
13.09.2024;20:30;42,291
13.09.2024;20:45;42,049
13.09.2024;21:00;41,807
13.09.2024;21:15;41,675250000000005
13.09.2024;21:30;41,5435
13.09.2024;21:45;41,41175
13.09.2024;22:00;41,28
13.09.2024;22:15;40,82225
13.09.2024;22:30;40,3645
13.09.2024;22:45;39,90675
13.09.2024;23:00;39,449
13.09.2024;23:15;39,314499999999995
13.09.2024;23:30;39,18
13.09.2024;23:45;39,045500000000004
14.09.2024;00:00;38,911
14.09.2024;00:15;38,771
14.09.2024;00:30;38,631
14.09.2024;00:45;38,491
14.09.2024;01:00;38,351
14.09.2024;01:15;38,184
14.09.2024;01:30;38,016999999999996
14.09.2024;01:45;37,85
14.09.2024;02:00;37,683
14.09.2024;02:15;37,72925
14.09.2024;02:30;37,7755
14.09.2024;02:45;37,82175
14.09.2024;03:00;37,868
14.09.2024;03:15;37,906000000000006
14.09.2024;03:30;37,944
14.09.2024;03:45;37,982
14.09.2024;04:00;38,02
14.09.2024;04:15;37,959250000000004
14.09.2024;04:30;37,8985
14.09.2024;04:45;37,83775
14.09.2024;05:00;37,777
14.09.2024;05:15;38,054
14.09.2024;05:30;38,331
14.09.2024;05:45;38,608
14.09.2024;06:00;38,885
14.09.2024;06:15;39,12625
14.09.2024;06:30;39,3675
14.09.2024;06:45;39,60875
14.09.2024;07:00;39,85
14.09.2024;07:15;40,1135
14.09.2024;07:30;40,377
14.09.2024;07:45;40,6405
14.09.2024;08:00;40,904
14.09.2024;08:15;40,6805
14.09.2024;08:30;40,457
14.09.2024;08:45;40,2335
14.09.2024;09:00;40,01
14.09.2024;09:15;39,3705
14.09.2024;09:30;38,730999999999995
14.09.2024;09:45;38,091499999999996
14.09.2024;10:00;37,452
14.09.2024;10:15;36,6285
14.09.2024;10:30;35,805
14.09.2024;10:45;34,9815
14.09.2024;11:00;34,158
14.09.2024;11:15;33,9775
14.09.2024;11:30;33,797
14.09.2024;11:45;33,6165
14.09.2024;12:00;33,436
14.09.2024;12:15;33,413
14.09.2024;12:30;33,39
14.09.2024;12:45;33,367000000000004
14.09.2024;13:00;33,344
14.09.2024;13:15;33,334
14.09.2024;13:30;33,324
14.09.2024;13:45;33,314
14.09.2024;14:00;33,304
14.09.2024;14:15;33,31375
14.09.2024;14:30;33,3235
14.09.2024;14:45;33,33325000000001
14.09.2024;15:00;33,343
14.09.2024;15:15;33,58325000000001
14.09.2024;15:30;33,8235
14.09.2024;15:45;34,06375
14.09.2024;16:00;34,304
14.09.2024;16:15;35,692750000000004
14.09.2024;16:30;37,081500000000005
14.09.2024;16:45;38,47025
14.09.2024;17:00;39,859
14.09.2024;17:15;40,5915
14.09.2024;17:30;41,324
14.09.2024;17:45;42,0565
14.09.2024;18:00;42,789
14.09.2024;18:15;43,59375
14.09.2024;18:30;44,3985
14.09.2024;18:45;45,203250000000004
14.09.2024;19:00;46,008
14.09.2024;19:15;45,78975
14.09.2024;19:30;45,5715
14.09.2024;19:45;45,35325
14.09.2024;20:00;45,135
14.09.2024;20:15;44,766
14.09.2024;20:30;44,397
14.09.2024;20:45;44,028
14.09.2024;21:00;43,659
14.09.2024;21:15;43,4255
14.09.2024;21:30;43,192
14.09.2024;21:45;42,9585
14.09.2024;22:00;42,725
14.09.2024;22:15;42,50025
14.09.2024;22:30;42,2755
14.09.2024;22:45;42,05075
14.09.2024;23:00;41,826
14.09.2024;23:15;41,65975
14.09.2024;23:30;41,4935
14.09.2024;23:45;41,32725
15.09.2024;00:00;41,161
15.09.2024;00:15;40,96
15.09.2024;00:30;40,759
15.09.2024;00:45;40,558
15.09.2024;01:00;40,357
15.09.2024;01:15;40,27025
15.09.2024;01:30;40,183499999999995
15.09.2024;01:45;40,09675
15.09.2024;02:00;40,01
15.09.2024;02:15;40,02375
15.09.2024;02:30;40,037499999999994
15.09.2024;02:45;40,051249999999996
15.09.2024;03:00;40,065
15.09.2024;03:15;39,97775
15.09.2024;03:30;39,8905
15.09.2024;03:45;39,80325
15.09.2024;04:00;39,716
15.09.2024;04:15;39,76475
15.09.2024;04:30;39,813500000000005
15.09.2024;04:45;39,86225
15.09.2024;05:00;39,911
15.09.2024;05:15;40,00025
15.09.2024;05:30;40,0895
15.09.2024;05:45;40,17875
15.09.2024;06:00;40,268
15.09.2024;06:15;40,674
15.09.2024;06:30;41,08
15.09.2024;06:45;41,486000000000004
15.09.2024;07:00;41,892
15.09.2024;07:15;41,6805
15.09.2024;07:30;41,469
15.09.2024;07:45;41,2575
15.09.2024;08:00;41,046
15.09.2024;08:15;40,473749999999995
15.09.2024;08:30;39,9015
15.09.2024;08:45;39,32925
15.09.2024;09:00;38,757
15.09.2024;09:15;37,67825
15.09.2024;09:30;36,5995
15.09.2024;09:45;35,52075
15.09.2024;10:00;34,442
15.09.2024;10:15;34,17075
15.09.2024;10:30;33,8995
15.09.2024;10:45;33,62825
15.09.2024;11:00;33,357
15.09.2024;11:15;33,35525
15.09.2024;11:30;33,3535
15.09.2024;11:45;33,35175
15.09.2024;12:00;33,35
15.09.2024;12:15;33,34975
15.09.2024;12:30;33,3495
15.09.2024;12:45;33,34925
15.09.2024;13:00;33,349
15.09.2024;13:15;33,339
15.09.2024;13:30;33,32899999999999
15.09.2024;13:45;33,318999999999996
15.09.2024;14:00;33,309
15.09.2024;14:15;33,3125
15.09.2024;14:30;33,316
15.09.2024;14:45;33,3195
15.09.2024;15:00;33,323
15.09.2024;15:15;33,82225
15.09.2024;15:30;34,3215
15.09.2024;15:45;34,820750000000004
15.09.2024;16:00;35,32
15.09.2024;16:15;36,88375
15.09.2024;16:30;38,447500000000005
15.09.2024;16:45;40,011250000000004
15.09.2024;17:00;41,575
15.09.2024;17:15;42,338750000000005
15.09.2024;17:30;43,102500000000006
15.09.2024;17:45;43,86625
15.09.2024;18:00;44,63
15.09.2024;18:15;45,139
15.09.2024;18:30;45,647999999999996
15.09.2024;18:45;46,157
15.09.2024;19:00;46,666
15.09.2024;19:15;46,427
15.09.2024;19:30;46,188
15.09.2024;19:45;45,949
15.09.2024;20:00;45,71
15.09.2024;20:15;45,437
15.09.2024;20:30;45,164
15.09.2024;20:45;44,891000000000005
15.09.2024;21:00;44,618
15.09.2024;21:15;44,478750000000005
15.09.2024;21:30;44,3395
15.09.2024;21:45;44,20025
15.09.2024;22:00;44,061
15.09.2024;22:15;43,69825
15.09.2024;22:30;43,335499999999996
15.09.2024;22:45;42,97275
15.09.2024;23:00;42,61
15.09.2024;23:15;42,619749999999996
15.09.2024;23:30;42,6295
15.09.2024;23:45;42,639250000000004
16.09.2024;00:00;42,649
16.09.2024;00:15;42,52775
16.09.2024;00:30;42,4065
16.09.2024;00:45;42,285250000000005
16.09.2024;01:00;42,164
16.09.2024;01:15;42,142
16.09.2024;01:30;42,120000000000005
16.09.2024;01:45;42,098
16.09.2024;02:00;42,076
16.09.2024;02:15;42,01775
16.09.2024;02:30;41,959500000000006
16.09.2024;02:45;41,901250000000005
16.09.2024;03:00;41,843
16.09.2024;03:15;41,828250000000004
16.09.2024;03:30;41,813500000000005
16.09.2024;03:45;41,79875
16.09.2024;04:00;41,784
16.09.2024;04:15;41,88325
16.09.2024;04:30;41,9825
16.09.2024;04:45;42,08175
16.09.2024;05:00;42,181
16.09.2024;05:15;42,7475
16.09.2024;05:30;43,314
16.09.2024;05:45;43,8805
16.09.2024;06:00;44,447
16.09.2024;06:15;44,92275
16.09.2024;06:30;45,3985
16.09.2024;06:45;45,87425
16.09.2024;07:00;46,35
16.09.2024;07:15;46,7515
16.09.2024;07:30;47,153000000000006
16.09.2024;07:45;47,554500000000004
16.09.2024;08:00;47,956
16.09.2024;08:15;47,4645
16.09.2024;08:30;46,973
16.09.2024;08:45;46,481500000000004
16.09.2024;09:00;45,99
16.09.2024;09:15;45,64575
16.09.2024;09:30;45,301500000000004
16.09.2024;09:45;44,95725
16.09.2024;10:00;44,613
16.09.2024;10:15;44,42275
16.09.2024;10:30;44,2325
16.09.2024;10:45;44,042249999999996
16.09.2024;11:00;43,852
16.09.2024;11:15;43,626999999999995
16.09.2024;11:30;43,402
16.09.2024;11:45;43,177
16.09.2024;12:00;42,952
16.09.2024;12:15;42,723749999999995
16.09.2024;12:30;42,4955
16.09.2024;12:45;42,267250000000004
16.09.2024;13:00;42,039
16.09.2024;13:15;41,88825
16.09.2024;13:30;41,7375
16.09.2024;13:45;41,58675
16.09.2024;14:00;41,436
16.09.2024;14:15;41,29875
16.09.2024;14:30;41,161500000000004
16.09.2024;14:45;41,02425
16.09.2024;15:00;40,887
16.09.2024;15:15;40,91025
16.09.2024;15:30;40,933499999999995
16.09.2024;15:45;40,95675
16.09.2024;16:00;40,98
16.09.2024;16:15;41,247
16.09.2024;16:30;41,513999999999996
16.09.2024;16:45;41,781
16.09.2024;17:00;42,048
16.09.2024;17:15;42,57025
16.09.2024;17:30;43,0925
16.09.2024;17:45;43,61475
16.09.2024;18:00;44,137
16.09.2024;18:15;44,2545
16.09.2024;18:30;44,372
16.09.2024;18:45;44,4895
16.09.2024;19:00;44,607
16.09.2024;19:15;44,518
16.09.2024;19:30;44,429
16.09.2024;19:45;44,339999999999996
16.09.2024;20:00;44,251
16.09.2024;20:15;43,77825
16.09.2024;20:30;43,305499999999995
16.09.2024;20:45;42,83275
16.09.2024;21:00;42,36
16.09.2024;21:15;42,07775
16.09.2024;21:30;41,795500000000004
16.09.2024;21:45;41,51325
16.09.2024;22:00;41,231
16.09.2024;22:15;41,299
16.09.2024;22:30;41,367000000000004
16.09.2024;22:45;41,435
16.09.2024;23:00;41,503
16.09.2024;23:15;41,60325
16.09.2024;23:30;41,703500000000005
16.09.2024;23:45;41,80375
17.09.2024;00:00;41,904
17.09.2024;00:15;41,823
17.09.2024;00:30;41,742000000000004
17.09.2024;00:45;41,661
17.09.2024;01:00;41,58
17.09.2024;01:15;41,53525
17.09.2024;01:30;41,4905
17.09.2024;01:45;41,445750000000004
17.09.2024;02:00;41,401
17.09.2024;02:15;41,38425
17.09.2024;02:30;41,36750000000001
17.09.2024;02:45;41,350750000000005
17.09.2024;03:00;41,334
17.09.2024;03:15;41,339
17.09.2024;03:30;41,344
17.09.2024;03:45;41,349000000000004
17.09.2024;04:00;41,354
17.09.2024;04:15;41,641
17.09.2024;04:30;41,928
17.09.2024;04:45;42,215
17.09.2024;05:00;42,502
17.09.2024;05:15;42,922000000000004
17.09.2024;05:30;43,342
17.09.2024;05:45;43,762
17.09.2024;06:00;44,182
17.09.2024;06:15;44,822500000000005
17.09.2024;06:30;45,463
17.09.2024;06:45;46,1035
17.09.2024;07:00;46,744
17.09.2024;07:15;46,8335
17.09.2024;07:30;46,923
17.09.2024;07:45;47,012499999999996
17.09.2024;08:00;47,102
17.09.2024;08:15;46,38675
17.09.2024;08:30;45,671499999999995
17.09.2024;08:45;44,95625
17.09.2024;09:00;44,241
17.09.2024;09:15;43,93125
17.09.2024;09:30;43,6215
17.09.2024;09:45;43,31175
17.09.2024;10:00;43,002
17.09.2024;10:15;42,64875
17.09.2024;10:30;42,295500000000004
17.09.2024;10:45;41,94225
17.09.2024;11:00;41,589
17.09.2024;11:15;41,0245
17.09.2024;11:30;40,46
17.09.2024;11:45;39,8955
17.09.2024;12:00;39,331
17.09.2024;12:15;38,88
17.09.2024;12:30;38,429
17.09.2024;12:45;37,978
17.09.2024;13:00;37,527
17.09.2024;13:15;37,12375
17.09.2024;13:30;36,7205
17.09.2024;13:45;36,31725
17.09.2024;14:00;35,914
17.09.2024;14:15;36,384
17.09.2024;14:30;36,854
17.09.2024;14:45;37,324
17.09.2024;15:00;37,794
17.09.2024;15:15;38,54025
17.09.2024;15:30;39,286500000000004
17.09.2024;15:45;40,03275
17.09.2024;16:00;40,779
17.09.2024;16:15;41,25925
17.09.2024;16:30;41,73950000000001
17.09.2024;16:45;42,219750000000005
17.09.2024;17:00;42,7
17.09.2024;17:15;43,187250000000006
17.09.2024;17:30;43,6745
17.09.2024;17:45;44,16175
17.09.2024;18:00;44,649
17.09.2024;18:15;45,1375
17.09.2024;18:30;45,626000000000005
17.09.2024;18:45;46,1145
17.09.2024;19:00;46,603
17.09.2024;19:15;46,070750000000004
17.09.2024;19:30;45,5385
17.09.2024;19:45;45,006249999999994
17.09.2024;20:00;44,474
17.09.2024;20:15;44,096
17.09.2024;20:30;43,718
17.09.2024;20:45;43,34
17.09.2024;21:00;42,962
17.09.2024;21:15;42,807500000000005
17.09.2024;21:30;42,653000000000006
17.09.2024;21:45;42,4985
17.09.2024;22:00;42,344
17.09.2024;22:15;42,191500000000005
17.09.2024;22:30;42,039
17.09.2024;22:45;41,8865
17.09.2024;23:00;41,734
17.09.2024;23:15;41,767
17.09.2024;23:30;41,8
17.09.2024;23:45;41,833
18.09.2024;00:00;41,866
18.09.2024;00:15;41,7605
18.09.2024;00:30;41,655
18.09.2024;00:45;41,5495
18.09.2024;01:00;41,444
18.09.2024;01:15;41,51325
18.09.2024;01:30;41,582499999999996
18.09.2024;01:45;41,65175
18.09.2024;02:00;41,721
18.09.2024;02:15;41,72
18.09.2024;02:30;41,718999999999994
18.09.2024;02:45;41,717999999999996
18.09.2024;03:00;41,717
18.09.2024;03:15;41,688
18.09.2024;03:30;41,659
18.09.2024;03:45;41,629999999999995
18.09.2024;04:00;41,601
18.09.2024;04:15;41,786249999999995
18.09.2024;04:30;41,9715
18.09.2024;04:45;42,15675
18.09.2024;05:00;42,342
18.09.2024;05:15;42,72125
18.09.2024;05:30;43,1005
18.09.2024;05:45;43,47975
18.09.2024;06:00;43,859
18.09.2024;06:15;44,77975
18.09.2024;06:30;45,700500000000005
18.09.2024;06:45;46,62125
18.09.2024;07:00;47,542
18.09.2024;07:15;47,320750000000004
18.09.2024;07:30;47,0995
18.09.2024;07:45;46,878249999999994
18.09.2024;08:00;46,657
18.09.2024;08:15;45,89125
18.09.2024;08:30;45,1255
18.09.2024;08:45;44,35975
18.09.2024;09:00;43,594
18.09.2024;09:15;43,008
18.09.2024;09:30;42,422
18.09.2024;09:45;41,836
18.09.2024;10:00;41,25
18.09.2024;10:15;40,658
18.09.2024;10:30;40,066
18.09.2024;10:45;39,474
18.09.2024;11:00;38,882
18.09.2024;11:15;37,63625
18.09.2024;11:30;36,3905
18.09.2024;11:45;35,14475
18.09.2024;12:00;33,899
18.09.2024;12:15;33,76175
18.09.2024;12:30;33,6245
18.09.2024;12:45;33,48725
18.09.2024;13:00;33,35
18.09.2024;13:15;33,347750000000005
18.09.2024;13:30;33,3455
18.09.2024;13:45;33,34325
18.09.2024;14:00;33,341
18.09.2024;14:15;33,36925
18.09.2024;14:30;33,3975
18.09.2024;14:45;33,42575
18.09.2024;15:00;33,454
18.09.2024;15:15;34,429249999999996
18.09.2024;15:30;35,4045
18.09.2024;15:45;36,37975
18.09.2024;16:00;37,355
18.09.2024;16:15;38,54174999999999
18.09.2024;16:30;39,7285
18.09.2024;16:45;40,91525
18.09.2024;17:00;42,102
18.09.2024;17:15;42,76175
18.09.2024;17:30;43,421499999999995
18.09.2024;17:45;44,08125
18.09.2024;18:00;44,741
18.09.2024;18:15;45,14125
18.09.2024;18:30;45,5415
18.09.2024;18:45;45,94175
18.09.2024;19:00;46,342
18.09.2024;19:15;45,799
18.09.2024;19:30;45,256
18.09.2024;19:45;44,713
18.09.2024;20:00;44,17
18.09.2024;20:15;43,79625
18.09.2024;20:30;43,4225
18.09.2024;20:45;43,04875
18.09.2024;21:00;42,675
18.09.2024;21:15;42,59175
18.09.2024;21:30;42,5085
18.09.2024;21:45;42,42525
18.09.2024;22:00;42,342
18.09.2024;22:15;42,08125
18.09.2024;22:30;41,820499999999996
18.09.2024;22:45;41,55975
18.09.2024;23:00;41,299
18.09.2024;23:15;41,22175
18.09.2024;23:30;41,1445
18.09.2024;23:45;41,06725
19.09.2024;00:00;40,99
19.09.2024;00:15;41,01825
19.09.2024;00:30;41,0465
19.09.2024;00:45;41,07475
19.09.2024;01:00;41,103
19.09.2024;01:15;41,1155
19.09.2024;01:30;41,128
19.09.2024;01:45;41,1405
19.09.2024;02:00;41,153
19.09.2024;02:15;41,135999999999996
19.09.2024;02:30;41,119
19.09.2024;02:45;41,102000000000004
19.09.2024;03:00;41,085
19.09.2024;03:15;41,13275
19.09.2024;03:30;41,1805
19.09.2024;03:45;41,22825
19.09.2024;04:00;41,276
19.09.2024;04:15;41,544250000000005
19.09.2024;04:30;41,8125
19.09.2024;04:45;42,080749999999995
19.09.2024;05:00;42,349
19.09.2024;05:15;42,936
19.09.2024;05:30;43,522999999999996
19.09.2024;05:45;44,11
19.09.2024;06:00;44,697
19.09.2024;06:15;45,441250000000004
19.09.2024;06:30;46,185500000000005
19.09.2024;06:45;46,92975
19.09.2024;07:00;47,674
19.09.2024;07:15;47,196
19.09.2024;07:30;46,718
19.09.2024;07:45;46,24
19.09.2024;08:00;45,762
19.09.2024;08:15;45,1
19.09.2024;08:30;44,438
19.09.2024;08:45;43,775999999999996
19.09.2024;09:00;43,114
19.09.2024;09:15;42,54325
19.09.2024;09:30;41,9725
19.09.2024;09:45;41,40175
19.09.2024;10:00;40,831
19.09.2024;10:15;40,221000000000004
19.09.2024;10:30;39,611000000000004
19.09.2024;10:45;39,001
19.09.2024;11:00;38,391
19.09.2024;11:15;37,254999999999995
19.09.2024;11:30;36,119
19.09.2024;11:45;34,983000000000004
19.09.2024;12:00;33,847
19.09.2024;12:15;33,72125
19.09.2024;12:30;33,5955
19.09.2024;12:45;33,469750000000005
19.09.2024;13:00;33,344
19.09.2024;13:15;33,34325
19.09.2024;13:30;33,3425
19.09.2024;13:45;33,341750000000005
19.09.2024;14:00;33,341
19.09.2024;14:15;33,616
19.09.2024;14:30;33,891000000000005
19.09.2024;14:45;34,166000000000004
19.09.2024;15:00;34,441
19.09.2024;15:15;35,632000000000005
19.09.2024;15:30;36,823
19.09.2024;15:45;38,013999999999996
19.09.2024;16:00;39,205
19.09.2024;16:15;40,0175
19.09.2024;16:30;40,83
19.09.2024;16:45;41,6425
19.09.2024;17:00;42,455
19.09.2024;17:15;43,042
19.09.2024;17:30;43,629
19.09.2024;17:45;44,215999999999994
19.09.2024;18:00;44,803
19.09.2024;18:15;45,29725
19.09.2024;18:30;45,7915
19.09.2024;18:45;46,28575
19.09.2024;19:00;46,78
19.09.2024;19:15;46,260000000000005
19.09.2024;19:30;45,74
19.09.2024;19:45;45,22
19.09.2024;20:00;44,7
19.09.2024;20:15;44,14
19.09.2024;20:30;43,58
19.09.2024;20:45;43,02
19.09.2024;21:00;42,46
19.09.2024;21:15;42,40675
19.09.2024;21:30;42,3535
19.09.2024;21:45;42,30025
19.09.2024;22:00;42,247
19.09.2024;22:15;41,9945
19.09.2024;22:30;41,742000000000004
19.09.2024;22:45;41,4895
19.09.2024;23:00;41,237
19.09.2024;23:15;41,0805
19.09.2024;23:30;40,924
19.09.2024;23:45;40,7675
20.09.2024;00:00;40,611
20.09.2024;00:15;40,64675
20.09.2024;00:30;40,6825
20.09.2024;00:45;40,71825
20.09.2024;01:00;40,754
20.09.2024;01:15;40,7385
20.09.2024;01:30;40,723
20.09.2024;01:45;40,707499999999996
20.09.2024;02:00;40,692
20.09.2024;02:15;40,68575
20.09.2024;02:30;40,679500000000004
20.09.2024;02:45;40,67325
20.09.2024;03:00;40,667
20.09.2024;03:15;40,70075
20.09.2024;03:30;40,7345
20.09.2024;03:45;40,76825
20.09.2024;04:00;40,802
20.09.2024;04:15;41,16625
20.09.2024;04:30;41,5305
20.09.2024;04:45;41,89475
20.09.2024;05:00;42,259
20.09.2024;05:15;42,73325
20.09.2024;05:30;43,207499999999996
20.09.2024;05:45;43,68175
20.09.2024;06:00;44,156
20.09.2024;06:15;44,99075
20.09.2024;06:30;45,8255
20.09.2024;06:45;46,66025
20.09.2024;07:00;47,495
20.09.2024;07:15;46,67375
20.09.2024;07:30;45,8525
20.09.2024;07:45;45,03125
20.09.2024;08:00;44,21
20.09.2024;08:15;43,718
20.09.2024;08:30;43,226
20.09.2024;08:45;42,733999999999995
20.09.2024;09:00;42,242
20.09.2024;09:15;41,57025
20.09.2024;09:30;40,8985
20.09.2024;09:45;40,226749999999996
20.09.2024;10:00;39,555
20.09.2024;10:15;38,621
20.09.2024;10:30;37,687
20.09.2024;10:45;36,753
20.09.2024;11:00;35,819
20.09.2024;11:15;35,40775
20.09.2024;11:30;34,9965
20.09.2024;11:45;34,58525
20.09.2024;12:00;34,174
20.09.2024;12:15;33,967749999999995
20.09.2024;12:30;33,7615
20.09.2024;12:45;33,55525
20.09.2024;13:00;33,349
20.09.2024;13:15;33,351
20.09.2024;13:30;33,352999999999994
20.09.2024;13:45;33,355
20.09.2024;14:00;33,357
20.09.2024;14:15;33,54425
20.09.2024;14:30;33,7315
20.09.2024;14:45;33,91875
20.09.2024;15:00;34,106
20.09.2024;15:15;35,009
20.09.2024;15:30;35,912000000000006
20.09.2024;15:45;36,815000000000005
20.09.2024;16:00;37,718
20.09.2024;16:15;38,729
20.09.2024;16:30;39,74
20.09.2024;16:45;40,751000000000005
20.09.2024;17:00;41,762
20.09.2024;17:15;42,30925
20.09.2024;17:30;42,8565
20.09.2024;17:45;43,40375
20.09.2024;18:00;43,951
20.09.2024;18:15;44,94375
20.09.2024;18:30;45,936499999999995
20.09.2024;18:45;46,929249999999996
20.09.2024;19:00;47,922
20.09.2024;19:15;47,0
20.09.2024;19:30;46,078
20.09.2024;19:45;45,156
20.09.2024;20:00;44,234
20.09.2024;20:15;43,78975
20.09.2024;20:30;43,3455
20.09.2024;20:45;42,901250000000005
20.09.2024;21:00;42,457
20.09.2024;21:15;42,37525
20.09.2024;21:30;42,2935
20.09.2024;21:45;42,21175
20.09.2024;22:00;42,13
20.09.2024;22:15;42,112
20.09.2024;22:30;42,094
20.09.2024;22:45;42,076
20.09.2024;23:00;42,058
20.09.2024;23:15;42,08825
20.09.2024;23:30;42,1185
20.09.2024;23:45;42,14875
21.09.2024;00:00;42,179
21.09.2024;00:15;42,10425
21.09.2024;00:30;42,0295
21.09.2024;00:45;41,954750000000004
21.09.2024;01:00;41,88
21.09.2024;01:15;41,7975
21.09.2024;01:30;41,715
21.09.2024;01:45;41,6325
21.09.2024;02:00;41,55
21.09.2024;02:15;41,55475
21.09.2024;02:30;41,5595
21.09.2024;02:45;41,56425
21.09.2024;03:00;41,569
21.09.2024;03:15;41,67375
21.09.2024;03:30;41,7785
21.09.2024;03:45;41,883250000000004
21.09.2024;04:00;41,988
21.09.2024;04:15;42,0655
21.09.2024;04:30;42,143
21.09.2024;04:45;42,2205
21.09.2024;05:00;42,298
21.09.2024;05:15;42,553250000000006
21.09.2024;05:30;42,8085
21.09.2024;05:45;43,06375
21.09.2024;06:00;43,319
21.09.2024;06:15;43,27075
21.09.2024;06:30;43,2225
21.09.2024;06:45;43,17425
21.09.2024;07:00;43,126
21.09.2024;07:15;42,814499999999995
21.09.2024;07:30;42,503
21.09.2024;07:45;42,191500000000005
21.09.2024;08:00;41,88
21.09.2024;08:15;41,27225
21.09.2024;08:30;40,664500000000004
21.09.2024;08:45;40,05675
21.09.2024;09:00;39,449
21.09.2024;09:15;38,47425
21.09.2024;09:30;37,4995
21.09.2024;09:45;36,52475
21.09.2024;10:00;35,55
21.09.2024;10:15;35,07875
21.09.2024;10:30;34,6075
21.09.2024;10:45;34,13625
21.09.2024;11:00;33,665
21.09.2024;11:15;33,58625
21.09.2024;11:30;33,5075
21.09.2024;11:45;33,42875
21.09.2024;12:00;33,35
21.09.2024;12:15;33,266000000000005
21.09.2024;12:30;33,182
21.09.2024;12:45;33,098
21.09.2024;13:00;33,014
21.09.2024;13:15;32,99925
21.09.2024;13:30;32,9845
21.09.2024;13:45;32,96975
21.09.2024;14:00;32,955
21.09.2024;14:15;33,081
21.09.2024;14:30;33,207
21.09.2024;14:45;33,333
21.09.2024;15:00;33,459
21.09.2024;15:15;34,61325
21.09.2024;15:30;35,7675
21.09.2024;15:45;36,92175
21.09.2024;16:00;38,076
21.09.2024;16:15;39,32425
21.09.2024;16:30;40,572500000000005
21.09.2024;16:45;41,820750000000004
21.09.2024;17:00;43,069
21.09.2024;17:15;43,826750000000004
21.09.2024;17:30;44,584500000000006
21.09.2024;17:45;45,34225
21.09.2024;18:00;46,1
21.09.2024;18:15;46,46225
21.09.2024;18:30;46,8245
21.09.2024;18:45;47,18675
21.09.2024;19:00;47,549
21.09.2024;19:15;46,81175
21.09.2024;19:30;46,0745
21.09.2024;19:45;45,33725
21.09.2024;20:00;44,6
21.09.2024;20:15;44,18575
21.09.2024;20:30;43,7715
21.09.2024;20:45;43,35725
21.09.2024;21:00;42,943
21.09.2024;21:15;42,88475
21.09.2024;21:30;42,826499999999996
21.09.2024;21:45;42,76825
21.09.2024;22:00;42,71
21.09.2024;22:15;42,5775
21.09.2024;22:30;42,445
21.09.2024;22:45;42,3125
21.09.2024;23:00;42,18
21.09.2024;23:15;42,41575
21.09.2024;23:30;42,6515
21.09.2024;23:45;42,887249999999995
22.09.2024;00:00;43,123
22.09.2024;00:15;42,931
22.09.2024;00:30;42,739
22.09.2024;00:45;42,547
22.09.2024;01:00;42,355
22.09.2024;01:15;42,3535
22.09.2024;01:30;42,352
22.09.2024;01:45;42,3505
22.09.2024;02:00;42,349
22.09.2024;02:15;42,336749999999995
22.09.2024;02:30;42,3245
22.09.2024;02:45;42,31225
22.09.2024;03:00;42,3
22.09.2024;03:15;42,33125
22.09.2024;03:30;42,3625
22.09.2024;03:45;42,39375
22.09.2024;04:00;42,425
22.09.2024;04:15;42,4225
22.09.2024;04:30;42,42
22.09.2024;04:45;42,4175
22.09.2024;05:00;42,415
22.09.2024;05:15;42,52075
22.09.2024;05:30;42,6265
22.09.2024;05:45;42,73225
22.09.2024;06:00;42,838
22.09.2024;06:15;42,89875
22.09.2024;06:30;42,959500000000006
22.09.2024;06:45;43,020250000000004
22.09.2024;07:00;43,081
22.09.2024;07:15;42,81025
22.09.2024;07:30;42,539500000000004
22.09.2024;07:45;42,26875
22.09.2024;08:00;41,998
22.09.2024;08:15;41,40575
22.09.2024;08:30;40,8135
22.09.2024;08:45;40,22125
22.09.2024;09:00;39,629
22.09.2024;09:15;38,713499999999996
22.09.2024;09:30;37,798
22.09.2024;09:45;36,8825
22.09.2024;10:00;35,967
22.09.2024;10:15;35,591
22.09.2024;10:30;35,215
22.09.2024;10:45;34,839
22.09.2024;11:00;34,463
22.09.2024;11:15;34,377
22.09.2024;11:30;34,291
22.09.2024;11:45;34,205
22.09.2024;12:00;34,119
22.09.2024;12:15;33,92475
22.09.2024;12:30;33,7305
22.09.2024;12:45;33,536249999999995
22.09.2024;13:00;33,342
22.09.2024;13:15;33,34425
22.09.2024;13:30;33,3465
22.09.2024;13:45;33,348749999999995
22.09.2024;14:00;33,351
22.09.2024;14:15;33,59225
22.09.2024;14:30;33,8335
22.09.2024;14:45;34,07475
22.09.2024;15:00;34,316
22.09.2024;15:15;35,6145
22.09.2024;15:30;36,913
22.09.2024;15:45;38,2115
22.09.2024;16:00;39,51
22.09.2024;16:15;40,62675
22.09.2024;16:30;41,7435
22.09.2024;16:45;42,86024999999999
22.09.2024;17:00;43,977
22.09.2024;17:15;44,626
22.09.2024;17:30;45,275
22.09.2024;17:45;45,924
22.09.2024;18:00;46,573
22.09.2024;18:15;47,19675
22.09.2024;18:30;47,820499999999996
22.09.2024;18:45;48,44425
22.09.2024;19:00;49,068
22.09.2024;19:15;48,29125
22.09.2024;19:30;47,5145
22.09.2024;19:45;46,73775
22.09.2024;20:00;45,961
22.09.2024;20:15;45,54675
22.09.2024;20:30;45,1325
22.09.2024;20:45;44,71825
22.09.2024;21:00;44,304
22.09.2024;21:15;44,033500000000004
22.09.2024;21:30;43,763000000000005
22.09.2024;21:45;43,4925
22.09.2024;22:00;43,222
22.09.2024;22:15;43,054
22.09.2024;22:30;42,885999999999996
22.09.2024;22:45;42,717999999999996
22.09.2024;23:00;42,55
22.09.2024;23:15;42,519999999999996
22.09.2024;23:30;42,489999999999995
22.09.2024;23:45;42,46
23.09.2024;00:00;42,43
23.09.2024;00:15;42,262
23.09.2024;00:30;42,094
23.09.2024;00:45;41,926
23.09.2024;01:00;41,758
23.09.2024;01:15;41,786
23.09.2024;01:30;41,814
23.09.2024;01:45;41,842
23.09.2024;02:00;41,87
23.09.2024;02:15;41,918749999999996
23.09.2024;02:30;41,9675
23.09.2024;02:45;42,01625
23.09.2024;03:00;42,065
23.09.2024;03:15;42,0595
23.09.2024;03:30;42,054
23.09.2024;03:45;42,0485
23.09.2024;04:00;42,043
23.09.2024;04:15;42,30225
23.09.2024;04:30;42,561499999999995
23.09.2024;04:45;42,82075
23.09.2024;05:00;43,08
23.09.2024;05:15;43,9825
23.09.2024;05:30;44,885
23.09.2024;05:45;45,787499999999994
23.09.2024;06:00;46,69
23.09.2024;06:15;48,44825
23.09.2024;06:30;50,2065
23.09.2024;06:45;51,964749999999995
23.09.2024;07:00;53,723
23.09.2024;07:15;52,413
23.09.2024;07:30;51,102999999999994
23.09.2024;07:45;49,793
23.09.2024;08:00;48,483
23.09.2024;08:15;47,4495
23.09.2024;08:30;46,416
23.09.2024;08:45;45,38249999999999
23.09.2024;09:00;44,349
23.09.2024;09:15;43,96575
23.09.2024;09:30;43,582499999999996
23.09.2024;09:45;43,19925
23.09.2024;10:00;42,816
23.09.2024;10:15;42,453500000000005
23.09.2024;10:30;42,091
23.09.2024;10:45;41,7285
23.09.2024;11:00;41,366
23.09.2024;11:15;41,335499999999996
23.09.2024;11:30;41,305
23.09.2024;11:45;41,2745
23.09.2024;12:00;41,244
23.09.2024;12:15;41,18425
23.09.2024;12:30;41,1245
23.09.2024;12:45;41,064750000000004
23.09.2024;13:00;41,005
23.09.2024;13:15;41,0105
23.09.2024;13:30;41,016000000000005
23.09.2024;13:45;41,0215
23.09.2024;14:00;41,027
23.09.2024;14:15;41,13225
23.09.2024;14:30;41,2375
23.09.2024;14:45;41,34275
23.09.2024;15:00;41,448
23.09.2024;15:15;41,97975
23.09.2024;15:30;42,5115
23.09.2024;15:45;43,04325
23.09.2024;16:00;43,575
23.09.2024;16:15;44,419000000000004
23.09.2024;16:30;45,263000000000005
23.09.2024;16:45;46,107
23.09.2024;17:00;46,951
23.09.2024;17:15;49,557249999999996
23.09.2024;17:30;52,1635
23.09.2024;17:45;54,76975
23.09.2024;18:00;57,376
23.09.2024;18:15;59,579249999999995
23.09.2024;18:30;61,7825
23.09.2024;18:45;63,985749999999996
23.09.2024;19:00;66,189
23.09.2024;19:15;62,445249999999994
23.09.2024;19:30;58,701499999999996
23.09.2024;19:45;54,95775
23.09.2024;20:00;51,214
23.09.2024;20:15;49,66575
23.09.2024;20:30;48,1175
23.09.2024;20:45;46,56925
23.09.2024;21:00;45,021
23.09.2024;21:15;44,6265
23.09.2024;21:30;44,232
23.09.2024;21:45;43,8375
23.09.2024;22:00;43,443
23.09.2024;22:15;43,20825
23.09.2024;22:30;42,9735
23.09.2024;22:45;42,738749999999996
23.09.2024;23:00;42,504
23.09.2024;23:15;42,4205
23.09.2024;23:30;42,337
23.09.2024;23:45;42,2535
24.09.2024;00:00;42,17
24.09.2024;00:15;42,02775
24.09.2024;00:30;41,8855
24.09.2024;00:45;41,74325
24.09.2024;01:00;41,601
24.09.2024;01:15;41,6305
24.09.2024;01:30;41,66
24.09.2024;01:45;41,6895
24.09.2024;02:00;41,719
24.09.2024;02:15;41,752250000000004
24.09.2024;02:30;41,7855
24.09.2024;02:45;41,818749999999994
24.09.2024;03:00;41,852
24.09.2024;03:15;41,808
24.09.2024;03:30;41,763999999999996
24.09.2024;03:45;41,72
24.09.2024;04:00;41,676
24.09.2024;04:15;41,80175
24.09.2024;04:30;41,9275
24.09.2024;04:45;42,053250000000006
24.09.2024;05:00;42,179
24.09.2024;05:15;42,7405
24.09.2024;05:30;43,302
24.09.2024;05:45;43,8635
24.09.2024;06:00;44,425
24.09.2024;06:15;45,20525
24.09.2024;06:30;45,9855
24.09.2024;06:45;46,76575
24.09.2024;07:00;47,546
24.09.2024;07:15;47,182
24.09.2024;07:30;46,818
24.09.2024;07:45;46,454
24.09.2024;08:00;46,09
24.09.2024;08:15;45,5555
24.09.2024;08:30;45,021
24.09.2024;08:45;44,4865
24.09.2024;09:00;43,952
24.09.2024;09:15;43,616749999999996
24.09.2024;09:30;43,281499999999994
24.09.2024;09:45;42,94625
24.09.2024;10:00;42,611
24.09.2024;10:15;42,3925
24.09.2024;10:30;42,174
24.09.2024;10:45;41,9555
24.09.2024;11:00;41,737
24.09.2024;11:15;41,534
24.09.2024;11:30;41,331
24.09.2024;11:45;41,128
24.09.2024;12:00;40,925
24.09.2024;12:15;40,756
24.09.2024;12:30;40,587
24.09.2024;12:45;40,418
24.09.2024;13:00;40,249
24.09.2024;13:15;40,064
24.09.2024;13:30;39,879000000000005
24.09.2024;13:45;39,694
24.09.2024;14:00;39,509
24.09.2024;14:15;39,84275
24.09.2024;14:30;40,176500000000004
24.09.2024;14:45;40,51025
24.09.2024;15:00;40,844
24.09.2024;15:15;41,05225
24.09.2024;15:30;41,2605
24.09.2024;15:45;41,46875
24.09.2024;16:00;41,677
24.09.2024;16:15;42,19625
24.09.2024;16:30;42,7155
24.09.2024;16:45;43,23475
24.09.2024;17:00;43,754
24.09.2024;17:15;44,12925
24.09.2024;17:30;44,5045
24.09.2024;17:45;44,87975
24.09.2024;18:00;45,255
24.09.2024;18:15;45,382000000000005
24.09.2024;18:30;45,509
24.09.2024;18:45;45,635999999999996
24.09.2024;19:00;45,763
24.09.2024;19:15;45,20225
24.09.2024;19:30;44,6415
24.09.2024;19:45;44,08075
24.09.2024;20:00;43,52
24.09.2024;20:15;42,9885
24.09.2024;20:30;42,457
24.09.2024;20:45;41,9255
24.09.2024;21:00;41,394
24.09.2024;21:15;41,245
24.09.2024;21:30;41,096000000000004
24.09.2024;21:45;40,947
24.09.2024;22:00;40,798
24.09.2024;22:15;40,450500000000005
24.09.2024;22:30;40,103
24.09.2024;22:45;39,7555
24.09.2024;23:00;39,408
24.09.2024;23:15;39,1805
24.09.2024;23:30;38,953
24.09.2024;23:45;38,7255
25.09.2024;00:00;38,498
25.09.2024;00:15;38,265499999999996
25.09.2024;00:30;38,033
25.09.2024;00:45;37,8005
25.09.2024;01:00;37,568
25.09.2024;01:15;37,4935
25.09.2024;01:30;37,419
25.09.2024;01:45;37,344500000000004
25.09.2024;02:00;37,27
25.09.2024;02:15;37,276250000000005
25.09.2024;02:30;37,2825
25.09.2024;02:45;37,28875
25.09.2024;03:00;37,295
25.09.2024;03:15;37,678
25.09.2024;03:30;38,061
25.09.2024;03:45;38,444
25.09.2024;04:00;38,827
25.09.2024;04:15;39,0565
25.09.2024;04:30;39,286
25.09.2024;04:45;39,515499999999996
25.09.2024;05:00;39,745
25.09.2024;05:15;40,104749999999996
25.09.2024;05:30;40,4645
25.09.2024;05:45;40,82425
25.09.2024;06:00;41,184
25.09.2024;06:15;41,31975
25.09.2024;06:30;41,4555
25.09.2024;06:45;41,591249999999995
25.09.2024;07:00;41,727
25.09.2024;07:15;41,8365
25.09.2024;07:30;41,946
25.09.2024;07:45;42,055499999999995
25.09.2024;08:00;42,165
25.09.2024;08:15;41,71925
25.09.2024;08:30;41,2735
25.09.2024;08:45;40,827749999999995
25.09.2024;09:00;40,382
25.09.2024;09:15;39,8605
25.09.2024;09:30;39,339
25.09.2024;09:45;38,817499999999995
25.09.2024;10:00;38,296
25.09.2024;10:15;37,6905
25.09.2024;10:30;37,085
25.09.2024;10:45;36,4795
25.09.2024;11:00;35,874
25.09.2024;11:15;35,7205
25.09.2024;11:30;35,567
25.09.2024;11:45;35,4135
25.09.2024;12:00;35,26
25.09.2024;12:15;35,251999999999995
25.09.2024;12:30;35,244
25.09.2024;12:45;35,236000000000004
25.09.2024;13:00;35,228
25.09.2024;13:15;36,14675
25.09.2024;13:30;37,0655
25.09.2024;13:45;37,98425
25.09.2024;14:00;38,903
25.09.2024;14:15;39,320499999999996
25.09.2024;14:30;39,738
25.09.2024;14:45;40,1555
25.09.2024;15:00;40,573
25.09.2024;15:15;41,0095
25.09.2024;15:30;41,446
25.09.2024;15:45;41,8825
25.09.2024;16:00;42,319
25.09.2024;16:15;42,773
25.09.2024;16:30;43,227000000000004
25.09.2024;16:45;43,681
25.09.2024;17:00;44,135
25.09.2024;17:15;45,34375
25.09.2024;17:30;46,552499999999995
25.09.2024;17:45;47,76125
25.09.2024;18:00;48,97
25.09.2024;18:15;49,9505
25.09.2024;18:30;50,931
25.09.2024;18:45;51,911500000000004
25.09.2024;19:00;52,892
25.09.2024;19:15;51,3025
25.09.2024;19:30;49,713
25.09.2024;19:45;48,1235
25.09.2024;20:00;46,534
25.09.2024;20:15;45,65325
25.09.2024;20:30;44,7725
25.09.2024;20:45;43,89175
25.09.2024;21:00;43,011
25.09.2024;21:15;42,886750000000006
25.09.2024;21:30;42,7625
25.09.2024;21:45;42,63825
25.09.2024;22:00;42,514
25.09.2024;22:15;42,2785
25.09.2024;22:30;42,043000000000006
25.09.2024;22:45;41,807500000000005
25.09.2024;23:00;41,572
25.09.2024;23:15;41,167
25.09.2024;23:30;40,762
25.09.2024;23:45;40,357
26.09.2024;00:00;39,952
26.09.2024;00:15;39,771
26.09.2024;00:30;39,59
26.09.2024;00:45;39,409
26.09.2024;01:00;39,228
26.09.2024;01:15;39,067
26.09.2024;01:30;38,906000000000006
26.09.2024;01:45;38,745000000000005
26.09.2024;02:00;38,584
26.09.2024;02:15;38,52225
26.09.2024;02:30;38,4605
26.09.2024;02:45;38,39875000000001
26.09.2024;03:00;38,337
26.09.2024;03:15;38,228500000000004
26.09.2024;03:30;38,120000000000005
26.09.2024;03:45;38,0115
26.09.2024;04:00;37,903
26.09.2024;04:15;38,0075
26.09.2024;04:30;38,111999999999995
26.09.2024;04:45;38,216499999999996
26.09.2024;05:00;38,321
26.09.2024;05:15;38,879
26.09.2024;05:30;39,437
26.09.2024;05:45;39,995
26.09.2024;06:00;40,553
26.09.2024;06:15;40,88225
26.09.2024;06:30;41,2115
26.09.2024;06:45;41,540749999999996
26.09.2024;07:00;41,87
26.09.2024;07:15;41,824999999999996
26.09.2024;07:30;41,78
26.09.2024;07:45;41,735
26.09.2024;08:00;41,69
26.09.2024;08:15;41,28825
26.09.2024;08:30;40,8865
26.09.2024;08:45;40,48475
26.09.2024;09:00;40,083
26.09.2024;09:15;39,6305
26.09.2024;09:30;39,178
26.09.2024;09:45;38,725500000000004
26.09.2024;10:00;38,273
26.09.2024;10:15;37,832750000000004
26.09.2024;10:30;37,3925
26.09.2024;10:45;36,95225
26.09.2024;11:00;36,512
26.09.2024;11:15;36,1465
26.09.2024;11:30;35,781
26.09.2024;11:45;35,415499999999994
26.09.2024;12:00;35,05
26.09.2024;12:15;34,927
26.09.2024;12:30;34,804
26.09.2024;12:45;34,681
26.09.2024;13:00;34,558
26.09.2024;13:15;34,573
26.09.2024;13:30;34,588
26.09.2024;13:45;34,603
26.09.2024;14:00;34,618
26.09.2024;14:15;35,2485
26.09.2024;14:30;35,879000000000005
26.09.2024;14:45;36,5095
26.09.2024;15:00;37,14
26.09.2024;15:15;37,56525
26.09.2024;15:30;37,9905
26.09.2024;15:45;38,41575
26.09.2024;16:00;38,841
26.09.2024;16:15;39,3095
26.09.2024;16:30;39,778000000000006
26.09.2024;16:45;40,246500000000005
26.09.2024;17:00;40,715
26.09.2024;17:15;40,87375
26.09.2024;17:30;41,0325
26.09.2024;17:45;41,191250000000004
26.09.2024;18:00;41,35
26.09.2024;18:15;41,575
26.09.2024;18:30;41,8
26.09.2024;18:45;42,025
26.09.2024;19:00;42,25
26.09.2024;19:15;41,99825
26.09.2024;19:30;41,7465
26.09.2024;19:45;41,49475
26.09.2024;20:00;41,243
26.09.2024;20:15;40,84075
26.09.2024;20:30;40,438500000000005
26.09.2024;20:45;40,03625
26.09.2024;21:00;39,634
26.09.2024;21:15;39,406
26.09.2024;21:30;39,178
26.09.2024;21:45;38,95
26.09.2024;22:00;38,722
26.09.2024;22:15;38,286500000000004
26.09.2024;22:30;37,851
26.09.2024;22:45;37,415499999999994
26.09.2024;23:00;36,98
26.09.2024;23:15;36,071
26.09.2024;23:30;35,162
26.09.2024;23:45;34,253
27.09.2024;00:00;33,344
27.09.2024;00:15;33,3465
27.09.2024;00:30;33,349000000000004
27.09.2024;00:45;33,3515
27.09.2024;01:00;33,354
27.09.2024;01:15;33,35275
27.09.2024;01:30;33,3515
27.09.2024;01:45;33,350249999999996
27.09.2024;02:00;33,349
27.09.2024;02:15;33,3345
27.09.2024;02:30;33,31999999999999
27.09.2024;02:45;33,305499999999995
27.09.2024;03:00;33,291
27.09.2024;03:15;33,300749999999994
27.09.2024;03:30;33,3105
27.09.2024;03:45;33,32025
27.09.2024;04:00;33,33
27.09.2024;04:15;33,33425
27.09.2024;04:30;33,338499999999996
27.09.2024;04:45;33,34275
27.09.2024;05:00;33,347
27.09.2024;05:15;33,347750000000005
27.09.2024;05:30;33,3485
27.09.2024;05:45;33,34925
27.09.2024;06:00;33,35
27.09.2024;06:15;33,998000000000005
27.09.2024;06:30;34,646
27.09.2024;06:45;35,294
27.09.2024;07:00;35,942
27.09.2024;07:15;36,292
27.09.2024;07:30;36,641999999999996
27.09.2024;07:45;36,992
27.09.2024;08:00;37,342
27.09.2024;08:15;36,48225
27.09.2024;08:30;35,6225
27.09.2024;08:45;34,76275
27.09.2024;09:00;33,903
27.09.2024;09:15;33,7625
27.09.2024;09:30;33,622
27.09.2024;09:45;33,4815
27.09.2024;10:00;33,341
27.09.2024;10:15;33,2495
27.09.2024;10:30;33,158
27.09.2024;10:45;33,066500000000005
27.09.2024;11:00;32,975
27.09.2024;11:15;32,92975
27.09.2024;11:30;32,8845
27.09.2024;11:45;32,83925
27.09.2024;12:00;32,794
27.09.2024;12:15;32,775
27.09.2024;12:30;32,756
27.09.2024;12:45;32,737
27.09.2024;13:00;32,718
27.09.2024;13:15;32,749750000000006
27.09.2024;13:30;32,7815
27.09.2024;13:45;32,81325
27.09.2024;14:00;32,845
27.09.2024;14:15;32,9685
27.09.2024;14:30;33,092
27.09.2024;14:45;33,2155
27.09.2024;15:00;33,339
27.09.2024;15:15;33,34175
27.09.2024;15:30;33,3445
27.09.2024;15:45;33,34725
27.09.2024;16:00;33,35
27.09.2024;16:15;34,29575
27.09.2024;16:30;35,2415
27.09.2024;16:45;36,187250000000006
27.09.2024;17:00;37,133
27.09.2024;17:15;37,751000000000005
27.09.2024;17:30;38,369
27.09.2024;17:45;38,986999999999995
27.09.2024;18:00;39,605
27.09.2024;18:15;39,553
27.09.2024;18:30;39,501
27.09.2024;18:45;39,449
27.09.2024;19:00;39,397
27.09.2024;19:15;39,3745
27.09.2024;19:30;39,352000000000004
27.09.2024;19:45;39,3295
27.09.2024;20:00;39,307
27.09.2024;20:15;38,645
27.09.2024;20:30;37,983000000000004
27.09.2024;20:45;37,321
27.09.2024;21:00;36,659
27.09.2024;21:15;36,4825
27.09.2024;21:30;36,306
27.09.2024;21:45;36,1295
27.09.2024;22:00;35,953
27.09.2024;22:15;35,92725
27.09.2024;22:30;35,9015
27.09.2024;22:45;35,875750000000004
27.09.2024;23:00;35,85
27.09.2024;23:15;35,26925
27.09.2024;23:30;34,688500000000005
27.09.2024;23:45;34,10775
28.09.2024;00:00;33,527
28.09.2024;00:15;33,5585
28.09.2024;00:30;33,59
28.09.2024;00:45;33,6215
28.09.2024;01:00;33,653
28.09.2024;01:15;33,6595
28.09.2024;01:30;33,666
28.09.2024;01:45;33,6725
28.09.2024;02:00;33,679
28.09.2024;02:15;33,67575
28.09.2024;02:30;33,6725
28.09.2024;02:45;33,66925
28.09.2024;03:00;33,666
28.09.2024;03:15;33,668749999999996
28.09.2024;03:30;33,671499999999995
28.09.2024;03:45;33,67425
28.09.2024;04:00;33,677
28.09.2024;04:15;33,699
28.09.2024;04:30;33,721000000000004
28.09.2024;04:45;33,743
28.09.2024;05:00;33,765
28.09.2024;05:15;33,96025
28.09.2024;05:30;34,1555
28.09.2024;05:45;34,35075
28.09.2024;06:00;34,546
28.09.2024;06:15;34,804
28.09.2024;06:30;35,062
28.09.2024;06:45;35,32
28.09.2024;07:00;35,578
28.09.2024;07:15;35,67625
28.09.2024;07:30;35,7745
28.09.2024;07:45;35,872749999999996
28.09.2024;08:00;35,971
28.09.2024;08:15;35,7885
28.09.2024;08:30;35,605999999999995
28.09.2024;08:45;35,4235
28.09.2024;09:00;35,241
28.09.2024;09:15;35,012
28.09.2024;09:30;34,783
28.09.2024;09:45;34,554
28.09.2024;10:00;34,325
28.09.2024;10:15;34,17575
28.09.2024;10:30;34,0265
28.09.2024;10:45;33,877250000000004
28.09.2024;11:00;33,728
28.09.2024;11:15;33,64975
28.09.2024;11:30;33,5715
28.09.2024;11:45;33,49325
28.09.2024;12:00;33,415
28.09.2024;12:15;33,39875
28.09.2024;12:30;33,3825
28.09.2024;12:45;33,36625
28.09.2024;13:00;33,35
28.09.2024;13:15;33,35
28.09.2024;13:30;33,35
28.09.2024;13:45;33,35
28.09.2024;14:00;33,35
28.09.2024;14:15;33,3515
28.09.2024;14:30;33,353
28.09.2024;14:45;33,3545
28.09.2024;15:00;33,356
28.09.2024;15:15;33,6
28.09.2024;15:30;33,844
28.09.2024;15:45;34,088
28.09.2024;16:00;34,332
28.09.2024;16:15;35,66725
28.09.2024;16:30;37,0025
28.09.2024;16:45;38,33775
28.09.2024;17:00;39,673
28.09.2024;17:15;40,09925
28.09.2024;17:30;40,5255
28.09.2024;17:45;40,951750000000004
28.09.2024;18:00;41,378
28.09.2024;18:15;41,873
28.09.2024;18:30;42,367999999999995
28.09.2024;18:45;42,863
28.09.2024;19:00;43,358
28.09.2024;19:15;43,26375
28.09.2024;19:30;43,1695
28.09.2024;19:45;43,07525
28.09.2024;20:00;42,981
28.09.2024;20:15;42,59075
28.09.2024;20:30;42,200500000000005
28.09.2024;20:45;41,81025
28.09.2024;21:00;41,42
28.09.2024;21:15;41,4095
28.09.2024;21:30;41,399
28.09.2024;21:45;41,3885
28.09.2024;22:00;41,378
28.09.2024;22:15;41,23925
28.09.2024;22:30;41,1005
28.09.2024;22:45;40,96175
28.09.2024;23:00;40,823
28.09.2024;23:15;40,47125
28.09.2024;23:30;40,1195
28.09.2024;23:45;39,76775
29.09.2024;00:00;39,416
29.09.2024;00:15;39,037
29.09.2024;00:30;38,658
29.09.2024;00:45;38,278999999999996
29.09.2024;01:00;37,9
29.09.2024;01:15;37,8665
29.09.2024;01:30;37,833
29.09.2024;01:45;37,799499999999995
29.09.2024;02:00;37,766
29.09.2024;02:15;37,74575
29.09.2024;02:30;37,7255
29.09.2024;02:45;37,70525
29.09.2024;03:00;37,685
29.09.2024;03:15;38,04475
29.09.2024;03:30;38,4045
29.09.2024;03:45;38,764250000000004
29.09.2024;04:00;39,124
29.09.2024;04:15;39,52125
29.09.2024;04:30;39,9185
29.09.2024;04:45;40,31575
29.09.2024;05:00;40,713
29.09.2024;05:15;40,79725
29.09.2024;05:30;40,8815
29.09.2024;05:45;40,96575
29.09.2024;06:00;41,05
29.09.2024;06:15;41,574999999999996
29.09.2024;06:30;42,099999999999994
29.09.2024;06:45;42,625
29.09.2024;07:00;43,15
29.09.2024;07:15;43,122
29.09.2024;07:30;43,093999999999994
29.09.2024;07:45;43,065999999999995
29.09.2024;08:00;43,038
29.09.2024;08:15;41,976749999999996
29.09.2024;08:30;40,915499999999994
29.09.2024;08:45;39,85425
29.09.2024;09:00;38,793
29.09.2024;09:15;37,4655
29.09.2024;09:30;36,138
29.09.2024;09:45;34,8105
29.09.2024;10:00;33,483
29.09.2024;10:15;33,449749999999995
29.09.2024;10:30;33,4165
29.09.2024;10:45;33,383250000000004
29.09.2024;11:00;33,35
29.09.2024;11:15;33,34975
29.09.2024;11:30;33,3495
29.09.2024;11:45;33,34925
29.09.2024;12:00;33,349
29.09.2024;12:15;33,336749999999995
29.09.2024;12:30;33,3245
29.09.2024;12:45;33,31225
29.09.2024;13:00;33,3
29.09.2024;13:15;33,301249999999996
29.09.2024;13:30;33,302499999999995
29.09.2024;13:45;33,30375
29.09.2024;14:00;33,305
29.09.2024;14:15;33,31625
29.09.2024;14:30;33,3275
29.09.2024;14:45;33,338750000000005
29.09.2024;15:00;33,35
29.09.2024;15:15;34,431
29.09.2024;15:30;35,512
29.09.2024;15:45;36,593
29.09.2024;16:00;37,674
29.09.2024;16:15;38,94325
29.09.2024;16:30;40,2125
29.09.2024;16:45;41,48175
29.09.2024;17:00;42,751
29.09.2024;17:15;44,2155
29.09.2024;17:30;45,68
29.09.2024;17:45;47,1445
29.09.2024;18:00;48,609
29.09.2024;18:15;48,97725
29.09.2024;18:30;49,3455
29.09.2024;18:45;49,713750000000005
29.09.2024;19:00;50,082
29.09.2024;19:15;48,639250000000004
29.09.2024;19:30;47,1965
29.09.2024;19:45;45,75375
29.09.2024;20:00;44,311
29.09.2024;20:15;43,574
29.09.2024;20:30;42,837
29.09.2024;20:45;42,1
29.09.2024;21:00;41,363
29.09.2024;21:15;40,96725
29.09.2024;21:30;40,5715
29.09.2024;21:45;40,17575
29.09.2024;22:00;39,78
29.09.2024;22:15;39,10725
29.09.2024;22:30;38,4345
29.09.2024;22:45;37,76175
29.09.2024;23:00;37,089
29.09.2024;23:15;36,62925
29.09.2024;23:30;36,1695
29.09.2024;23:45;35,70975
30.09.2024;00:00;35,25
30.09.2024;00:15;35,06125
30.09.2024;00:30;34,8725
30.09.2024;00:45;34,683749999999996
30.09.2024;01:00;34,495
30.09.2024;01:15;34,418749999999996
30.09.2024;01:30;34,3425
30.09.2024;01:45;34,26625
30.09.2024;02:00;34,19
30.09.2024;02:15;34,118249999999996
30.09.2024;02:30;34,046499999999995
30.09.2024;02:45;33,97475
30.09.2024;03:00;33,903
30.09.2024;03:15;33,905
30.09.2024;03:30;33,907
30.09.2024;03:45;33,909
30.09.2024;04:00;33,911
30.09.2024;04:15;34,19525
30.09.2024;04:30;34,4795
30.09.2024;04:45;34,76375
30.09.2024;05:00;35,048
30.09.2024;05:15;35,7645
30.09.2024;05:30;36,481
30.09.2024;05:45;37,197500000000005
30.09.2024;06:00;37,914
30.09.2024;06:15;39,033500000000004
30.09.2024;06:30;40,153000000000006
30.09.2024;06:45;41,2725
30.09.2024;07:00;42,392
30.09.2024;07:15;42,47025
30.09.2024;07:30;42,548500000000004
30.09.2024;07:45;42,62675
30.09.2024;08:00;42,705
30.09.2024;08:15;42,077749999999995
30.09.2024;08:30;41,4505
30.09.2024;08:45;40,82325
30.09.2024;09:00;40,196
30.09.2024;09:15;39,59475
30.09.2024;09:30;38,9935
30.09.2024;09:45;38,39225
30.09.2024;10:00;37,791
30.09.2024;10:15;37,2035
30.09.2024;10:30;36,616
30.09.2024;10:45;36,0285
30.09.2024;11:00;35,441
30.09.2024;11:15;35,15025
30.09.2024;11:30;34,8595
30.09.2024;11:45;34,56875
30.09.2024;12:00;34,278
30.09.2024;12:15;34,0975
30.09.2024;12:30;33,917
30.09.2024;12:45;33,7365
30.09.2024;13:00;33,556
30.09.2024;13:15;33,69525
30.09.2024;13:30;33,8345
30.09.2024;13:45;33,973749999999995
30.09.2024;14:00;34,113
30.09.2024;14:15;34,47125
30.09.2024;14:30;34,829499999999996
30.09.2024;14:45;35,18775
30.09.2024;15:00;35,546
30.09.2024;15:15;35,87525
30.09.2024;15:30;36,204499999999996
30.09.2024;15:45;36,53375
30.09.2024;16:00;36,863
30.09.2024;16:15;37,59975
30.09.2024;16:30;38,3365
30.09.2024;16:45;39,07325
30.09.2024;17:00;39,81
30.09.2024;17:15;39,954
30.09.2024;17:30;40,098
30.09.2024;17:45;40,242000000000004
30.09.2024;18:00;40,386
30.09.2024;18:15;40,233000000000004
30.09.2024;18:30;40,08
30.09.2024;18:45;39,927
30.09.2024;19:00;39,774
30.09.2024;19:15;39,22675
30.09.2024;19:30;38,679500000000004
30.09.2024;19:45;38,13225
30.09.2024;20:00;37,585
30.09.2024;20:15;37,0745
30.09.2024;20:30;36,564
30.09.2024;20:45;36,0535
30.09.2024;21:00;35,543
30.09.2024;21:15;35,495
30.09.2024;21:30;35,447
30.09.2024;21:45;35,399
30.09.2024;22:00;35,351
30.09.2024;22:15;35,09675
30.09.2024;22:30;34,8425
30.09.2024;22:45;34,58825
30.09.2024;23:00;34,334
30.09.2024;23:15;34,16825
30.09.2024;23:30;34,0025
30.09.2024;23:45;33,83675
01.10.2024;00:00;33,671
01.10.2024;00:15;33,5925
01.10.2024;00:30;33,513999999999996
01.10.2024;00:45;33,4355
01.10.2024;01:00;33,357
01.10.2024;01:15;33,3565
01.10.2024;01:30;33,355999999999995
01.10.2024;01:45;33,3555
01.10.2024;02:00;33,355
01.10.2024;02:15;33,35424999999999
01.10.2024;02:30;33,3535
01.10.2024;02:45;33,35275
01.10.2024;03:00;33,352
01.10.2024;03:15;33,35375
01.10.2024;03:30;33,3555
01.10.2024;03:45;33,35725
01.10.2024;04:00;33,359
01.10.2024;04:15;33,52675
01.10.2024;04:30;33,694500000000005
01.10.2024;04:45;33,86225
01.10.2024;05:00;34,03
01.10.2024;05:15;35,459
01.10.2024;05:30;36,888000000000005
01.10.2024;05:45;38,317
01.10.2024;06:00;39,746
01.10.2024;06:15;40,73075
01.10.2024;06:30;41,715500000000006
01.10.2024;06:45;42,700250000000004
01.10.2024;07:00;43,685
01.10.2024;07:15;43,975750000000005
01.10.2024;07:30;44,2665
01.10.2024;07:45;44,557249999999996
01.10.2024;08:00;44,848
01.10.2024;08:15;44,48375
01.10.2024;08:30;44,1195
01.10.2024;08:45;43,75525
01.10.2024;09:00;43,391
01.10.2024;09:15;42,79275
01.10.2024;09:30;42,1945
01.10.2024;09:45;41,59625
01.10.2024;10:00;40,998
01.10.2024;10:15;40,79125
01.10.2024;10:30;40,5845
01.10.2024;10:45;40,37775
01.10.2024;11:00;40,171
01.10.2024;11:15;39,93075
01.10.2024;11:30;39,6905
01.10.2024;11:45;39,45025
01.10.2024;12:00;39,21
01.10.2024;12:15;39,1365
01.10.2024;12:30;39,063
01.10.2024;12:45;38,9895
01.10.2024;13:00;38,916
01.10.2024;13:15;38,93725
01.10.2024;13:30;38,9585
01.10.2024;13:45;38,979749999999996
01.10.2024;14:00;39,001
01.10.2024;14:15;39,14275
01.10.2024;14:30;39,284499999999994
01.10.2024;14:45;39,426249999999996
01.10.2024;15:00;39,568
01.10.2024;15:15;40,486999999999995
01.10.2024;15:30;41,406
01.10.2024;15:45;42,325
01.10.2024;16:00;43,244
01.10.2024;16:15;43,51
01.10.2024;16:30;43,775999999999996
01.10.2024;16:45;44,042
01.10.2024;17:00;44,308
01.10.2024;17:15;44,916
01.10.2024;17:30;45,524
01.10.2024;17:45;46,132000000000005
01.10.2024;18:00;46,74
01.10.2024;18:15;46,80525
01.10.2024;18:30;46,8705
01.10.2024;18:45;46,93575
01.10.2024;19:00;47,001
01.10.2024;19:15;46,55175
01.10.2024;19:30;46,1025
01.10.2024;19:45;45,65325
01.10.2024;20:00;45,204
01.10.2024;20:15;44,548
01.10.2024;20:30;43,891999999999996
01.10.2024;20:45;43,236
01.10.2024;21:00;42,58
01.10.2024;21:15;42,558749999999996
01.10.2024;21:30;42,537499999999994
01.10.2024;21:45;42,51625
01.10.2024;22:00;42,495
01.10.2024;22:15;42,11475
01.10.2024;22:30;41,7345
01.10.2024;22:45;41,35424999999999
01.10.2024;23:00;40,974
01.10.2024;23:15;41,20399999999999
01.10.2024;23:30;41,434
01.10.2024;23:45;41,664
02.10.2024;00:00;41,894
02.10.2024;00:15;41,78
02.10.2024;00:30;41,666
02.10.2024;00:45;41,552
02.10.2024;01:00;41,438
02.10.2024;01:15;41,34325
02.10.2024;01:30;41,2485
02.10.2024;01:45;41,15375
02.10.2024;02:00;41,059
02.10.2024;02:15;41,004999999999995
02.10.2024;02:30;40,951
02.10.2024;02:45;40,897000000000006
02.10.2024;03:00;40,843
02.10.2024;03:15;40,898250000000004
02.10.2024;03:30;40,953500000000005
02.10.2024;03:45;41,00875
02.10.2024;04:00;41,064
02.10.2024;04:15;41,163
02.10.2024;04:30;41,262
02.10.2024;04:45;41,361000000000004
02.10.2024;05:00;41,46
02.10.2024;05:15;41,84575
02.10.2024;05:30;42,2315
02.10.2024;05:45;42,61725
02.10.2024;06:00;43,003
02.10.2024;06:15;43,5605
02.10.2024;06:30;44,117999999999995
02.10.2024;06:45;44,6755
02.10.2024;07:00;45,233
02.10.2024;07:15;45,65475
02.10.2024;07:30;46,076499999999996
02.10.2024;07:45;46,49825
02.10.2024;08:00;46,92
02.10.2024;08:15;46,46725
02.10.2024;08:30;46,0145
02.10.2024;08:45;45,56175
02.10.2024;09:00;45,109
02.10.2024;09:15;44,7495
02.10.2024;09:30;44,39
02.10.2024;09:45;44,0305
02.10.2024;10:00;43,671
02.10.2024;10:15;43,50375
02.10.2024;10:30;43,3365
02.10.2024;10:45;43,169250000000005
02.10.2024;11:00;43,002
02.10.2024;11:15;42,85025
02.10.2024;11:30;42,6985
02.10.2024;11:45;42,54675
02.10.2024;12:00;42,395
02.10.2024;12:15;42,29475
02.10.2024;12:30;42,194500000000005
02.10.2024;12:45;42,09425
02.10.2024;13:00;41,994
02.10.2024;13:15;41,80475
02.10.2024;13:30;41,6155
02.10.2024;13:45;41,42625
02.10.2024;14:00;41,237
02.10.2024;14:15;41,317
02.10.2024;14:30;41,397000000000006
02.10.2024;14:45;41,477000000000004
02.10.2024;15:00;41,557
02.10.2024;15:15;41,543
02.10.2024;15:30;41,528999999999996
02.10.2024;15:45;41,515
02.10.2024;16:00;41,501
02.10.2024;16:15;41,96575
02.10.2024;16:30;42,430499999999995
02.10.2024;16:45;42,89525
02.10.2024;17:00;43,36
02.10.2024;17:15;43,78275
02.10.2024;17:30;44,2055
02.10.2024;17:45;44,62825
02.10.2024;18:00;45,051
02.10.2024;18:15;45,3775
02.10.2024;18:30;45,704
02.10.2024;18:45;46,0305
02.10.2024;19:00;46,357
02.10.2024;19:15;45,9645
02.10.2024;19:30;45,572
02.10.2024;19:45;45,1795
02.10.2024;20:00;44,787
02.10.2024;20:15;44,34125
02.10.2024;20:30;43,8955
02.10.2024;20:45;43,449749999999995
02.10.2024;21:00;43,004
02.10.2024;21:15;42,923
02.10.2024;21:30;42,842
02.10.2024;21:45;42,760999999999996
02.10.2024;22:00;42,68
02.10.2024;22:15;42,4725
02.10.2024;22:30;42,265
02.10.2024;22:45;42,057500000000005
02.10.2024;23:00;41,85
02.10.2024;23:15;41,40825
02.10.2024;23:30;40,966499999999996
02.10.2024;23:45;40,52475
03.10.2024;00:00;40,083
03.10.2024;00:15;40,04625
03.10.2024;00:30;40,0095
03.10.2024;00:45;39,97275
03.10.2024;01:00;39,936
03.10.2024;01:15;39,918
03.10.2024;01:30;39,9
03.10.2024;01:45;39,882
03.10.2024;02:00;39,864
03.10.2024;02:15;39,839999999999996
03.10.2024;02:30;39,816
03.10.2024;02:45;39,792
03.10.2024;03:00;39,768
03.10.2024;03:15;39,763
03.10.2024;03:30;39,757999999999996
03.10.2024;03:45;39,753
03.10.2024;04:00;39,748
03.10.2024;04:15;39,7585
03.10.2024;04:30;39,769
03.10.2024;04:45;39,7795
03.10.2024;05:00;39,79
03.10.2024;05:15;39,81575
03.10.2024;05:30;39,841499999999996
03.10.2024;05:45;39,86725
03.10.2024;06:00;39,893
03.10.2024;06:15;40,091499999999996
03.10.2024;06:30;40,29
03.10.2024;06:45;40,4885
03.10.2024;07:00;40,687
03.10.2024;07:15;40,7695
03.10.2024;07:30;40,852000000000004
03.10.2024;07:45;40,9345
03.10.2024;08:00;41,017
03.10.2024;08:15;40,92275
03.10.2024;08:30;40,828500000000005
03.10.2024;08:45;40,73425
03.10.2024;09:00;40,64
03.10.2024;09:15;40,5495
03.10.2024;09:30;40,459
03.10.2024;09:45;40,3685
03.10.2024;10:00;40,278
03.10.2024;10:15;40,122
03.10.2024;10:30;39,966
03.10.2024;10:45;39,81
03.10.2024;11:00;39,654
03.10.2024;11:15;39,255250000000004
03.10.2024;11:30;38,8565
03.10.2024;11:45;38,45775
03.10.2024;12:00;38,059
03.10.2024;12:15;37,731249999999996
03.10.2024;12:30;37,403499999999994
03.10.2024;12:45;37,07575
03.10.2024;13:00;36,748
03.10.2024;13:15;36,876999999999995
03.10.2024;13:30;37,006
03.10.2024;13:45;37,135000000000005
03.10.2024;14:00;37,264
03.10.2024;14:15;37,569500000000005
03.10.2024;14:30;37,875
03.10.2024;14:45;38,180499999999995
03.10.2024;15:00;38,486
03.10.2024;15:15;38,852999999999994
03.10.2024;15:30;39,22
03.10.2024;15:45;39,587
03.10.2024;16:00;39,954
03.10.2024;16:15;40,545500000000004
03.10.2024;16:30;41,137
03.10.2024;16:45;41,7285
03.10.2024;17:00;42,32
03.10.2024;17:15;42,82925
03.10.2024;17:30;43,338499999999996
03.10.2024;17:45;43,84775
03.10.2024;18:00;44,357
03.10.2024;18:15;44,48825
03.10.2024;18:30;44,6195
03.10.2024;18:45;44,75075
03.10.2024;19:00;44,882
03.10.2024;19:15;44,705999999999996
03.10.2024;19:30;44,53
03.10.2024;19:45;44,354
03.10.2024;20:00;44,178
03.10.2024;20:15;43,94
03.10.2024;20:30;43,702
03.10.2024;20:45;43,464
03.10.2024;21:00;43,226
03.10.2024;21:15;43,031
03.10.2024;21:30;42,836
03.10.2024;21:45;42,641
03.10.2024;22:00;42,446
03.10.2024;22:15;42,2085
03.10.2024;22:30;41,971000000000004
03.10.2024;22:45;41,7335
03.10.2024;23:00;41,496
03.10.2024;23:15;41,307
03.10.2024;23:30;41,118
03.10.2024;23:45;40,929
04.10.2024;00:00;40,74
04.10.2024;00:15;40,7055
04.10.2024;00:30;40,671
04.10.2024;00:45;40,6365
04.10.2024;01:00;40,602
04.10.2024;01:15;40,591499999999996
04.10.2024;01:30;40,581
04.10.2024;01:45;40,5705
04.10.2024;02:00;40,56
04.10.2024;02:15;40,557500000000005
04.10.2024;02:30;40,555
04.10.2024;02:45;40,552499999999995
04.10.2024;03:00;40,55
04.10.2024;03:15;40,55825
04.10.2024;03:30;40,5665
04.10.2024;03:45;40,574749999999995
04.10.2024;04:00;40,583
04.10.2024;04:15;40,70225
04.10.2024;04:30;40,8215
04.10.2024;04:45;40,94075
04.10.2024;05:00;41,06
04.10.2024;05:15;41,7075
04.10.2024;05:30;42,355000000000004
04.10.2024;05:45;43,0025
04.10.2024;06:00;43,65
04.10.2024;06:15;44,2385
04.10.2024;06:30;44,827
04.10.2024;06:45;45,415499999999994
04.10.2024;07:00;46,004
04.10.2024;07:15;46,376
04.10.2024;07:30;46,748
04.10.2024;07:45;47,12
04.10.2024;08:00;47,492
04.10.2024;08:15;46,863249999999994
04.10.2024;08:30;46,2345
04.10.2024;08:45;45,60575
04.10.2024;09:00;44,977
04.10.2024;09:15;44,5725
04.10.2024;09:30;44,168
04.10.2024;09:45;43,7635
04.10.2024;10:00;43,359
04.10.2024;10:15;42,981750000000005
04.10.2024;10:30;42,6045
04.10.2024;10:45;42,22725
04.10.2024;11:00;41,85
04.10.2024;11:15;41,60175
04.10.2024;11:30;41,3535
04.10.2024;11:45;41,10525
04.10.2024;12:00;40,857
04.10.2024;12:15;40,817499999999995
04.10.2024;12:30;40,778
04.10.2024;12:45;40,7385
04.10.2024;13:00;40,699
04.10.2024;13:15;40,75725
04.10.2024;13:30;40,8155
04.10.2024;13:45;40,87375
04.10.2024;14:00;40,932
04.10.2024;14:15;41,01325
04.10.2024;14:30;41,0945
04.10.2024;14:45;41,17575
04.10.2024;15:00;41,257
04.10.2024;15:15;41,52525
04.10.2024;15:30;41,793499999999995
04.10.2024;15:45;42,061749999999996
04.10.2024;16:00;42,33
04.10.2024;16:15;42,7625
04.10.2024;16:30;43,195
04.10.2024;16:45;43,6275
04.10.2024;17:00;44,06
04.10.2024;17:15;44,68175
04.10.2024;17:30;45,3035
04.10.2024;17:45;45,92525
04.10.2024;18:00;46,547
04.10.2024;18:15;46,97325
04.10.2024;18:30;47,3995
04.10.2024;18:45;47,82575
04.10.2024;19:00;48,252
04.10.2024;19:15;47,619
04.10.2024;19:30;46,986000000000004
04.10.2024;19:45;46,353
04.10.2024;20:00;45,72
04.10.2024;20:15;45,125
04.10.2024;20:30;44,53
04.10.2024;20:45;43,935
04.10.2024;21:00;43,34
04.10.2024;21:15;43,34
04.10.2024;21:30;43,34
04.10.2024;21:45;43,34
04.10.2024;22:00;43,34
04.10.2024;22:15;43,0925
04.10.2024;22:30;42,845
04.10.2024;22:45;42,597500000000004
04.10.2024;23:00;42,35
04.10.2024;23:15;42,4275
04.10.2024;23:30;42,504999999999995
04.10.2024;23:45;42,582499999999996
05.10.2024;00:00;42,66
05.10.2024;00:15;42,448499999999996
05.10.2024;00:30;42,236999999999995
05.10.2024;00:45;42,0255
05.10.2024;01:00;41,814
05.10.2024;01:15;41,733000000000004
05.10.2024;01:30;41,652
05.10.2024;01:45;41,571
05.10.2024;02:00;41,49
05.10.2024;02:15;41,343500000000006
05.10.2024;02:30;41,197
05.10.2024;02:45;41,0505
05.10.2024;03:00;40,904
05.10.2024;03:15;40,908500000000004
05.10.2024;03:30;40,913
05.10.2024;03:45;40,9175
05.10.2024;04:00;40,922
05.10.2024;04:15;41,024499999999996
05.10.2024;04:30;41,126999999999995
05.10.2024;04:45;41,2295
05.10.2024;05:00;41,332
05.10.2024;05:15;41,4915
05.10.2024;05:30;41,650999999999996
05.10.2024;05:45;41,8105
05.10.2024;06:00;41,97
05.10.2024;06:15;42,325
05.10.2024;06:30;42,68
05.10.2024;06:45;43,035
05.10.2024;07:00;43,39
05.10.2024;07:15;43,6455
05.10.2024;07:30;43,900999999999996
05.10.2024;07:45;44,1565
05.10.2024;08:00;44,412
05.10.2024;08:15;44,2215
05.10.2024;08:30;44,031
05.10.2024;08:45;43,8405
05.10.2024;09:00;43,65
05.10.2024;09:15;43,1355
05.10.2024;09:30;42,620999999999995
05.10.2024;09:45;42,1065
05.10.2024;10:00;41,592
05.10.2024;10:15;41,23825
05.10.2024;10:30;40,8845
05.10.2024;10:45;40,53075
05.10.2024;11:00;40,177
05.10.2024;11:15;39,75625
05.10.2024;11:30;39,335499999999996
05.10.2024;11:45;38,91475
05.10.2024;12:00;38,494
05.10.2024;12:15;38,18
05.10.2024;12:30;37,866
05.10.2024;12:45;37,552
05.10.2024;13:00;37,238
05.10.2024;13:15;37,35325
05.10.2024;13:30;37,4685
05.10.2024;13:45;37,583749999999995
05.10.2024;14:00;37,699
05.10.2024;14:15;38,18475
05.10.2024;14:30;38,670500000000004
05.10.2024;14:45;39,15625
05.10.2024;15:00;39,642
05.10.2024;15:15;39,997
05.10.2024;15:30;40,352000000000004
05.10.2024;15:45;40,707
05.10.2024;16:00;41,062
05.10.2024;16:15;41,620999999999995
05.10.2024;16:30;42,18
05.10.2024;16:45;42,739000000000004
05.10.2024;17:00;43,298
05.10.2024;17:15;44,52725
05.10.2024;17:30;45,7565
05.10.2024;17:45;46,98575
05.10.2024;18:00;48,215
05.10.2024;18:15;48,08075
05.10.2024;18:30;47,9465
05.10.2024;18:45;47,81225
05.10.2024;19:00;47,678
05.10.2024;19:15;46,77675
05.10.2024;19:30;45,8755
05.10.2024;19:45;44,97425
05.10.2024;20:00;44,073
05.10.2024;20:15;43,80625
05.10.2024;20:30;43,539500000000004
05.10.2024;20:45;43,27275
05.10.2024;21:00;43,006
05.10.2024;21:15;42,72275
05.10.2024;21:30;42,439499999999995
05.10.2024;21:45;42,15625
05.10.2024;22:00;41,873
05.10.2024;22:15;41,417249999999996
05.10.2024;22:30;40,9615
05.10.2024;22:45;40,50575
05.10.2024;23:00;40,05
05.10.2024;23:15;40,051
05.10.2024;23:30;40,052
05.10.2024;23:45;40,053
06.10.2024;00:00;40,054
06.10.2024;00:15;39,97725
06.10.2024;00:30;39,9005
06.10.2024;00:45;39,823750000000004
06.10.2024;01:00;39,747
06.10.2024;01:15;39,7185
06.10.2024;01:30;39,69
06.10.2024;01:45;39,661500000000004
06.10.2024;02:00;39,633
06.10.2024;02:15;39,646
06.10.2024;02:30;39,659000000000006
06.10.2024;02:45;39,672000000000004
06.10.2024;03:00;39,685
06.10.2024;03:15;39,669000000000004
06.10.2024;03:30;39,653000000000006
06.10.2024;03:45;39,637
06.10.2024;04:00;39,621
06.10.2024;04:15;39,6525
06.10.2024;04:30;39,684
06.10.2024;04:45;39,7155
06.10.2024;05:00;39,747
06.10.2024;05:15;39,733000000000004
06.10.2024;05:30;39,719
06.10.2024;05:45;39,705
06.10.2024;06:00;39,691
06.10.2024;06:15;39,926
06.10.2024;06:30;40,161
06.10.2024;06:45;40,396
06.10.2024;07:00;40,631
06.10.2024;07:15;40,74075
06.10.2024;07:30;40,8505
06.10.2024;07:45;40,96025
06.10.2024;08:00;41,07
06.10.2024;08:15;40,7915
06.10.2024;08:30;40,513000000000005
06.10.2024;08:45;40,234500000000004
06.10.2024;09:00;39,956
06.10.2024;09:15;39,1865
06.10.2024;09:30;38,417
06.10.2024;09:45;37,6475
06.10.2024;10:00;36,878
06.10.2024;10:15;36,413
06.10.2024;10:30;35,948
06.10.2024;10:45;35,483000000000004
06.10.2024;11:00;35,018
06.10.2024;11:15;34,73225
06.10.2024;11:30;34,4465
06.10.2024;11:45;34,16075
06.10.2024;12:00;33,875
06.10.2024;12:15;33,7435
06.10.2024;12:30;33,611999999999995
06.10.2024;12:45;33,4805
06.10.2024;13:00;33,349
06.10.2024;13:15;33,349
06.10.2024;13:30;33,349
06.10.2024;13:45;33,349
06.10.2024;14:00;33,349
06.10.2024;14:15;33,35424999999999
06.10.2024;14:30;33,3595
06.10.2024;14:45;33,36475
06.10.2024;15:00;33,37
06.10.2024;15:15;34,855
06.10.2024;15:30;36,34
06.10.2024;15:45;37,825
06.10.2024;16:00;39,31
06.10.2024;16:15;40,093500000000006
06.10.2024;16:30;40,877
06.10.2024;16:45;41,6605
06.10.2024;17:00;42,444
06.10.2024;17:15;42,828
06.10.2024;17:30;43,212
06.10.2024;17:45;43,596
06.10.2024;18:00;43,98
06.10.2024;18:15;43,753
06.10.2024;18:30;43,525999999999996
06.10.2024;18:45;43,299
06.10.2024;19:00;43,072
06.10.2024;19:15;42,466
06.10.2024;19:30;41,86
06.10.2024;19:45;41,254000000000005
06.10.2024;20:00;40,648
06.10.2024;20:15;40,30775
06.10.2024;20:30;39,9675
06.10.2024;20:45;39,627250000000004
06.10.2024;21:00;39,287
06.10.2024;21:15;39,269999999999996
06.10.2024;21:30;39,253
06.10.2024;21:45;39,236000000000004
06.10.2024;22:00;39,219
06.10.2024;22:15;39,0445
06.10.2024;22:30;38,870000000000005
06.10.2024;22:45;38,6955
06.10.2024;23:00;38,521
06.10.2024;23:15;38,09275
06.10.2024;23:30;37,664500000000004
06.10.2024;23:45;37,23625
07.10.2024;00:00;36,808
07.10.2024;00:15;36,827
07.10.2024;00:30;36,846000000000004
07.10.2024;00:45;36,865
07.10.2024;01:00;36,884
07.10.2024;01:15;36,83175
07.10.2024;01:30;36,7795
07.10.2024;01:45;36,72725
07.10.2024;02:00;36,675
07.10.2024;02:15;36,5975
07.10.2024;02:30;36,519999999999996
07.10.2024;02:45;36,4425
07.10.2024;03:00;36,365
07.10.2024;03:15;36,5135
07.10.2024;03:30;36,662000000000006
07.10.2024;03:45;36,810500000000005
07.10.2024;04:00;36,959
07.10.2024;04:15;37,225
07.10.2024;04:30;37,491
07.10.2024;04:45;37,757000000000005
07.10.2024;05:00;38,023
07.10.2024;05:15;38,5445
07.10.2024;05:30;39,066
07.10.2024;05:45;39,587500000000006
07.10.2024;06:00;40,109
07.10.2024;06:15;40,94225
07.10.2024;06:30;41,7755
07.10.2024;06:45;42,60875
07.10.2024;07:00;43,442
07.10.2024;07:15;43,627
07.10.2024;07:30;43,812
07.10.2024;07:45;43,997
07.10.2024;08:00;44,182
07.10.2024;08:15;43,7705
07.10.2024;08:30;43,359
07.10.2024;08:45;42,947500000000005
07.10.2024;09:00;42,536
07.10.2024;09:15;41,89175
07.10.2024;09:30;41,2475
07.10.2024;09:45;40,60325
07.10.2024;10:00;39,959
07.10.2024;10:15;39,812250000000006
07.10.2024;10:30;39,6655
07.10.2024;10:45;39,51875
07.10.2024;11:00;39,372
07.10.2024;11:15;39,21925
07.10.2024;11:30;39,066500000000005
07.10.2024;11:45;38,91375
07.10.2024;12:00;38,761
07.10.2024;12:15;38,490500000000004
07.10.2024;12:30;38,22
07.10.2024;12:45;37,9495
07.10.2024;13:00;37,679
07.10.2024;13:15;37,97175
07.10.2024;13:30;38,2645
07.10.2024;13:45;38,55725
07.10.2024;14:00;38,85
07.10.2024;14:15;39,15025
07.10.2024;14:30;39,450500000000005
07.10.2024;14:45;39,750750000000004
07.10.2024;15:00;40,051
07.10.2024;15:15;40,82325
07.10.2024;15:30;41,5955
07.10.2024;15:45;42,36775
07.10.2024;16:00;43,14
07.10.2024;16:15;43,71025
07.10.2024;16:30;44,2805
07.10.2024;16:45;44,85075
07.10.2024;17:00;45,421
07.10.2024;17:15;48,3445
07.10.2024;17:30;51,268
07.10.2024;17:45;54,191500000000005
07.10.2024;18:00;57,115
07.10.2024;18:15;56,912
07.10.2024;18:30;56,709
07.10.2024;18:45;56,506
07.10.2024;19:00;56,303
07.10.2024;19:15;53,61425
07.10.2024;19:30;50,9255
07.10.2024;19:45;48,23675
07.10.2024;20:00;45,548
07.10.2024;20:15;44,996750000000006
07.10.2024;20:30;44,4455
07.10.2024;20:45;43,89425
07.10.2024;21:00;43,343
07.10.2024;21:15;43,1425
07.10.2024;21:30;42,942
07.10.2024;21:45;42,7415
07.10.2024;22:00;42,541
07.10.2024;22:15;42,22125
07.10.2024;22:30;41,9015
07.10.2024;22:45;41,58175
07.10.2024;23:00;41,262
07.10.2024;23:15;41,09225
07.10.2024;23:30;40,9225
07.10.2024;23:45;40,75275
08.10.2024;00:00;40,583
08.10.2024;00:15;40,451499999999996
08.10.2024;00:30;40,32
08.10.2024;00:45;40,188500000000005
08.10.2024;01:00;40,057
08.10.2024;01:15;39,980000000000004
08.10.2024;01:30;39,903000000000006
08.10.2024;01:45;39,826
08.10.2024;02:00;39,749
08.10.2024;02:15;39,641000000000005
08.10.2024;02:30;39,533
08.10.2024;02:45;39,425
08.10.2024;03:00;39,317
08.10.2024;03:15;39,3175
08.10.2024;03:30;39,318
08.10.2024;03:45;39,3185
08.10.2024;04:00;39,319
08.10.2024;04:15;39,5125
08.10.2024;04:30;39,706
08.10.2024;04:45;39,8995
08.10.2024;05:00;40,093
08.10.2024;05:15;40,5565
08.10.2024;05:30;41,02
08.10.2024;05:45;41,48350000000001
08.10.2024;06:00;41,947
08.10.2024;06:15;42,557
08.10.2024;06:30;43,167
08.10.2024;06:45;43,777
08.10.2024;07:00;44,387
08.10.2024;07:15;44,28375
08.10.2024;07:30;44,180499999999995
08.10.2024;07:45;44,07725
08.10.2024;08:00;43,974
08.10.2024;08:15;43,443
08.10.2024;08:30;42,912
08.10.2024;08:45;42,381
08.10.2024;09:00;41,85
08.10.2024;09:15;41,73325
08.10.2024;09:30;41,6165
08.10.2024;09:45;41,499750000000006
08.10.2024;10:00;41,383
08.10.2024;10:15;41,38725
08.10.2024;10:30;41,3915
08.10.2024;10:45;41,39575
08.10.2024;11:00;41,4
08.10.2024;11:15;41,2875
08.10.2024;11:30;41,175
08.10.2024;11:45;41,0625
08.10.2024;12:00;40,95
08.10.2024;12:15;41,11325
08.10.2024;12:30;41,2765
08.10.2024;12:45;41,439750000000004
08.10.2024;13:00;41,603
08.10.2024;13:15;41,7495
08.10.2024;13:30;41,896
08.10.2024;13:45;42,042500000000004
08.10.2024;14:00;42,189
08.10.2024;14:15;42,23125
08.10.2024;14:30;42,2735
08.10.2024;14:45;42,315749999999994
08.10.2024;15:00;42,358
08.10.2024;15:15;42,63575
08.10.2024;15:30;42,9135
08.10.2024;15:45;43,19125
08.10.2024;16:00;43,469
08.10.2024;16:15;44,097750000000005
08.10.2024;16:30;44,7265
08.10.2024;16:45;45,35525
08.10.2024;17:00;45,984
08.10.2024;17:15;46,74475
08.10.2024;17:30;47,5055
08.10.2024;17:45;48,26625
08.10.2024;18:00;49,027
08.10.2024;18:15;49,31275
08.10.2024;18:30;49,5985
08.10.2024;18:45;49,88425
08.10.2024;19:00;50,17
08.10.2024;19:15;48,82525
08.10.2024;19:30;47,4805
08.10.2024;19:45;46,13575
08.10.2024;20:00;44,791
08.10.2024;20:15;44,30325
08.10.2024;20:30;43,8155
08.10.2024;20:45;43,32775
08.10.2024;21:00;42,84
08.10.2024;21:15;42,6325
08.10.2024;21:30;42,425
08.10.2024;21:45;42,2175
08.10.2024;22:00;42,01
08.10.2024;22:15;41,535
08.10.2024;22:30;41,06
08.10.2024;22:45;40,585
08.10.2024;23:00;40,11
08.10.2024;23:15;39,96825
08.10.2024;23:30;39,826499999999996
08.10.2024;23:45;39,68475
09.10.2024;00:00;39,543
09.10.2024;00:15;39,494749999999996
09.10.2024;00:30;39,4465
09.10.2024;00:45;39,398250000000004
09.10.2024;01:00;39,35
09.10.2024;01:15;39,287
09.10.2024;01:30;39,224000000000004
09.10.2024;01:45;39,161
09.10.2024;02:00;39,098
09.10.2024;02:15;39,019
09.10.2024;02:30;38,94
09.10.2024;02:45;38,861
09.10.2024;03:00;38,782
09.10.2024;03:15;38,857
09.10.2024;03:30;38,932
09.10.2024;03:45;39,007
09.10.2024;04:00;39,082
09.10.2024;04:15;39,24575
09.10.2024;04:30;39,4095
09.10.2024;04:45;39,57325
09.10.2024;05:00;39,737
09.10.2024;05:15;40,30775
09.10.2024;05:30;40,8785
09.10.2024;05:45;41,449250000000006
09.10.2024;06:00;42,02
09.10.2024;06:15;42,63225
09.10.2024;06:30;43,2445
09.10.2024;06:45;43,856750000000005
09.10.2024;07:00;44,469
09.10.2024;07:15;44,463750000000005
09.10.2024;07:30;44,4585
09.10.2024;07:45;44,45325
09.10.2024;08:00;44,448
09.10.2024;08:15;43,8485
09.10.2024;08:30;43,248999999999995
09.10.2024;08:45;42,649499999999996
09.10.2024;09:00;42,05
09.10.2024;09:15;41,67725
09.10.2024;09:30;41,3045
09.10.2024;09:45;40,931749999999994
09.10.2024;10:00;40,559
09.10.2024;10:15;40,25425
09.10.2024;10:30;39,9495
09.10.2024;10:45;39,64475
09.10.2024;11:00;39,34
09.10.2024;11:15;39,337500000000006
09.10.2024;11:30;39,335
09.10.2024;11:45;39,332499999999996
09.10.2024;12:00;39,33
09.10.2024;12:15;39,33125
09.10.2024;12:30;39,332499999999996
09.10.2024;12:45;39,33375
09.10.2024;13:00;39,335
09.10.2024;13:15;39,5295
09.10.2024;13:30;39,724000000000004
09.10.2024;13:45;39,9185
09.10.2024;14:00;40,113
09.10.2024;14:15;40,3515
09.10.2024;14:30;40,59
09.10.2024;14:45;40,8285
09.10.2024;15:00;41,067
09.10.2024;15:15;41,51275
09.10.2024;15:30;41,9585
09.10.2024;15:45;42,404250000000005
09.10.2024;16:00;42,85
09.10.2024;16:15;43,41125
09.10.2024;16:30;43,9725
09.10.2024;16:45;44,53375
09.10.2024;17:00;45,095
09.10.2024;17:15;45,222
09.10.2024;17:30;45,349000000000004
09.10.2024;17:45;45,476
09.10.2024;18:00;45,603
09.10.2024;18:15;45,71775
09.10.2024;18:30;45,832499999999996
09.10.2024;18:45;45,94725
09.10.2024;19:00;46,062
09.10.2024;19:15;45,66025
09.10.2024;19:30;45,2585
09.10.2024;19:45;44,85675
09.10.2024;20:00;44,455
09.10.2024;20:15;44,07375
09.10.2024;20:30;43,692499999999995
09.10.2024;20:45;43,31125
09.10.2024;21:00;42,93
09.10.2024;21:15;42,9125
09.10.2024;21:30;42,894999999999996
09.10.2024;21:45;42,8775
09.10.2024;22:00;42,86
09.10.2024;22:15;42,541
09.10.2024;22:30;42,222
09.10.2024;22:45;41,903000000000006
09.10.2024;23:00;41,584
09.10.2024;23:15;41,05525
09.10.2024;23:30;40,5265
09.10.2024;23:45;39,99775
10.10.2024;00:00;39,469
10.10.2024;00:15;39,1115
10.10.2024;00:30;38,754000000000005
10.10.2024;00:45;38,3965
10.10.2024;01:00;38,039
10.10.2024;01:15;37,810500000000005
10.10.2024;01:30;37,582
10.10.2024;01:45;37,3535
10.10.2024;02:00;37,125
10.10.2024;02:15;36,98125
10.10.2024;02:30;36,8375
10.10.2024;02:45;36,693749999999994
10.10.2024;03:00;36,55
10.10.2024;03:15;36,491
10.10.2024;03:30;36,432
10.10.2024;03:45;36,373
10.10.2024;04:00;36,314
10.10.2024;04:15;36,563
10.10.2024;04:30;36,812
10.10.2024;04:45;37,061
10.10.2024;05:00;37,31
10.10.2024;05:15;37,8725
10.10.2024;05:30;38,435
10.10.2024;05:45;38,9975
10.10.2024;06:00;39,56
10.10.2024;06:15;40,13
10.10.2024;06:30;40,7
10.10.2024;06:45;41,27
10.10.2024;07:00;41,84
10.10.2024;07:15;41,729
10.10.2024;07:30;41,618
10.10.2024;07:45;41,507000000000005
10.10.2024;08:00;41,396
10.10.2024;08:15;41,072
10.10.2024;08:30;40,748000000000005
10.10.2024;08:45;40,424
10.10.2024;09:00;40,1
10.10.2024;09:15;39,71275
10.10.2024;09:30;39,325500000000005
10.10.2024;09:45;38,938250000000004
10.10.2024;10:00;38,551
10.10.2024;10:15;38,224000000000004
10.10.2024;10:30;37,897000000000006
10.10.2024;10:45;37,57
10.10.2024;11:00;37,243
10.10.2024;11:15;36,817
10.10.2024;11:30;36,391000000000005
10.10.2024;11:45;35,965
10.10.2024;12:00;35,539
10.10.2024;12:15;35,39025
10.10.2024;12:30;35,2415
10.10.2024;12:45;35,09275
10.10.2024;13:00;34,944
10.10.2024;13:15;35,04575
10.10.2024;13:30;35,1475
10.10.2024;13:45;35,24925
10.10.2024;14:00;35,351
10.10.2024;14:15;35,81
10.10.2024;14:30;36,269
10.10.2024;14:45;36,727999999999994
10.10.2024;15:00;37,187
10.10.2024;15:15;37,69025
10.10.2024;15:30;38,1935
10.10.2024;15:45;38,69675
10.10.2024;16:00;39,2
10.10.2024;16:15;39,883
10.10.2024;16:30;40,566
10.10.2024;16:45;41,249
10.10.2024;17:00;41,932
10.10.2024;17:15;42,188250000000004
10.10.2024;17:30;42,444500000000005
10.10.2024;17:45;42,70075
10.10.2024;18:00;42,957
10.10.2024;18:15;43,53825
10.10.2024;18:30;44,1195
10.10.2024;18:45;44,70075
10.10.2024;19:00;45,282
10.10.2024;19:15;44,82875
10.10.2024;19:30;44,3755
10.10.2024;19:45;43,92225
10.10.2024;20:00;43,469
10.10.2024;20:15;43,1995
10.10.2024;20:30;42,93
10.10.2024;20:45;42,6605
10.10.2024;21:00;42,391
10.10.2024;21:15;42,20975
10.10.2024;21:30;42,028499999999994
10.10.2024;21:45;41,847249999999995
10.10.2024;22:00;41,666
10.10.2024;22:15;41,33525
10.10.2024;22:30;41,0045
10.10.2024;22:45;40,67375
10.10.2024;23:00;40,343
10.10.2024;23:15;40,59375
10.10.2024;23:30;40,8445
10.10.2024;23:45;41,09525
11.10.2024;00:00;41,346
11.10.2024;00:15;41,17725
11.10.2024;00:30;41,0085
11.10.2024;00:45;40,839749999999995
11.10.2024;01:00;40,671
11.10.2024;01:15;40,633250000000004
11.10.2024;01:30;40,5955
11.10.2024;01:45;40,55775
11.10.2024;02:00;40,52
11.10.2024;02:15;40,425250000000005
11.10.2024;02:30;40,3305
11.10.2024;02:45;40,235749999999996
11.10.2024;03:00;40,141
11.10.2024;03:15;40,182249999999996
11.10.2024;03:30;40,2235
11.10.2024;03:45;40,26475
11.10.2024;04:00;40,306
11.10.2024;04:15;40,40175
11.10.2024;04:30;40,4975
11.10.2024;04:45;40,59325
11.10.2024;05:00;40,689
11.10.2024;05:15;41,353
11.10.2024;05:30;42,016999999999996
11.10.2024;05:45;42,681
11.10.2024;06:00;43,345
11.10.2024;06:15;44,3565
11.10.2024;06:30;45,367999999999995
11.10.2024;06:45;46,3795
11.10.2024;07:00;47,391
11.10.2024;07:15;47,768
11.10.2024;07:30;48,144999999999996
11.10.2024;07:45;48,522
11.10.2024;08:00;48,899
11.10.2024;08:15;47,762
11.10.2024;08:30;46,625
11.10.2024;08:45;45,488
11.10.2024;09:00;44,351
11.10.2024;09:15;43,85075
11.10.2024;09:30;43,3505
11.10.2024;09:45;42,85025
11.10.2024;10:00;42,35
11.10.2024;10:15;41,90875
11.10.2024;10:30;41,4675
11.10.2024;10:45;41,026250000000005
11.10.2024;11:00;40,585
11.10.2024;11:15;40,3175
11.10.2024;11:30;40,05
11.10.2024;11:45;39,7825
11.10.2024;12:00;39,515
11.10.2024;12:15;39,403
11.10.2024;12:30;39,291
11.10.2024;12:45;39,179
11.10.2024;13:00;39,067
11.10.2024;13:15;39,12675
11.10.2024;13:30;39,186499999999995
11.10.2024;13:45;39,246249999999996
11.10.2024;14:00;39,306
11.10.2024;14:15;39,491
11.10.2024;14:30;39,676
11.10.2024;14:45;39,861
11.10.2024;15:00;40,046
11.10.2024;15:15;40,20575
11.10.2024;15:30;40,3655
11.10.2024;15:45;40,52525
11.10.2024;16:00;40,685
11.10.2024;16:15;41,67075
11.10.2024;16:30;42,6565
11.10.2024;16:45;43,642250000000004
11.10.2024;17:00;44,628
11.10.2024;17:15;46,005
11.10.2024;17:30;47,382000000000005
11.10.2024;17:45;48,759
11.10.2024;18:00;50,136
11.10.2024;18:15;50,295500000000004
11.10.2024;18:30;50,455
11.10.2024;18:45;50,6145
11.10.2024;19:00;50,774
11.10.2024;19:15;49,45075
11.10.2024;19:30;48,1275
11.10.2024;19:45;46,80425
11.10.2024;20:00;45,481
11.10.2024;20:15;44,943
11.10.2024;20:30;44,405
11.10.2024;20:45;43,867000000000004
11.10.2024;21:00;43,329
11.10.2024;21:15;43,2945
11.10.2024;21:30;43,260000000000005
11.10.2024;21:45;43,225500000000004
11.10.2024;22:00;43,191
11.10.2024;22:15;42,926500000000004
11.10.2024;22:30;42,662000000000006
11.10.2024;22:45;42,3975
11.10.2024;23:00;42,133
11.10.2024;23:15;42,1895
11.10.2024;23:30;42,246
11.10.2024;23:45;42,3025
12.10.2024;00:00;42,359
12.10.2024;00:15;42,09225
12.10.2024;00:30;41,825500000000005
12.10.2024;00:45;41,55875
12.10.2024;01:00;41,292
12.10.2024;01:15;41,196
12.10.2024;01:30;41,1
12.10.2024;01:45;41,004000000000005
12.10.2024;02:00;40,908
12.10.2024;02:15;40,894
12.10.2024;02:30;40,879999999999995
12.10.2024;02:45;40,866
12.10.2024;03:00;40,852
12.10.2024;03:15;40,774499999999996
12.10.2024;03:30;40,697
12.10.2024;03:45;40,6195
12.10.2024;04:00;40,542
12.10.2024;04:15;40,441500000000005
12.10.2024;04:30;40,341
12.10.2024;04:45;40,2405
12.10.2024;05:00;40,14
12.10.2024;05:15;40,23325
12.10.2024;05:30;40,326499999999996
12.10.2024;05:45;40,41975
12.10.2024;06:00;40,513
12.10.2024;06:15;40,4405
12.10.2024;06:30;40,367999999999995
12.10.2024;06:45;40,2955
12.10.2024;07:00;40,223
12.10.2024;07:15;40,2275
12.10.2024;07:30;40,232
12.10.2024;07:45;40,2365
12.10.2024;08:00;40,241
12.10.2024;08:15;39,56375
12.10.2024;08:30;38,8865
12.10.2024;08:45;38,20925
12.10.2024;09:00;37,532
12.10.2024;09:15;37,369
12.10.2024;09:30;37,206
12.10.2024;09:45;37,043
12.10.2024;10:00;36,88
12.10.2024;10:15;36,8545
12.10.2024;10:30;36,829
12.10.2024;10:45;36,8035
12.10.2024;11:00;36,778
12.10.2024;11:15;36,54075
12.10.2024;11:30;36,3035
12.10.2024;11:45;36,06625
12.10.2024;12:00;35,829
12.10.2024;12:15;35,5675
12.10.2024;12:30;35,306
12.10.2024;12:45;35,0445
12.10.2024;13:00;34,783
12.10.2024;13:15;35,008250000000004
12.10.2024;13:30;35,2335
12.10.2024;13:45;35,458749999999995
12.10.2024;14:00;35,684
12.10.2024;14:15;36,259249999999994
12.10.2024;14:30;36,8345
12.10.2024;14:45;37,40975
12.10.2024;15:00;37,985
12.10.2024;15:15;38,40575
12.10.2024;15:30;38,826499999999996
12.10.2024;15:45;39,24725
12.10.2024;16:00;39,668
12.10.2024;16:15;39,989
12.10.2024;16:30;40,31
12.10.2024;16:45;40,631
12.10.2024;17:00;40,952
12.10.2024;17:15;41,073
12.10.2024;17:30;41,194
12.10.2024;17:45;41,315
12.10.2024;18:00;41,436
12.10.2024;18:15;41,355000000000004
12.10.2024;18:30;41,274
12.10.2024;18:45;41,193
12.10.2024;19:00;41,112
12.10.2024;19:15;40,67625
12.10.2024;19:30;40,2405
12.10.2024;19:45;39,80475
12.10.2024;20:00;39,369
12.10.2024;20:15;38,99975
12.10.2024;20:30;38,6305
12.10.2024;20:45;38,261250000000004
12.10.2024;21:00;37,892
12.10.2024;21:15;37,62825
12.10.2024;21:30;37,36450000000001
12.10.2024;21:45;37,100750000000005
12.10.2024;22:00;36,837
12.10.2024;22:15;36,599500000000006
12.10.2024;22:30;36,362
12.10.2024;22:45;36,1245
12.10.2024;23:00;35,887
12.10.2024;23:15;35,25275
12.10.2024;23:30;34,6185
12.10.2024;23:45;33,98425
13.10.2024;00:00;33,35
13.10.2024;00:15;33,34975
13.10.2024;00:30;33,3495
13.10.2024;00:45;33,34925
13.10.2024;01:00;33,349
13.10.2024;01:15;33,3475
13.10.2024;01:30;33,346000000000004
13.10.2024;01:45;33,344500000000004
13.10.2024;02:00;33,343
13.10.2024;02:15;33,3355
13.10.2024;02:30;33,328
13.10.2024;02:45;33,3205
13.10.2024;03:00;33,313
13.10.2024;03:15;33,3095
13.10.2024;03:30;33,306
13.10.2024;03:45;33,3025
13.10.2024;04:00;33,299
13.10.2024;04:15;33,3095
13.10.2024;04:30;33,32
13.10.2024;04:45;33,3305
13.10.2024;05:00;33,341
13.10.2024;05:15;33,335750000000004
13.10.2024;05:30;33,3305
13.10.2024;05:45;33,32525
13.10.2024;06:00;33,32
13.10.2024;06:15;33,326499999999996
13.10.2024;06:30;33,333
13.10.2024;06:45;33,3395
13.10.2024;07:00;33,346
13.10.2024;07:15;33,34525
13.10.2024;07:30;33,3445
13.10.2024;07:45;33,34375
13.10.2024;08:00;33,343
13.10.2024;08:15;33,32325
13.10.2024;08:30;33,3035
13.10.2024;08:45;33,283750000000005
13.10.2024;09:00;33,264
13.10.2024;09:15;33,2695
13.10.2024;09:30;33,275000000000006
13.10.2024;09:45;33,2805
13.10.2024;10:00;33,286
13.10.2024;10:15;33,25275
13.10.2024;10:30;33,2195
13.10.2024;10:45;33,18625
13.10.2024;11:00;33,153
13.10.2024;11:15;33,015
13.10.2024;11:30;32,876999999999995
13.10.2024;11:45;32,739
13.10.2024;12:00;32,601
13.10.2024;12:15;32,40925
13.10.2024;12:30;32,2175
13.10.2024;12:45;32,02575
13.10.2024;13:00;31,834
13.10.2024;13:15;31,82075
13.10.2024;13:30;31,807499999999997
13.10.2024;13:45;31,794249999999998
13.10.2024;14:00;31,781
13.10.2024;14:15;32,048
13.10.2024;14:30;32,315
13.10.2024;14:45;32,581999999999994
13.10.2024;15:00;32,849
13.10.2024;15:15;32,924499999999995
13.10.2024;15:30;33,0
13.10.2024;15:45;33,075500000000005
13.10.2024;16:00;33,151
13.10.2024;16:15;33,20225000000001
13.10.2024;16:30;33,2535
13.10.2024;16:45;33,30475
13.10.2024;17:00;33,356
13.10.2024;17:15;34,25025
13.10.2024;17:30;35,1445
13.10.2024;17:45;36,03875
13.10.2024;18:00;36,933
13.10.2024;18:15;37,3885
13.10.2024;18:30;37,844
13.10.2024;18:45;38,2995
13.10.2024;19:00;38,755
13.10.2024;19:15;38,3915
13.10.2024;19:30;38,028000000000006
13.10.2024;19:45;37,664500000000004
13.10.2024;20:00;37,301
13.10.2024;20:15;37,274
13.10.2024;20:30;37,247
13.10.2024;20:45;37,22
13.10.2024;21:00;37,193
13.10.2024;21:15;37,2355
13.10.2024;21:30;37,278
13.10.2024;21:45;37,320499999999996
13.10.2024;22:00;37,363
13.10.2024;22:15;37,28
13.10.2024;22:30;37,197
13.10.2024;22:45;37,114
13.10.2024;23:00;37,031
13.10.2024;23:15;37,03825
13.10.2024;23:30;37,045500000000004
13.10.2024;23:45;37,05275
14.10.2024;00:00;37,06
14.10.2024;00:15;37,01375
14.10.2024;00:30;36,9675
14.10.2024;00:45;36,92125
14.10.2024;01:00;36,875
14.10.2024;01:15;36,873
14.10.2024;01:30;36,870999999999995
14.10.2024;01:45;36,869
14.10.2024;02:00;36,867
14.10.2024;02:15;36,84675
14.10.2024;02:30;36,826499999999996
14.10.2024;02:45;36,80625
14.10.2024;03:00;36,786
14.10.2024;03:15;36,910250000000005
14.10.2024;03:30;37,0345
14.10.2024;03:45;37,15875
14.10.2024;04:00;37,283
14.10.2024;04:15;37,85475
14.10.2024;04:30;38,426500000000004
14.10.2024;04:45;38,99825
14.10.2024;05:00;39,57
14.10.2024;05:15;40,4835
14.10.2024;05:30;41,397
14.10.2024;05:45;42,3105
14.10.2024;06:00;43,224
14.10.2024;06:15;44,077749999999995
14.10.2024;06:30;44,9315
14.10.2024;06:45;45,785250000000005
14.10.2024;07:00;46,639
14.10.2024;07:15;47,157000000000004
14.10.2024;07:30;47,675
14.10.2024;07:45;48,193
14.10.2024;08:00;48,711
14.10.2024;08:15;47,81925
14.10.2024;08:30;46,927499999999995
14.10.2024;08:45;46,03575
14.10.2024;09:00;45,144
14.10.2024;09:15;44,71925
14.10.2024;09:30;44,2945
14.10.2024;09:45;43,869749999999996
14.10.2024;10:00;43,445
14.10.2024;10:15;43,3095
14.10.2024;10:30;43,174
14.10.2024;10:45;43,0385
14.10.2024;11:00;42,903
14.10.2024;11:15;42,723749999999995
14.10.2024;11:30;42,5445
14.10.2024;11:45;42,36525
14.10.2024;12:00;42,186
14.10.2024;12:15;42,042
14.10.2024;12:30;41,897999999999996
14.10.2024;12:45;41,754
14.10.2024;13:00;41,61
14.10.2024;13:15;41,399
14.10.2024;13:30;41,188
14.10.2024;13:45;40,977
14.10.2024;14:00;40,766
14.10.2024;14:15;41,089
14.10.2024;14:30;41,412
14.10.2024;14:45;41,735
14.10.2024;15:00;42,058
14.10.2024;15:15;42,52575
14.10.2024;15:30;42,9935
14.10.2024;15:45;43,46125
14.10.2024;16:00;43,929
14.10.2024;16:15;45,274
14.10.2024;16:30;46,619
14.10.2024;16:45;47,964
14.10.2024;17:00;49,309
14.10.2024;17:15;51,74675
14.10.2024;17:30;54,1845
14.10.2024;17:45;56,62225
14.10.2024;18:00;59,06
14.10.2024;18:15;59,376000000000005
14.10.2024;18:30;59,692
14.10.2024;18:45;60,007999999999996
14.10.2024;19:00;60,324
14.10.2024;19:15;57,530499999999996
14.10.2024;19:30;54,736999999999995
14.10.2024;19:45;51,9435
14.10.2024;20:00;49,15
14.10.2024;20:15;48,053
14.10.2024;20:30;46,956
14.10.2024;20:45;45,859
14.10.2024;21:00;44,762
14.10.2024;21:15;44,4005
14.10.2024;21:30;44,039
14.10.2024;21:45;43,6775
14.10.2024;22:00;43,316
14.10.2024;22:15;43,194500000000005
14.10.2024;22:30;43,073
14.10.2024;22:45;42,951499999999996
14.10.2024;23:00;42,83
14.10.2024;23:15;42,74075
14.10.2024;23:30;42,6515
14.10.2024;23:45;42,56225
15.10.2024;00:00;42,473
15.10.2024;00:15;42,3545
15.10.2024;00:30;42,236000000000004
15.10.2024;00:45;42,1175
15.10.2024;01:00;41,999
15.10.2024;01:15;42,045500000000004
15.10.2024;01:30;42,092
15.10.2024;01:45;42,1385
15.10.2024;02:00;42,185
15.10.2024;02:15;42,07725
15.10.2024;02:30;41,9695
15.10.2024;02:45;41,86175
15.10.2024;03:00;41,754
15.10.2024;03:15;41,673
15.10.2024;03:30;41,592
15.10.2024;03:45;41,510999999999996
15.10.2024;04:00;41,43
15.10.2024;04:15;41,64775
15.10.2024;04:30;41,8655
15.10.2024;04:45;42,08325
15.10.2024;05:00;42,301
15.10.2024;05:15;42,926500000000004
15.10.2024;05:30;43,552
15.10.2024;05:45;44,177499999999995
15.10.2024;06:00;44,803
15.10.2024;06:15;46,5745
15.10.2024;06:30;48,346000000000004
15.10.2024;06:45;50,1175
15.10.2024;07:00;51,889
15.10.2024;07:15;51,6695
15.10.2024;07:30;51,45
15.10.2024;07:45;51,230500000000006
15.10.2024;08:00;51,011
15.10.2024;08:15;49,35925
15.10.2024;08:30;47,7075
15.10.2024;08:45;46,05575
15.10.2024;09:00;44,404
15.10.2024;09:15;43,959250000000004
15.10.2024;09:30;43,5145
15.10.2024;09:45;43,06975
15.10.2024;10:00;42,625
15.10.2024;10:15;42,3825
15.10.2024;10:30;42,14
15.10.2024;10:45;41,8975
15.10.2024;11:00;41,655
15.10.2024;11:15;41,5405
15.10.2024;11:30;41,426
15.10.2024;11:45;41,3115
15.10.2024;12:00;41,197
15.10.2024;12:15;41,029
15.10.2024;12:30;40,861000000000004
15.10.2024;12:45;40,693
15.10.2024;13:00;40,525
15.10.2024;13:15;40,62875
15.10.2024;13:30;40,7325
15.10.2024;13:45;40,83625
15.10.2024;14:00;40,94
15.10.2024;14:15;41,1265
15.10.2024;14:30;41,313
15.10.2024;14:45;41,4995
15.10.2024;15:00;41,686
15.10.2024;15:15;41,82775
15.10.2024;15:30;41,9695
15.10.2024;15:45;42,11125
15.10.2024;16:00;42,253
15.10.2024;16:15;43,0445
15.10.2024;16:30;43,836
15.10.2024;16:45;44,6275
15.10.2024;17:00;45,419
15.10.2024;17:15;45,8215
15.10.2024;17:30;46,224000000000004
15.10.2024;17:45;46,6265
15.10.2024;18:00;47,029
15.10.2024;18:15;46,042
15.10.2024;18:30;45,05500000000001
15.10.2024;18:45;44,068000000000005
15.10.2024;19:00;43,081
15.10.2024;19:15;42,55475
15.10.2024;19:30;42,0285
15.10.2024;19:45;41,502250000000004
15.10.2024;20:00;40,976
15.10.2024;20:15;40,735749999999996
15.10.2024;20:30;40,4955
15.10.2024;20:45;40,255250000000004
15.10.2024;21:00;40,015
15.10.2024;21:15;39,84
15.10.2024;21:30;39,665
15.10.2024;21:45;39,489999999999995
15.10.2024;22:00;39,315
15.10.2024;22:15;38,84325
15.10.2024;22:30;38,3715
15.10.2024;22:45;37,89975
15.10.2024;23:00;37,428
15.10.2024;23:15;36,99225
15.10.2024;23:30;36,5565
15.10.2024;23:45;36,12075
16.10.2024;00:00;35,685
16.10.2024;00:15;35,42125
16.10.2024;00:30;35,1575
16.10.2024;00:45;34,893750000000004
16.10.2024;01:00;34,63
16.10.2024;01:15;34,4425
16.10.2024;01:30;34,255
16.10.2024;01:45;34,0675
16.10.2024;02:00;33,88
16.10.2024;02:15;33,83775
16.10.2024;02:30;33,795500000000004
16.10.2024;02:45;33,75325
16.10.2024;03:00;33,711
16.10.2024;03:15;33,699749999999995
16.10.2024;03:30;33,6885
16.10.2024;03:45;33,67725
16.10.2024;04:00;33,666
16.10.2024;04:15;33,792
16.10.2024;04:30;33,918
16.10.2024;04:45;34,044
16.10.2024;05:00;34,17
16.10.2024;05:15;35,02975
16.10.2024;05:30;35,8895
16.10.2024;05:45;36,74925
16.10.2024;06:00;37,609
16.10.2024;06:15;38,2265
16.10.2024;06:30;38,844
16.10.2024;06:45;39,4615
16.10.2024;07:00;40,079
16.10.2024;07:15;40,05975
16.10.2024;07:30;40,0405
16.10.2024;07:45;40,02125
16.10.2024;08:00;40,002
16.10.2024;08:15;39,696250000000006
16.10.2024;08:30;39,3905
16.10.2024;08:45;39,08475
16.10.2024;09:00;38,779
16.10.2024;09:15;38,088750000000005
16.10.2024;09:30;37,3985
16.10.2024;09:45;36,70825
16.10.2024;10:00;36,018
16.10.2024;10:15;35,705
16.10.2024;10:30;35,391999999999996
16.10.2024;10:45;35,079
16.10.2024;11:00;34,766
16.10.2024;11:15;34,51425
16.10.2024;11:30;34,2625
16.10.2024;11:45;34,01075
16.10.2024;12:00;33,759
16.10.2024;12:15;33,707750000000004
16.10.2024;12:30;33,6565
16.10.2024;12:45;33,60525
16.10.2024;13:00;33,554
16.10.2024;13:15;33,603
16.10.2024;13:30;33,652
16.10.2024;13:45;33,701
16.10.2024;14:00;33,75
16.10.2024;14:15;34,0045
16.10.2024;14:30;34,259
16.10.2024;14:45;34,5135
16.10.2024;15:00;34,768
16.10.2024;15:15;35,786500000000004
16.10.2024;15:30;36,805
16.10.2024;15:45;37,823499999999996
16.10.2024;16:00;38,842
16.10.2024;16:15;39,29275
16.10.2024;16:30;39,7435
16.10.2024;16:45;40,194250000000004
16.10.2024;17:00;40,645
16.10.2024;17:15;40,933
16.10.2024;17:30;41,221000000000004
16.10.2024;17:45;41,509
16.10.2024;18:00;41,797
16.10.2024;18:15;41,89475
16.10.2024;18:30;41,9925
16.10.2024;18:45;42,09025
16.10.2024;19:00;42,188
16.10.2024;19:15;41,61125
16.10.2024;19:30;41,0345
16.10.2024;19:45;40,457750000000004
16.10.2024;20:00;39,881
16.10.2024;20:15;39,79475
16.10.2024;20:30;39,7085
16.10.2024;20:45;39,62225
16.10.2024;21:00;39,536
16.10.2024;21:15;38,868
16.10.2024;21:30;38,2
16.10.2024;21:45;37,532
16.10.2024;22:00;36,864
16.10.2024;22:15;36,649
16.10.2024;22:30;36,434
16.10.2024;22:45;36,218999999999994
16.10.2024;23:00;36,004
16.10.2024;23:15;35,7665
16.10.2024;23:30;35,528999999999996
16.10.2024;23:45;35,2915
17.10.2024;00:00;35,054
17.10.2024;00:15;34,93175
17.10.2024;00:30;34,8095
17.10.2024;00:45;34,68725
17.10.2024;01:00;34,565
17.10.2024;01:15;34,52325
17.10.2024;01:30;34,4815
17.10.2024;01:45;34,439750000000004
17.10.2024;02:00;34,398
17.10.2024;02:15;34,276250000000005
17.10.2024;02:30;34,1545
17.10.2024;02:45;34,03275
17.10.2024;03:00;33,911
17.10.2024;03:15;34,021
17.10.2024;03:30;34,131
17.10.2024;03:45;34,241
17.10.2024;04:00;34,351
17.10.2024;04:15;34,845749999999995
17.10.2024;04:30;35,3405
17.10.2024;04:45;35,83525
17.10.2024;05:00;36,33
17.10.2024;05:15;37,34775
17.10.2024;05:30;38,3655
17.10.2024;05:45;39,383250000000004
17.10.2024;06:00;40,401
17.10.2024;06:15;41,173
17.10.2024;06:30;41,945
17.10.2024;06:45;42,717
17.10.2024;07:00;43,489
17.10.2024;07:15;43,2675
17.10.2024;07:30;43,046
17.10.2024;07:45;42,8245
17.10.2024;08:00;42,603
17.10.2024;08:15;42,13375
17.10.2024;08:30;41,664500000000004
17.10.2024;08:45;41,19525
17.10.2024;09:00;40,726
17.10.2024;09:15;40,4375
17.10.2024;09:30;40,149
17.10.2024;09:45;39,8605
17.10.2024;10:00;39,572
17.10.2024;10:15;39,317
17.10.2024;10:30;39,062
17.10.2024;10:45;38,807
17.10.2024;11:00;38,552
17.10.2024;11:15;38,415
17.10.2024;11:30;38,278
17.10.2024;11:45;38,141
17.10.2024;12:00;38,004
17.10.2024;12:15;38,028499999999994
17.10.2024;12:30;38,053
17.10.2024;12:45;38,0775
17.10.2024;13:00;38,102
17.10.2024;13:15;38,415
17.10.2024;13:30;38,727999999999994
17.10.2024;13:45;39,041
17.10.2024;14:00;39,354
17.10.2024;14:15;39,44175
17.10.2024;14:30;39,5295
17.10.2024;14:45;39,61725
17.10.2024;15:00;39,705
17.10.2024;15:15;40,43325
17.10.2024;15:30;41,161500000000004
17.10.2024;15:45;41,88975
17.10.2024;16:00;42,618
17.10.2024;16:15;43,391000000000005
17.10.2024;16:30;44,164
17.10.2024;16:45;44,937
17.10.2024;17:00;45,71
17.10.2024;17:15;47,27525
17.10.2024;17:30;48,8405
17.10.2024;17:45;50,40575
17.10.2024;18:00;51,971
17.10.2024;18:15;51,6205
17.10.2024;18:30;51,269999999999996
17.10.2024;18:45;50,9195
17.10.2024;19:00;50,569
17.10.2024;19:15;49,201750000000004
17.10.2024;19:30;47,834500000000006
17.10.2024;19:45;46,46725
17.10.2024;20:00;45,1
17.10.2024;20:15;44,60775
17.10.2024;20:30;44,1155
17.10.2024;20:45;43,62325
17.10.2024;21:00;43,131
17.10.2024;21:15;42,912
17.10.2024;21:30;42,693
17.10.2024;21:45;42,474000000000004
17.10.2024;22:00;42,255
17.10.2024;22:15;42,084
17.10.2024;22:30;41,913
17.10.2024;22:45;41,742
17.10.2024;23:00;41,571
17.10.2024;23:15;41,5395
17.10.2024;23:30;41,507999999999996
17.10.2024;23:45;41,4765
18.10.2024;00:00;41,445
18.10.2024;00:15;41,45025
18.10.2024;00:30;41,4555
18.10.2024;00:45;41,460750000000004
18.10.2024;01:00;41,466
18.10.2024;01:15;41,505250000000004
18.10.2024;01:30;41,5445
18.10.2024;01:45;41,583749999999995
18.10.2024;02:00;41,623
18.10.2024;02:15;41,52575
18.10.2024;02:30;41,4285
18.10.2024;02:45;41,33125
18.10.2024;03:00;41,234
18.10.2024;03:15;41,29275
18.10.2024;03:30;41,3515
18.10.2024;03:45;41,410250000000005
18.10.2024;04:00;41,469
18.10.2024;04:15;41,54775
18.10.2024;04:30;41,6265
18.10.2024;04:45;41,70525
18.10.2024;05:00;41,784
18.10.2024;05:15;42,14775
18.10.2024;05:30;42,5115
18.10.2024;05:45;42,875249999999994
18.10.2024;06:00;43,239
18.10.2024;06:15;44,51125
18.10.2024;06:30;45,783500000000004
18.10.2024;06:45;47,05575
18.10.2024;07:00;48,328
18.10.2024;07:15;48,4895
18.10.2024;07:30;48,650999999999996
18.10.2024;07:45;48,8125
18.10.2024;08:00;48,974
18.10.2024;08:15;47,842999999999996
18.10.2024;08:30;46,712
18.10.2024;08:45;45,581
18.10.2024;09:00;44,45
18.10.2024;09:15;44,069
18.10.2024;09:30;43,688
18.10.2024;09:45;43,307
18.10.2024;10:00;42,926
18.10.2024;10:15;42,664500000000004
18.10.2024;10:30;42,403000000000006
18.10.2024;10:45;42,1415
18.10.2024;11:00;41,88
18.10.2024;11:15;41,8215
18.10.2024;11:30;41,763000000000005
18.10.2024;11:45;41,7045
18.10.2024;12:00;41,646
18.10.2024;12:15;41,577
18.10.2024;12:30;41,507999999999996
18.10.2024;12:45;41,439
18.10.2024;13:00;41,37
18.10.2024;13:15;41,39475
18.10.2024;13:30;41,4195
18.10.2024;13:45;41,44425
18.10.2024;14:00;41,469
18.10.2024;14:15;41,54775
18.10.2024;14:30;41,6265
18.10.2024;14:45;41,70525
18.10.2024;15:00;41,784
18.10.2024;15:15;42,25775
18.10.2024;15:30;42,7315
18.10.2024;15:45;43,20525
18.10.2024;16:00;43,679
18.10.2024;16:15;44,438500000000005
18.10.2024;16:30;45,198
18.10.2024;16:45;45,957499999999996
18.10.2024;17:00;46,717
18.10.2024;17:15;47,90725
18.10.2024;17:30;49,0975
18.10.2024;17:45;50,28775
18.10.2024;18:00;51,478
18.10.2024;18:15;50,5105
18.10.2024;18:30;49,543
18.10.2024;18:45;48,5755
18.10.2024;19:00;47,608
18.10.2024;19:15;46,62475
18.10.2024;19:30;45,64149999999999
18.10.2024;19:45;44,658249999999995
18.10.2024;20:00;43,675
18.10.2024;20:15;43,5145
18.10.2024;20:30;43,354
18.10.2024;20:45;43,1935
18.10.2024;21:00;43,033
18.10.2024;21:15;42,94375
18.10.2024;21:30;42,8545
18.10.2024;21:45;42,76525
18.10.2024;22:00;42,676
18.10.2024;22:15;42,483000000000004
18.10.2024;22:30;42,290000000000006
18.10.2024;22:45;42,097
18.10.2024;23:00;41,904
18.10.2024;23:15;41,942
18.10.2024;23:30;41,980000000000004
18.10.2024;23:45;42,018
19.10.2024;00:00;42,056
19.10.2024;00:15;41,95525
19.10.2024;00:30;41,8545
19.10.2024;00:45;41,75375
19.10.2024;01:00;41,653
19.10.2024;01:15;41,575
19.10.2024;01:30;41,497
19.10.2024;01:45;41,419
19.10.2024;02:00;41,341
19.10.2024;02:15;41,22475
19.10.2024;02:30;41,1085
19.10.2024;02:45;40,99225
19.10.2024;03:00;40,876
19.10.2024;03:15;40,89125
19.10.2024;03:30;40,906499999999994
19.10.2024;03:45;40,921749999999996
19.10.2024;04:00;40,937
19.10.2024;04:15;40,9595
19.10.2024;04:30;40,982
19.10.2024;04:45;41,0045
19.10.2024;05:00;41,027
19.10.2024;05:15;41,10775
19.10.2024;05:30;41,188500000000005
19.10.2024;05:45;41,26925
19.10.2024;06:00;41,35
19.10.2024;06:15;41,64775
19.10.2024;06:30;41,945499999999996
19.10.2024;06:45;42,243249999999996
19.10.2024;07:00;42,541
19.10.2024;07:15;42,48475
19.10.2024;07:30;42,4285
19.10.2024;07:45;42,37225
19.10.2024;08:00;42,316
19.10.2024;08:15;42,1895
19.10.2024;08:30;42,063
19.10.2024;08:45;41,9365
19.10.2024;09:00;41,81
19.10.2024;09:15;41,665
19.10.2024;09:30;41,519999999999996
19.10.2024;09:45;41,375
19.10.2024;10:00;41,23
19.10.2024;10:15;41,092999999999996
19.10.2024;10:30;40,956
19.10.2024;10:45;40,819
19.10.2024;11:00;40,682
19.10.2024;11:15;40,503
19.10.2024;11:30;40,324
19.10.2024;11:45;40,145
19.10.2024;12:00;39,966
19.10.2024;12:15;39,836
19.10.2024;12:30;39,706
19.10.2024;12:45;39,576
19.10.2024;13:00;39,446
19.10.2024;13:15;39,51925
19.10.2024;13:30;39,5925
19.10.2024;13:45;39,665749999999996
19.10.2024;14:00;39,739
19.10.2024;14:15;40,1185
19.10.2024;14:30;40,498
19.10.2024;14:45;40,8775
19.10.2024;15:00;41,257
19.10.2024;15:15;41,7325
19.10.2024;15:30;42,208
19.10.2024;15:45;42,683499999999995
19.10.2024;16:00;43,159
19.10.2024;16:15;43,435249999999996
19.10.2024;16:30;43,7115
19.10.2024;16:45;43,987750000000005
19.10.2024;17:00;44,264
19.10.2024;17:15;44,931000000000004
19.10.2024;17:30;45,598
19.10.2024;17:45;46,265
19.10.2024;18:00;46,932
19.10.2024;18:15;46,509750000000004
19.10.2024;18:30;46,087500000000006
19.10.2024;18:45;45,66525
19.10.2024;19:00;45,243
19.10.2024;19:15;44,689750000000004
19.10.2024;19:30;44,1365
19.10.2024;19:45;43,58325
19.10.2024;20:00;43,03
19.10.2024;20:15;42,8645
19.10.2024;20:30;42,699
19.10.2024;20:45;42,533500000000004
19.10.2024;21:00;42,368
19.10.2024;21:15;42,20925
19.10.2024;21:30;42,0505
19.10.2024;21:45;41,89175
19.10.2024;22:00;41,733
19.10.2024;22:15;41,4705
19.10.2024;22:30;41,208
19.10.2024;22:45;40,945499999999996
19.10.2024;23:00;40,683
19.10.2024;23:15;40,239
19.10.2024;23:30;39,795
19.10.2024;23:45;39,351
20.10.2024;00:00;38,907
20.10.2024;00:15;38,890249999999995
20.10.2024;00:30;38,8735
20.10.2024;00:45;38,856750000000005
20.10.2024;01:00;38,84
20.10.2024;01:15;38,898250000000004
20.10.2024;01:30;38,956500000000005
20.10.2024;01:45;39,01475
20.10.2024;02:00;39,073
20.10.2024;02:15;39,13775
20.10.2024;02:30;39,2025
20.10.2024;02:45;39,267250000000004
20.10.2024;03:00;39,332
20.10.2024;03:15;39,4095
20.10.2024;03:30;39,487
20.10.2024;03:45;39,5645
20.10.2024;04:00;39,642
20.10.2024;04:15;39,74175
20.10.2024;04:30;39,841499999999996
20.10.2024;04:45;39,94125
20.10.2024;05:00;40,041
20.10.2024;05:15;39,974
20.10.2024;05:30;39,907
20.10.2024;05:45;39,84
20.10.2024;06:00;39,773
20.10.2024;06:15;40,050250000000005
20.10.2024;06:30;40,3275
20.10.2024;06:45;40,604749999999996
20.10.2024;07:00;40,882
20.10.2024;07:15;40,705999999999996
20.10.2024;07:30;40,53
20.10.2024;07:45;40,354
20.10.2024;08:00;40,178
20.10.2024;08:15;39,61475
20.10.2024;08:30;39,0515
20.10.2024;08:45;38,488249999999994
20.10.2024;09:00;37,925
20.10.2024;09:15;36,9405
20.10.2024;09:30;35,956
20.10.2024;09:45;34,9715
20.10.2024;10:00;33,987
20.10.2024;10:15;33,829750000000004
20.10.2024;10:30;33,6725
20.10.2024;10:45;33,515249999999995
20.10.2024;11:00;33,358
20.10.2024;11:15;33,355999999999995
20.10.2024;11:30;33,354
20.10.2024;11:45;33,352000000000004
20.10.2024;12:00;33,35
20.10.2024;12:15;33,325500000000005
20.10.2024;12:30;33,301
20.10.2024;12:45;33,2765
20.10.2024;13:00;33,252
20.10.2024;13:15;33,22625
20.10.2024;13:30;33,200500000000005
20.10.2024;13:45;33,17475
20.10.2024;14:00;33,149
20.10.2024;14:15;33,19925
20.10.2024;14:30;33,2495
20.10.2024;14:45;33,29975
20.10.2024;15:00;33,35
20.10.2024;15:15;33,4775
20.10.2024;15:30;33,605000000000004
20.10.2024;15:45;33,7325
20.10.2024;16:00;33,86
20.10.2024;16:15;35,17475
20.10.2024;16:30;36,4895
20.10.2024;16:45;37,804249999999996
20.10.2024;17:00;39,119
20.10.2024;17:15;39,19425
20.10.2024;17:30;39,2695
20.10.2024;17:45;39,344750000000005
20.10.2024;18:00;39,42
20.10.2024;18:15;39,0295
20.10.2024;18:30;38,638999999999996
20.10.2024;18:45;38,2485
20.10.2024;19:00;37,858
20.10.2024;19:15;37,589749999999995
20.10.2024;19:30;37,3215
20.10.2024;19:45;37,05325
20.10.2024;20:00;36,785
20.10.2024;20:15;36,449999999999996
20.10.2024;20:30;36,114999999999995
20.10.2024;20:45;35,78
20.10.2024;21:00;35,445
20.10.2024;21:15;35,225
20.10.2024;21:30;35,004999999999995
20.10.2024;21:45;34,785
20.10.2024;22:00;34,565
20.10.2024;22:15;34,3095
20.10.2024;22:30;34,054
20.10.2024;22:45;33,7985
20.10.2024;23:00;33,543
20.10.2024;23:15;33,49225
20.10.2024;23:30;33,441500000000005
20.10.2024;23:45;33,390750000000004
21.10.2024;00:00;33,34
21.10.2024;00:15;33,34
21.10.2024;00:30;33,34
21.10.2024;00:45;33,34
21.10.2024;01:00;33,34
21.10.2024;01:15;33,339
21.10.2024;01:30;33,338
21.10.2024;01:45;33,337
21.10.2024;02:00;33,336
21.10.2024;02:15;33,3375
21.10.2024;02:30;33,339
21.10.2024;02:45;33,3405
21.10.2024;03:00;33,342
21.10.2024;03:15;33,342999999999996
21.10.2024;03:30;33,343999999999994
21.10.2024;03:45;33,345
21.10.2024;04:00;33,346
21.10.2024;04:15;33,43325
21.10.2024;04:30;33,5205
21.10.2024;04:45;33,607749999999996
21.10.2024;05:00;33,695
21.10.2024;05:15;35,27375
21.10.2024;05:30;36,8525
21.10.2024;05:45;38,43125
21.10.2024;06:00;40,01
21.10.2024;06:15;40,9695
21.10.2024;06:30;41,929
21.10.2024;06:45;42,8885
21.10.2024;07:00;43,848
21.10.2024;07:15;44,23325
21.10.2024;07:30;44,6185
21.10.2024;07:45;45,003750000000004
21.10.2024;08:00;45,389
21.10.2024;08:15;44,97675
21.10.2024;08:30;44,5645
21.10.2024;08:45;44,15225
21.10.2024;09:00;43,74
21.10.2024;09:15;43,3685
21.10.2024;09:30;42,997
21.10.2024;09:45;42,6255
21.10.2024;10:00;42,254
21.10.2024;10:15;42,05375
21.10.2024;10:30;41,8535
21.10.2024;10:45;41,65325
21.10.2024;11:00;41,453
21.10.2024;11:15;41,257000000000005
21.10.2024;11:30;41,061
21.10.2024;11:45;40,864999999999995
21.10.2024;12:00;40,669
21.10.2024;12:15;40,87325
21.10.2024;12:30;41,0775
21.10.2024;12:45;41,281749999999995
21.10.2024;13:00;41,486
21.10.2024;13:15;41,493249999999996
21.10.2024;13:30;41,5005
21.10.2024;13:45;41,50775
21.10.2024;14:00;41,515
21.10.2024;14:15;41,938500000000005
21.10.2024;14:30;42,362
21.10.2024;14:45;42,7855
21.10.2024;15:00;43,209
21.10.2024;15:15;43,83175
21.10.2024;15:30;44,4545
21.10.2024;15:45;45,07725000000001
21.10.2024;16:00;45,7
21.10.2024;16:15;45,901
21.10.2024;16:30;46,102000000000004
21.10.2024;16:45;46,303
21.10.2024;17:00;46,504
21.10.2024;17:15;48,768249999999995
21.10.2024;17:30;51,0325
21.10.2024;17:45;53,29675
21.10.2024;18:00;55,561
21.10.2024;18:15;54,78
21.10.2024;18:30;53,998999999999995
21.10.2024;18:45;53,217999999999996
21.10.2024;19:00;52,437
21.10.2024;19:15;50,87625
21.10.2024;19:30;49,3155
21.10.2024;19:45;47,75475
21.10.2024;20:00;46,194
21.10.2024;20:15;45,533
21.10.2024;20:30;44,872
21.10.2024;20:45;44,211
21.10.2024;21:00;43,55
21.10.2024;21:15;43,445
21.10.2024;21:30;43,34
21.10.2024;21:45;43,235
21.10.2024;22:00;43,13
21.10.2024;22:15;43,00925
21.10.2024;22:30;42,8885
21.10.2024;22:45;42,76775
21.10.2024;23:00;42,647
21.10.2024;23:15;42,6145
21.10.2024;23:30;42,582
21.10.2024;23:45;42,5495
22.10.2024;00:00;42,517
22.10.2024;00:15;42,461
22.10.2024;00:30;42,405
22.10.2024;00:45;42,349000000000004
22.10.2024;01:00;42,293
22.10.2024;01:15;42,1995
22.10.2024;01:30;42,105999999999995
22.10.2024;01:45;42,012499999999996
22.10.2024;02:00;41,919
22.10.2024;02:15;41,866749999999996
22.10.2024;02:30;41,814499999999995
22.10.2024;02:45;41,76225
22.10.2024;03:00;41,71
22.10.2024;03:15;41,69975
22.10.2024;03:30;41,689499999999995
22.10.2024;03:45;41,679249999999996
22.10.2024;04:00;41,669
22.10.2024;04:15;41,837999999999994
22.10.2024;04:30;42,007
22.10.2024;04:45;42,176
22.10.2024;05:00;42,345
22.10.2024;05:15;42,610749999999996
22.10.2024;05:30;42,8765
22.10.2024;05:45;43,142250000000004
22.10.2024;06:00;43,408
22.10.2024;06:15;44,79575
22.10.2024;06:30;46,1835
22.10.2024;06:45;47,571250000000006
22.10.2024;07:00;48,959
22.10.2024;07:15;49,30975
22.10.2024;07:30;49,6605
22.10.2024;07:45;50,011250000000004
22.10.2024;08:00;50,362
22.10.2024;08:15;48,945
22.10.2024;08:30;47,528000000000006
22.10.2024;08:45;46,111000000000004
22.10.2024;09:00;44,694
22.10.2024;09:15;44,3385
22.10.2024;09:30;43,983000000000004
22.10.2024;09:45;43,6275
22.10.2024;10:00;43,272
22.10.2024;10:15;42,98525
22.10.2024;10:30;42,698499999999996
22.10.2024;10:45;42,41175
22.10.2024;11:00;42,125
22.10.2024;11:15;41,859
22.10.2024;11:30;41,593
22.10.2024;11:45;41,327
22.10.2024;12:00;41,061
22.10.2024;12:15;40,90525
22.10.2024;12:30;40,7495
22.10.2024;12:45;40,59375
22.10.2024;13:00;40,438
22.10.2024;13:15;40,50425
22.10.2024;13:30;40,5705
22.10.2024;13:45;40,636750000000006
22.10.2024;14:00;40,703
22.10.2024;14:15;41,04175
22.10.2024;14:30;41,3805
22.10.2024;14:45;41,71925
22.10.2024;15:00;42,058
22.10.2024;15:15;42,56725
22.10.2024;15:30;43,076499999999996
22.10.2024;15:45;43,58575
22.10.2024;16:00;44,095
22.10.2024;16:15;44,158
22.10.2024;16:30;44,221000000000004
22.10.2024;16:45;44,284
22.10.2024;17:00;44,347
22.10.2024;17:15;45,106750000000005
22.10.2024;17:30;45,8665
22.10.2024;17:45;46,62625
22.10.2024;18:00;47,386
22.10.2024;18:15;47,820750000000004
22.10.2024;18:30;48,2555
22.10.2024;18:45;48,69025
22.10.2024;19:00;49,125
22.10.2024;19:15;48,03175
22.10.2024;19:30;46,938500000000005
22.10.2024;19:45;45,84525
22.10.2024;20:00;44,752
22.10.2024;20:15;44,3865
22.10.2024;20:30;44,021
22.10.2024;20:45;43,6555
22.10.2024;21:00;43,29
22.10.2024;21:15;43,198
22.10.2024;21:30;43,105999999999995
22.10.2024;21:45;43,013999999999996
22.10.2024;22:00;42,922
22.10.2024;22:15;42,73775
22.10.2024;22:30;42,5535
22.10.2024;22:45;42,36925
22.10.2024;23:00;42,185
22.10.2024;23:15;41,997
22.10.2024;23:30;41,809
22.10.2024;23:45;41,621
23.10.2024;00:00;41,433
23.10.2024;00:15;41,493
23.10.2024;00:30;41,553
23.10.2024;00:45;41,613
23.10.2024;01:00;41,673
23.10.2024;01:15;41,64275
23.10.2024;01:30;41,6125
23.10.2024;01:45;41,58225
23.10.2024;02:00;41,552
23.10.2024;02:15;41,58175
23.10.2024;02:30;41,6115
23.10.2024;02:45;41,64125
23.10.2024;03:00;41,671
23.10.2024;03:15;41,735749999999996
23.10.2024;03:30;41,8005
23.10.2024;03:45;41,86525
23.10.2024;04:00;41,93
23.10.2024;04:15;42,125
23.10.2024;04:30;42,32
23.10.2024;04:45;42,515
23.10.2024;05:00;42,71
23.10.2024;05:15;43,07475
23.10.2024;05:30;43,439499999999995
23.10.2024;05:45;43,804249999999996
23.10.2024;06:00;44,169
23.10.2024;06:15;45,784
23.10.2024;06:30;47,399
23.10.2024;06:45;49,013999999999996
23.10.2024;07:00;50,629
23.10.2024;07:15;50,887499999999996
23.10.2024;07:30;51,146
23.10.2024;07:45;51,4045
23.10.2024;08:00;51,663
23.10.2024;08:15;50,295249999999996
23.10.2024;08:30;48,927499999999995
23.10.2024;08:45;47,55975
23.10.2024;09:00;46,192
23.10.2024;09:15;45,584
23.10.2024;09:30;44,976
23.10.2024;09:45;44,367999999999995
23.10.2024;10:00;43,76
23.10.2024;10:15;43,504
23.10.2024;10:30;43,248
23.10.2024;10:45;42,992
23.10.2024;11:00;42,736
23.10.2024;11:15;42,53
23.10.2024;11:30;42,324
23.10.2024;11:45;42,117999999999995
23.10.2024;12:00;41,912
23.10.2024;12:15;41,79625
23.10.2024;12:30;41,680499999999995
23.10.2024;12:45;41,56475
23.10.2024;13:00;41,449
23.10.2024;13:15;41,3985
23.10.2024;13:30;41,348
23.10.2024;13:45;41,2975
23.10.2024;14:00;41,247
23.10.2024;14:15;41,48825
23.10.2024;14:30;41,7295
23.10.2024;14:45;41,97075
23.10.2024;15:00;42,212
23.10.2024;15:15;42,544000000000004
23.10.2024;15:30;42,876000000000005
23.10.2024;15:45;43,208
23.10.2024;16:00;43,54
23.10.2024;16:15;44,67125
23.10.2024;16:30;45,802499999999995
23.10.2024;16:45;46,933749999999996
23.10.2024;17:00;48,065
23.10.2024;17:15;49,84075
23.10.2024;17:30;51,6165
23.10.2024;17:45;53,39225
23.10.2024;18:00;55,168
23.10.2024;18:15;54,1535
23.10.2024;18:30;53,138999999999996
23.10.2024;18:45;52,1245
23.10.2024;19:00;51,11
23.10.2024;19:15;49,46275
23.10.2024;19:30;47,8155
23.10.2024;19:45;46,16825
23.10.2024;20:00;44,521
23.10.2024;20:15;44,266
23.10.2024;20:30;44,010999999999996
23.10.2024;20:45;43,756
23.10.2024;21:00;43,501
23.10.2024;21:15;43,546499999999995
23.10.2024;21:30;43,592
23.10.2024;21:45;43,6375
23.10.2024;22:00;43,683
23.10.2024;22:15;43,42875
23.10.2024;22:30;43,174499999999995
23.10.2024;22:45;42,920249999999996
23.10.2024;23:00;42,666
23.10.2024;23:15;42,63075
23.10.2024;23:30;42,5955
23.10.2024;23:45;42,560249999999996
24.10.2024;00:00;42,525
24.10.2024;00:15;42,29175
24.10.2024;00:30;42,058499999999995
24.10.2024;00:45;41,82525
24.10.2024;01:00;41,592
24.10.2024;01:15;41,548249999999996
24.10.2024;01:30;41,5045
24.10.2024;01:45;41,460750000000004
24.10.2024;02:00;41,417
24.10.2024;02:15;41,4075
24.10.2024;02:30;41,397999999999996
24.10.2024;02:45;41,3885
24.10.2024;03:00;41,379
24.10.2024;03:15;41,382999999999996
24.10.2024;03:30;41,387
24.10.2024;03:45;41,391000000000005
24.10.2024;04:00;41,395
24.10.2024;04:15;41,47925
24.10.2024;04:30;41,563500000000005
24.10.2024;04:45;41,64775
24.10.2024;05:00;41,732
24.10.2024;05:15;42,21675
24.10.2024;05:30;42,701499999999996
24.10.2024;05:45;43,18625
24.10.2024;06:00;43,671
24.10.2024;06:15;44,798
24.10.2024;06:30;45,925
24.10.2024;06:45;47,052
24.10.2024;07:00;48,179
24.10.2024;07:15;48,7535
24.10.2024;07:30;49,328
24.10.2024;07:45;49,902499999999996
24.10.2024;08:00;50,477
24.10.2024;08:15;49,12775
24.10.2024;08:30;47,778499999999994
24.10.2024;08:45;46,429249999999996
24.10.2024;09:00;45,08
24.10.2024;09:15;44,69525
24.10.2024;09:30;44,3105
24.10.2024;09:45;43,925749999999994
24.10.2024;10:00;43,541
24.10.2024;10:15;43,3195
24.10.2024;10:30;43,098
24.10.2024;10:45;42,8765
24.10.2024;11:00;42,655
24.10.2024;11:15;42,42775
24.10.2024;11:30;42,200500000000005
24.10.2024;11:45;41,97325
24.10.2024;12:00;41,746
24.10.2024;12:15;41,625750000000004
24.10.2024;12:30;41,5055
24.10.2024;12:45;41,38525
24.10.2024;13:00;41,265
24.10.2024;13:15;41,324
24.10.2024;13:30;41,382999999999996
24.10.2024;13:45;41,442
24.10.2024;14:00;41,501
24.10.2024;14:15;41,85575
24.10.2024;14:30;42,210499999999996
24.10.2024;14:45;42,56525
24.10.2024;15:00;42,92
24.10.2024;15:15;43,43175
24.10.2024;15:30;43,9435
24.10.2024;15:45;44,45525
24.10.2024;16:00;44,967
24.10.2024;16:15;45,310249999999996
24.10.2024;16:30;45,6535
24.10.2024;16:45;45,996750000000006
24.10.2024;17:00;46,34
24.10.2024;17:15;46,630750000000006
24.10.2024;17:30;46,9215
24.10.2024;17:45;47,21225
24.10.2024;18:00;47,503
24.10.2024;18:15;46,8195
24.10.2024;18:30;46,135999999999996
24.10.2024;18:45;45,4525
24.10.2024;19:00;44,769
24.10.2024;19:15;44,329499999999996
24.10.2024;19:30;43,89
24.10.2024;19:45;43,450500000000005
24.10.2024;20:00;43,011
24.10.2024;20:15;42,93675
24.10.2024;20:30;42,8625
24.10.2024;20:45;42,78825
24.10.2024;21:00;42,714
24.10.2024;21:15;42,6205
24.10.2024;21:30;42,527
24.10.2024;21:45;42,4335
24.10.2024;22:00;42,34
24.10.2024;22:15;42,18275
24.10.2024;22:30;42,0255
24.10.2024;22:45;41,86825
24.10.2024;23:00;41,711
24.10.2024;23:15;41,68325
24.10.2024;23:30;41,6555
24.10.2024;23:45;41,62775
25.10.2024;00:00;41,6
25.10.2024;00:15;41,58925
25.10.2024;00:30;41,578500000000005
25.10.2024;00:45;41,567750000000004
25.10.2024;01:00;41,557
25.10.2024;01:15;41,4975
25.10.2024;01:30;41,438
25.10.2024;01:45;41,3785
25.10.2024;02:00;41,319
25.10.2024;02:15;41,39175
25.10.2024;02:30;41,4645
25.10.2024;02:45;41,53725
25.10.2024;03:00;41,61
25.10.2024;03:15;41,65675
25.10.2024;03:30;41,7035
25.10.2024;03:45;41,750249999999994
25.10.2024;04:00;41,797
25.10.2024;04:15;42,05
25.10.2024;04:30;42,303
25.10.2024;04:45;42,556
25.10.2024;05:00;42,809
25.10.2024;05:15;43,16775
25.10.2024;05:30;43,5265
25.10.2024;05:45;43,88525
25.10.2024;06:00;44,244
25.10.2024;06:15;44,61425
25.10.2024;06:30;44,9845
25.10.2024;06:45;45,35475
25.10.2024;07:00;45,725
25.10.2024;07:15;46,396
25.10.2024;07:30;47,067
25.10.2024;07:45;47,738
25.10.2024;08:00;48,409
25.10.2024;08:15;47,705
25.10.2024;08:30;47,001000000000005
25.10.2024;08:45;46,297000000000004
25.10.2024;09:00;45,593
25.10.2024;09:15;45,236000000000004
25.10.2024;09:30;44,879000000000005
25.10.2024;09:45;44,522
25.10.2024;10:00;44,165
25.10.2024;10:15;43,80875
25.10.2024;10:30;43,4525
25.10.2024;10:45;43,09625
25.10.2024;11:00;42,74
25.10.2024;11:15;42,4195
25.10.2024;11:30;42,099000000000004
25.10.2024;11:45;41,7785
25.10.2024;12:00;41,458
25.10.2024;12:15;41,3855
25.10.2024;12:30;41,313
25.10.2024;12:45;41,2405
25.10.2024;13:00;41,168
25.10.2024;13:15;41,27525
25.10.2024;13:30;41,3825
25.10.2024;13:45;41,48975
25.10.2024;14:00;41,597
25.10.2024;14:15;42,0185
25.10.2024;14:30;42,44
25.10.2024;14:45;42,8615
25.10.2024;15:00;43,283
25.10.2024;15:15;43,7505
25.10.2024;15:30;44,218
25.10.2024;15:45;44,6855
25.10.2024;16:00;45,153
25.10.2024;16:15;46,1705
25.10.2024;16:30;47,188
25.10.2024;16:45;48,2055
25.10.2024;17:00;49,223
25.10.2024;17:15;50,93775
25.10.2024;17:30;52,6525
25.10.2024;17:45;54,36725
25.10.2024;18:00;56,082
25.10.2024;18:15;55,020250000000004
25.10.2024;18:30;53,9585
25.10.2024;18:45;52,89675
25.10.2024;19:00;51,835
25.10.2024;19:15;50,310249999999996
25.10.2024;19:30;48,7855
25.10.2024;19:45;47,26075
25.10.2024;20:00;45,736
25.10.2024;20:15;45,546749999999996
25.10.2024;20:30;45,3575
25.10.2024;20:45;45,16825
25.10.2024;21:00;44,979
25.10.2024;21:15;44,92075
25.10.2024;21:30;44,8625
25.10.2024;21:45;44,80425
25.10.2024;22:00;44,746
25.10.2024;22:15;44,582
25.10.2024;22:30;44,418000000000006
25.10.2024;22:45;44,254000000000005
25.10.2024;23:00;44,09
25.10.2024;23:15;44,28725
25.10.2024;23:30;44,4845
25.10.2024;23:45;44,68175
26.10.2024;00:00;44,879
26.10.2024;00:15;44,73775
26.10.2024;00:30;44,5965
26.10.2024;00:45;44,45525
26.10.2024;01:00;44,314
26.10.2024;01:15;44,24675
26.10.2024;01:30;44,179500000000004
26.10.2024;01:45;44,11225
26.10.2024;02:00;44,045
26.10.2024;02:15;44,066
26.10.2024;02:30;44,087
26.10.2024;02:45;44,108
26.10.2024;03:00;44,129
26.10.2024;03:15;44,07675
26.10.2024;03:30;44,0245
26.10.2024;03:45;43,97225
26.10.2024;04:00;43,92
26.10.2024;04:15;43,948
26.10.2024;04:30;43,976
26.10.2024;04:45;44,004
26.10.2024;05:00;44,032
26.10.2024;05:15;44,20975
26.10.2024;05:30;44,3875
26.10.2024;05:45;44,56525
26.10.2024;06:00;44,743
26.10.2024;06:15;45,0375
26.10.2024;06:30;45,332
26.10.2024;06:45;45,6265
26.10.2024;07:00;45,921
26.10.2024;07:15;45,92825
26.10.2024;07:30;45,935500000000005
26.10.2024;07:45;45,942750000000004
26.10.2024;08:00;45,95
26.10.2024;08:15;45,73925
26.10.2024;08:30;45,5285
26.10.2024;08:45;45,317750000000004
26.10.2024;09:00;45,107
26.10.2024;09:15;44,7025
26.10.2024;09:30;44,298
26.10.2024;09:45;43,893499999999996
26.10.2024;10:00;43,489
26.10.2024;10:15;42,991249999999994
26.10.2024;10:30;42,4935
26.10.2024;10:45;41,99575
26.10.2024;11:00;41,498
26.10.2024;11:15;41,16975
26.10.2024;11:30;40,841499999999996
26.10.2024;11:45;40,51325
26.10.2024;12:00;40,185
26.10.2024;12:15;40,05875
26.10.2024;12:30;39,932500000000005
26.10.2024;12:45;39,80625
26.10.2024;13:00;39,68
26.10.2024;13:15;39,71125
26.10.2024;13:30;39,7425
26.10.2024;13:45;39,77375
26.10.2024;14:00;39,805
26.10.2024;14:15;40,22725
26.10.2024;14:30;40,6495
26.10.2024;14:45;41,07175
26.10.2024;15:00;41,494
26.10.2024;15:15;41,973
26.10.2024;15:30;42,452
26.10.2024;15:45;42,931
26.10.2024;16:00;43,41
26.10.2024;16:15;44,03825
26.10.2024;16:30;44,6665
26.10.2024;16:45;45,29475
26.10.2024;17:00;45,923
26.10.2024;17:15;46,55225
26.10.2024;17:30;47,1815
26.10.2024;17:45;47,81075
26.10.2024;18:00;48,44
26.10.2024;18:15;47,635999999999996
26.10.2024;18:30;46,831999999999994
26.10.2024;18:45;46,028
26.10.2024;19:00;45,224
26.10.2024;19:15;44,6675
26.10.2024;19:30;44,111
26.10.2024;19:45;43,5545
26.10.2024;20:00;42,998
26.10.2024;20:15;42,805
26.10.2024;20:30;42,611999999999995
26.10.2024;20:45;42,419
26.10.2024;21:00;42,226
26.10.2024;21:15;42,1945
26.10.2024;21:30;42,163
26.10.2024;21:45;42,1315
26.10.2024;22:00;42,1
26.10.2024;22:15;41,82825
26.10.2024;22:30;41,5565
26.10.2024;22:45;41,28475
26.10.2024;23:00;41,013
26.10.2024;23:15;41,40275
26.10.2024;23:30;41,792500000000004
26.10.2024;23:45;42,18225
27.10.2024;00:00;42,572
27.10.2024;00:15;42,3665
27.10.2024;00:30;42,161
27.10.2024;00:45;41,9555
27.10.2024;01:00;41,75
27.10.2024;01:15;41,70575
27.10.2024;01:30;41,661500000000004
27.10.2024;01:45;41,61725
27.10.2024;02:00;41,573
27.10.2024;02:15;41,5025
27.10.2024;02:30;41,432
27.10.2024;02:45;41,3615
27.10.2024;03:00;41,291
27.10.2024;03:15;41,275499999999994
27.10.2024;03:30;41,26
27.10.2024;03:45;41,2445
27.10.2024;04:00;41,229
27.10.2024;04:15;41,38775
27.10.2024;04:30;41,546499999999995
27.10.2024;04:45;41,70525
27.10.2024;05:00;41,864
27.10.2024;05:15;41,96575
27.10.2024;05:30;42,067499999999995
27.10.2024;05:45;42,16925
27.10.2024;06:00;42,271
27.10.2024;06:15;42,242000000000004
27.10.2024;06:30;42,213
27.10.2024;06:45;42,184
27.10.2024;07:00;42,155
27.10.2024;07:15;42,06225
27.10.2024;07:30;41,9695
27.10.2024;07:45;41,87675
27.10.2024;08:00;41,784
27.10.2024;08:15;41,3375
27.10.2024;08:30;40,891
27.10.2024;08:45;40,4445
27.10.2024;09:00;39,998
27.10.2024;09:15;39,704
27.10.2024;09:30;39,41
27.10.2024;09:45;39,116
27.10.2024;10:00;38,822
27.10.2024;10:15;38,5165
27.10.2024;10:30;38,211
27.10.2024;10:45;37,9055
27.10.2024;11:00;37,6
27.10.2024;11:15;37,53725
27.10.2024;11:30;37,4745
27.10.2024;11:45;37,41175
27.10.2024;12:00;37,349
27.10.2024;12:15;37,34925
27.10.2024;12:30;37,3495
27.10.2024;12:45;37,34975
27.10.2024;13:00;37,35
27.10.2024;13:15;37,95825
27.10.2024;13:30;38,566500000000005
27.10.2024;13:45;39,17475
27.10.2024;14:00;39,783
27.10.2024;14:15;40,963
27.10.2024;14:30;42,143
27.10.2024;14:45;43,323
27.10.2024;15:00;44,503
27.10.2024;15:15;44,8065
27.10.2024;15:30;45,11
27.10.2024;15:45;45,4135
27.10.2024;16:00;45,717
27.10.2024;16:15;46,33275
27.10.2024;16:30;46,948499999999996
27.10.2024;16:45;47,56425
27.10.2024;17:00;48,18
27.10.2024;17:15;48,11525
27.10.2024;17:30;48,0505
27.10.2024;17:45;47,985749999999996
27.10.2024;18:00;47,921
27.10.2024;18:15;47,54
27.10.2024;18:30;47,159
27.10.2024;18:45;46,778
27.10.2024;19:00;46,397
27.10.2024;19:15;46,089
27.10.2024;19:30;45,781
27.10.2024;19:45;45,473
27.10.2024;20:00;45,165
27.10.2024;20:15;45,0115
27.10.2024;20:30;44,858000000000004
27.10.2024;20:45;44,7045
27.10.2024;21:00;44,551
27.10.2024;21:15;44,59275
27.10.2024;21:30;44,6345
27.10.2024;21:45;44,67625
27.10.2024;22:00;44,718
27.10.2024;22:15;44,45075
27.10.2024;22:30;44,1835
27.10.2024;22:45;43,916250000000005
27.10.2024;23:00;43,649
27.10.2024;23:15;43,46425
27.10.2024;23:30;43,2795
27.10.2024;23:45;43,09475
28.10.2024;00:00;42,91
28.10.2024;00:15;42,87925
28.10.2024;00:30;42,8485
28.10.2024;00:45;42,81775
28.10.2024;01:00;42,787
28.10.2024;01:15;42,646249999999995
28.10.2024;01:30;42,5055
28.10.2024;01:45;42,36475
28.10.2024;02:00;42,224
28.10.2024;02:15;42,107749999999996
28.10.2024;02:30;41,9915
28.10.2024;02:45;41,87525
28.10.2024;03:00;41,759
28.10.2024;03:15;41,81325
28.10.2024;03:30;41,8675
28.10.2024;03:45;41,92175
28.10.2024;04:00;41,976
28.10.2024;04:15;42,317750000000004
28.10.2024;04:30;42,6595
28.10.2024;04:45;43,00125
28.10.2024;05:00;43,343
28.10.2024;05:15;43,59275
28.10.2024;05:30;43,8425
28.10.2024;05:45;44,09225
28.10.2024;06:00;44,342
28.10.2024;06:15;44,84425
28.10.2024;06:30;45,3465
28.10.2024;06:45;45,848749999999995
28.10.2024;07:00;46,351
28.10.2024;07:15;46,28525
28.10.2024;07:30;46,2195
28.10.2024;07:45;46,15375
28.10.2024;08:00;46,088
28.10.2024;08:15;45,808
28.10.2024;08:30;45,528000000000006
28.10.2024;08:45;45,248000000000005
28.10.2024;09:00;44,968
28.10.2024;09:15;44,503750000000004
28.10.2024;09:30;44,039500000000004
28.10.2024;09:45;43,57525
28.10.2024;10:00;43,111
28.10.2024;10:15;43,128499999999995
28.10.2024;10:30;43,146
28.10.2024;10:45;43,1635
28.10.2024;11:00;43,181
28.10.2024;11:15;43,0965
28.10.2024;11:30;43,012
28.10.2024;11:45;42,9275
28.10.2024;12:00;42,843
28.10.2024;12:15;43,003
28.10.2024;12:30;43,163
28.10.2024;12:45;43,323
28.10.2024;13:00;43,483
28.10.2024;13:15;43,798
28.10.2024;13:30;44,113
28.10.2024;13:45;44,428
28.10.2024;14:00;44,743
28.10.2024;14:15;44,92875
28.10.2024;14:30;45,1145
28.10.2024;14:45;45,30025
28.10.2024;15:00;45,486
28.10.2024;15:15;45,557
28.10.2024;15:30;45,628
28.10.2024;15:45;45,699
28.10.2024;16:00;45,77
28.10.2024;16:15;46,192750000000004
28.10.2024;16:30;46,6155
28.10.2024;16:45;47,03825
28.10.2024;17:00;47,461
28.10.2024;17:15;47,65325
28.10.2024;17:30;47,8455
28.10.2024;17:45;48,037749999999996
28.10.2024;18:00;48,23
28.10.2024;18:15;48,163
28.10.2024;18:30;48,096000000000004
28.10.2024;18:45;48,029
28.10.2024;19:00;47,962
28.10.2024;19:15;47,41375
28.10.2024;19:30;46,8655
28.10.2024;19:45;46,31725
28.10.2024;20:00;45,769
28.10.2024;20:15;45,554
28.10.2024;20:30;45,339
28.10.2024;20:45;45,123999999999995
28.10.2024;21:00;44,909
28.10.2024;21:15;44,768249999999995
28.10.2024;21:30;44,6275
28.10.2024;21:45;44,48675
28.10.2024;22:00;44,346
28.10.2024;22:15;44,15725
28.10.2024;22:30;43,9685
28.10.2024;22:45;43,77975
28.10.2024;23:00;43,591
28.10.2024;23:15;43,56425
28.10.2024;23:30;43,5375
28.10.2024;23:45;43,51075
29.10.2024;00:00;43,484
29.10.2024;00:15;43,4515
29.10.2024;00:30;43,419
29.10.2024;00:45;43,3865
29.10.2024;01:00;43,354
29.10.2024;01:15;43,32375
29.10.2024;01:30;43,293499999999995
29.10.2024;01:45;43,26325
29.10.2024;02:00;43,233
29.10.2024;02:15;43,216499999999996
29.10.2024;02:30;43,2
29.10.2024;02:45;43,1835
29.10.2024;03:00;43,167
29.10.2024;03:15;43,21325
29.10.2024;03:30;43,2595
29.10.2024;03:45;43,305749999999996
29.10.2024;04:00;43,352
29.10.2024;04:15;43,678999999999995
29.10.2024;04:30;44,006
29.10.2024;04:45;44,333
29.10.2024;05:00;44,66
29.10.2024;05:15;45,016999999999996
29.10.2024;05:30;45,373999999999995
29.10.2024;05:45;45,731
29.10.2024;06:00;46,088
29.10.2024;06:15;46,84675
29.10.2024;06:30;47,6055
29.10.2024;06:45;48,36425
29.10.2024;07:00;49,123
29.10.2024;07:15;48,96275
29.10.2024;07:30;48,802499999999995
29.10.2024;07:45;48,64225
29.10.2024;08:00;48,482
29.10.2024;08:15;47,94125
29.10.2024;08:30;47,4005
29.10.2024;08:45;46,859750000000005
29.10.2024;09:00;46,319
29.10.2024;09:15;46,09425
29.10.2024;09:30;45,8695
29.10.2024;09:45;45,64475
29.10.2024;10:00;45,42
29.10.2024;10:15;45,22675
29.10.2024;10:30;45,033500000000004
29.10.2024;10:45;44,84025
29.10.2024;11:00;44,647
29.10.2024;11:15;44,459
29.10.2024;11:30;44,271
29.10.2024;11:45;44,083
29.10.2024;12:00;43,895
29.10.2024;12:15;44,202
29.10.2024;12:30;44,509
29.10.2024;12:45;44,816
29.10.2024;13:00;45,123
29.10.2024;13:15;45,57825
29.10.2024;13:30;46,033500000000004
29.10.2024;13:45;46,48875
29.10.2024;14:00;46,944
29.10.2024;14:15;47,852000000000004
29.10.2024;14:30;48,760000000000005
29.10.2024;14:45;49,668
29.10.2024;15:00;50,576
29.10.2024;15:15;51,5875
29.10.2024;15:30;52,599000000000004
29.10.2024;15:45;53,6105
29.10.2024;16:00;54,622
29.10.2024;16:15;56,449
29.10.2024;16:30;58,275999999999996
29.10.2024;16:45;60,103
29.10.2024;17:00;61,93
29.10.2024;17:15;61,221000000000004
29.10.2024;17:30;60,512
29.10.2024;17:45;59,803
29.10.2024;18:00;59,094
29.10.2024;18:15;57,7535
29.10.2024;18:30;56,413
29.10.2024;18:45;55,0725
29.10.2024;19:00;53,732
29.10.2024;19:15;52,1515
29.10.2024;19:30;50,571
29.10.2024;19:45;48,9905
29.10.2024;20:00;47,41
29.10.2024;20:15;46,996249999999996
29.10.2024;20:30;46,582499999999996
29.10.2024;20:45;46,16875
29.10.2024;21:00;45,755
29.10.2024;21:15;45,60575
29.10.2024;21:30;45,456500000000005
29.10.2024;21:45;45,30725
29.10.2024;22:00;45,158
29.10.2024;22:15;44,78325
29.10.2024;22:30;44,408500000000004
29.10.2024;22:45;44,03375
29.10.2024;23:00;43,659
29.10.2024;23:15;43,5995
29.10.2024;23:30;43,54
29.10.2024;23:45;43,4805
30.10.2024;00:00;43,421
30.10.2024;00:15;43,41625
30.10.2024;00:30;43,411500000000004
30.10.2024;00:45;43,40675
30.10.2024;01:00;43,402
30.10.2024;01:15;43,343
30.10.2024;01:30;43,284
30.10.2024;01:45;43,224999999999994
30.10.2024;02:00;43,166
30.10.2024;02:15;43,16325
30.10.2024;02:30;43,1605
30.10.2024;02:45;43,15775
30.10.2024;03:00;43,155
30.10.2024;03:15;43,21775
30.10.2024;03:30;43,2805
30.10.2024;03:45;43,34325
30.10.2024;04:00;43,406
30.10.2024;04:15;43,55
30.10.2024;04:30;43,694
30.10.2024;04:45;43,838
30.10.2024;05:00;43,982
30.10.2024;05:15;44,4125
30.10.2024;05:30;44,843
30.10.2024;05:45;45,2735
30.10.2024;06:00;45,704
30.10.2024;06:15;46,1075
30.10.2024;06:30;46,510999999999996
30.10.2024;06:45;46,9145
30.10.2024;07:00;47,318
30.10.2024;07:15;47,29875
30.10.2024;07:30;47,2795
30.10.2024;07:45;47,26025
30.10.2024;08:00;47,241
30.10.2024;08:15;46,87675
30.10.2024;08:30;46,5125
30.10.2024;08:45;46,14825
30.10.2024;09:00;45,784
30.10.2024;09:15;45,5505
30.10.2024;09:30;45,317
30.10.2024;09:45;45,0835
30.10.2024;10:00;44,85
30.10.2024;10:15;44,717
30.10.2024;10:30;44,584
30.10.2024;10:45;44,451
30.10.2024;11:00;44,318
30.10.2024;11:15;44,13925
30.10.2024;11:30;43,960499999999996
30.10.2024;11:45;43,78175
30.10.2024;12:00;43,603
30.10.2024;12:15;43,7135
30.10.2024;12:30;43,824
30.10.2024;12:45;43,9345
30.10.2024;13:00;44,045
30.10.2024;13:15;44,154
30.10.2024;13:30;44,263000000000005
30.10.2024;13:45;44,372
30.10.2024;14:00;44,481
30.10.2024;14:15;44,85225
30.10.2024;14:30;45,2235
30.10.2024;14:45;45,594750000000005
30.10.2024;15:00;45,966
30.10.2024;15:15;46,812
30.10.2024;15:30;47,658
30.10.2024;15:45;48,504000000000005
30.10.2024;16:00;49,35
30.10.2024;16:15;50,197
30.10.2024;16:30;51,044
30.10.2024;16:45;51,891
30.10.2024;17:00;52,738
30.10.2024;17:15;52,71325
30.10.2024;17:30;52,688500000000005
30.10.2024;17:45;52,66375
30.10.2024;18:00;52,639
30.10.2024;18:15;51,80275
30.10.2024;18:30;50,966499999999996
30.10.2024;18:45;50,13025
30.10.2024;19:00;49,294
30.10.2024;19:15;48,647
30.10.2024;19:30;48,0
30.10.2024;19:45;47,353
30.10.2024;20:00;46,706
30.10.2024;20:15;46,43375
30.10.2024;20:30;46,161500000000004
30.10.2024;20:45;45,88925
30.10.2024;21:00;45,617
30.10.2024;21:15;45,433749999999996
30.10.2024;21:30;45,2505
30.10.2024;21:45;45,06725
30.10.2024;22:00;44,884
30.10.2024;22:15;44,80975
30.10.2024;22:30;44,7355
30.10.2024;22:45;44,66125
30.10.2024;23:00;44,587
30.10.2024;23:15;44,40675
30.10.2024;23:30;44,2265
30.10.2024;23:45;44,04625
31.10.2024;00:00;43,866
31.10.2024;00:15;43,69975
31.10.2024;00:30;43,533500000000004
31.10.2024;00:45;43,36725
31.10.2024;01:00;43,201
31.10.2024;01:15;43,15275
31.10.2024;01:30;43,1045
31.10.2024;01:45;43,056250000000006
31.10.2024;02:00;43,008
31.10.2024;02:15;42,963750000000005
31.10.2024;02:30;42,9195
31.10.2024;02:45;42,87525
31.10.2024;03:00;42,831
31.10.2024;03:15;42,911500000000004
31.10.2024;03:30;42,992000000000004
31.10.2024;03:45;43,0725
31.10.2024;04:00;43,153
31.10.2024;04:15;43,26075
31.10.2024;04:30;43,3685
31.10.2024;04:45;43,47625
31.10.2024;05:00;43,584
31.10.2024;05:15;44,05425
31.10.2024;05:30;44,5245
31.10.2024;05:45;44,99475
31.10.2024;06:00;45,465
31.10.2024;06:15;45,8245
31.10.2024;06:30;46,184
31.10.2024;06:45;46,5435
31.10.2024;07:00;46,903
31.10.2024;07:15;46,8515
31.10.2024;07:30;46,8
31.10.2024;07:45;46,7485
31.10.2024;08:00;46,697
31.10.2024;08:15;46,44225
31.10.2024;08:30;46,1875
31.10.2024;08:45;45,93275
31.10.2024;09:00;45,678
31.10.2024;09:15;45,2245
31.10.2024;09:30;44,771
31.10.2024;09:45;44,317499999999995
31.10.2024;10:00;43,864
31.10.2024;10:15;43,686749999999996
31.10.2024;10:30;43,5095
31.10.2024;10:45;43,33225
31.10.2024;11:00;43,155
31.10.2024;11:15;42,926500000000004
31.10.2024;11:30;42,698
31.10.2024;11:45;42,4695
31.10.2024;12:00;42,241
31.10.2024;12:15;42,332
31.10.2024;12:30;42,423
31.10.2024;12:45;42,513999999999996
31.10.2024;13:00;42,605
31.10.2024;13:15;42,775749999999995
31.10.2024;13:30;42,9465
31.10.2024;13:45;43,11725
31.10.2024;14:00;43,288
31.10.2024;14:15;43,590999999999994
31.10.2024;14:30;43,894
31.10.2024;14:45;44,197
31.10.2024;15:00;44,5
31.10.2024;15:15;44,79175
31.10.2024;15:30;45,0835
31.10.2024;15:45;45,37525
31.10.2024;16:00;45,667
31.10.2024;16:15;45,81275
31.10.2024;16:30;45,9585
31.10.2024;16:45;46,10425
31.10.2024;17:00;46,25
31.10.2024;17:15;46,23525
31.10.2024;17:30;46,2205
31.10.2024;17:45;46,20575
31.10.2024;18:00;46,191
31.10.2024;18:15;45,92675
31.10.2024;18:30;45,6625
31.10.2024;18:45;45,398250000000004
31.10.2024;19:00;45,134
31.10.2024;19:15;44,833
31.10.2024;19:30;44,532
31.10.2024;19:45;44,231
31.10.2024;20:00;43,93
31.10.2024;20:15;43,4185
31.10.2024;20:30;42,907
31.10.2024;20:45;42,3955
31.10.2024;21:00;41,884
31.10.2024;21:15;41,7615
31.10.2024;21:30;41,638999999999996
31.10.2024;21:45;41,5165
31.10.2024;22:00;41,394
31.10.2024;22:15;40,997
31.10.2024;22:30;40,599999999999994
31.10.2024;22:45;40,202999999999996
31.10.2024;23:00;39,806
31.10.2024;23:15;39,775499999999994
31.10.2024;23:30;39,745
31.10.2024;23:45;39,7145
01.11.2024;00:00;39,684
01.11.2024;00:15;39,67425
01.11.2024;00:30;39,664500000000004
01.11.2024;00:45;39,65475
01.11.2024;01:00;39,645
01.11.2024;01:15;39,49875
01.11.2024;01:30;39,352500000000006
01.11.2024;01:45;39,206250000000004
01.11.2024;02:00;39,06
01.11.2024;02:15;38,996
01.11.2024;02:30;38,932
01.11.2024;02:45;38,868
01.11.2024;03:00;38,804
01.11.2024;03:15;38,86525
01.11.2024;03:30;38,926500000000004
01.11.2024;03:45;38,98775
01.11.2024;04:00;39,049
01.11.2024;04:15;39,204499999999996
01.11.2024;04:30;39,36
01.11.2024;04:45;39,5155
01.11.2024;05:00;39,671
01.11.2024;05:15;39,83275
01.11.2024;05:30;39,9945
01.11.2024;05:45;40,15625
01.11.2024;06:00;40,318
01.11.2024;06:15;40,33475
01.11.2024;06:30;40,3515
01.11.2024;06:45;40,368249999999996
01.11.2024;07:00;40,385
01.11.2024;07:15;40,23075
01.11.2024;07:30;40,076499999999996
01.11.2024;07:45;39,92225
01.11.2024;08:00;39,768
01.11.2024;08:15;39,6935
01.11.2024;08:30;39,619
01.11.2024;08:45;39,5445
01.11.2024;09:00;39,47
01.11.2024;09:15;39,31525
01.11.2024;09:30;39,1605
01.11.2024;09:45;39,00575
01.11.2024;10:00;38,851
01.11.2024;10:15;38,27675
01.11.2024;10:30;37,7025
01.11.2024;10:45;37,12825
01.11.2024;11:00;36,554
01.11.2024;11:15;36,49025
01.11.2024;11:30;36,426500000000004
01.11.2024;11:45;36,36275
01.11.2024;12:00;36,299
01.11.2024;12:15;36,43425
01.11.2024;12:30;36,569500000000005
01.11.2024;12:45;36,704750000000004
01.11.2024;13:00;36,84
01.11.2024;13:15;37,563250000000004
01.11.2024;13:30;38,286500000000004
01.11.2024;13:45;39,00975
01.11.2024;14:00;39,733
01.11.2024;14:15;40,3705
01.11.2024;14:30;41,007999999999996
01.11.2024;14:45;41,6455
01.11.2024;15:00;42,283
01.11.2024;15:15;42,94925
01.11.2024;15:30;43,6155
01.11.2024;15:45;44,28175
01.11.2024;16:00;44,948
01.11.2024;16:15;45,04525
01.11.2024;16:30;45,1425
01.11.2024;16:45;45,23975
01.11.2024;17:00;45,337
01.11.2024;17:15;45,289500000000004
01.11.2024;17:30;45,242000000000004
01.11.2024;17:45;45,1945
01.11.2024;18:00;45,147
01.11.2024;18:15;45,1375
01.11.2024;18:30;45,128
01.11.2024;18:45;45,1185
01.11.2024;19:00;45,109
01.11.2024;19:15;44,99925
01.11.2024;19:30;44,8895
01.11.2024;19:45;44,77975
01.11.2024;20:00;44,67
01.11.2024;20:15;44,456
01.11.2024;20:30;44,242000000000004
01.11.2024;20:45;44,028
01.11.2024;21:00;43,814
01.11.2024;21:15;43,65825
01.11.2024;21:30;43,5025
01.11.2024;21:45;43,34675
01.11.2024;22:00;43,191
01.11.2024;22:15;42,871750000000006
01.11.2024;22:30;42,5525
01.11.2024;22:45;42,23325
01.11.2024;23:00;41,914
01.11.2024;23:15;42,16675
01.11.2024;23:30;42,4195
01.11.2024;23:45;42,67225
02.11.2024;00:00;42,925
02.11.2024;00:15;42,814
02.11.2024;00:30;42,703
02.11.2024;00:45;42,592
02.11.2024;01:00;42,481
02.11.2024;01:15;42,41725
02.11.2024;01:30;42,3535
02.11.2024;01:45;42,28975
02.11.2024;02:00;42,226
02.11.2024;02:15;42,157
02.11.2024;02:30;42,088
02.11.2024;02:45;42,019000000000005
02.11.2024;03:00;41,95
02.11.2024;03:15;41,97125
02.11.2024;03:30;41,9925
02.11.2024;03:45;42,01375
02.11.2024;04:00;42,035
02.11.2024;04:15;42,167
02.11.2024;04:30;42,299
02.11.2024;04:45;42,431
02.11.2024;05:00;42,563
02.11.2024;05:15;42,684
02.11.2024;05:30;42,805
02.11.2024;05:45;42,926
02.11.2024;06:00;43,047
02.11.2024;06:15;43,125499999999995
02.11.2024;06:30;43,20399999999999
02.11.2024;06:45;43,2825
02.11.2024;07:00;43,361
02.11.2024;07:15;43,387249999999995
02.11.2024;07:30;43,4135
02.11.2024;07:45;43,439750000000004
02.11.2024;08:00;43,466
02.11.2024;08:15;43,678
02.11.2024;08:30;43,89
02.11.2024;08:45;44,102000000000004
02.11.2024;09:00;44,314
02.11.2024;09:15;43,85275
02.11.2024;09:30;43,3915
02.11.2024;09:45;42,93025
02.11.2024;10:00;42,469
02.11.2024;10:15;42,55025
02.11.2024;10:30;42,6315
02.11.2024;10:45;42,71275
02.11.2024;11:00;42,794
02.11.2024;11:15;42,65
02.11.2024;11:30;42,506
02.11.2024;11:45;42,362
02.11.2024;12:00;42,218
02.11.2024;12:15;42,28875
02.11.2024;12:30;42,3595
02.11.2024;12:45;42,43025
02.11.2024;13:00;42,501
02.11.2024;13:15;42,79875
02.11.2024;13:30;43,0965
02.11.2024;13:45;43,39425
02.11.2024;14:00;43,692
02.11.2024;14:15;44,164
02.11.2024;14:30;44,635999999999996
02.11.2024;14:45;45,108
02.11.2024;15:00;45,58
02.11.2024;15:15;45,96275
02.11.2024;15:30;46,3455
02.11.2024;15:45;46,728249999999996
02.11.2024;16:00;47,111
02.11.2024;16:15;47,63475
02.11.2024;16:30;48,158500000000004
02.11.2024;16:45;48,68225
02.11.2024;17:00;49,206
02.11.2024;17:15;48,99
02.11.2024;17:30;48,774
02.11.2024;17:45;48,558
02.11.2024;18:00;48,342
02.11.2024;18:15;47,967999999999996
02.11.2024;18:30;47,593999999999994
02.11.2024;18:45;47,22
02.11.2024;19:00;46,846
02.11.2024;19:15;46,54174999999999
02.11.2024;19:30;46,2375
02.11.2024;19:45;45,93325
02.11.2024;20:00;45,629
02.11.2024;20:15;45,34075
02.11.2024;20:30;45,052499999999995
02.11.2024;20:45;44,76425
02.11.2024;21:00;44,476
02.11.2024;21:15;44,3515
02.11.2024;21:30;44,227000000000004
02.11.2024;21:45;44,1025
02.11.2024;22:00;43,978
02.11.2024;22:15;43,83625
02.11.2024;22:30;43,694500000000005
02.11.2024;22:45;43,55275
02.11.2024;23:00;43,411
02.11.2024;23:15;43,4255
02.11.2024;23:30;43,44
02.11.2024;23:45;43,4545
03.11.2024;00:00;43,469
03.11.2024;00:15;43,355000000000004
03.11.2024;00:30;43,241
03.11.2024;00:45;43,126999999999995
03.11.2024;01:00;43,013
03.11.2024;01:15;42,823499999999996
03.11.2024;01:30;42,634
03.11.2024;01:45;42,444500000000005
03.11.2024;02:00;42,255
03.11.2024;02:15;42,156000000000006
03.11.2024;02:30;42,057
03.11.2024;02:45;41,958
03.11.2024;03:00;41,859
03.11.2024;03:15;41,917500000000004
03.11.2024;03:30;41,976
03.11.2024;03:45;42,0345
03.11.2024;04:00;42,093
03.11.2024;04:15;42,11975
03.11.2024;04:30;42,1465
03.11.2024;04:45;42,17325
03.11.2024;05:00;42,2
03.11.2024;05:15;42,3765
03.11.2024;05:30;42,553
03.11.2024;05:45;42,7295
03.11.2024;06:00;42,906
03.11.2024;06:15;42,96975
03.11.2024;06:30;43,033500000000004
03.11.2024;06:45;43,09725
03.11.2024;07:00;43,161
03.11.2024;07:15;42,92
03.11.2024;07:30;42,679
03.11.2024;07:45;42,438
03.11.2024;08:00;42,197
03.11.2024;08:15;42,084500000000006
03.11.2024;08:30;41,972
03.11.2024;08:45;41,8595
03.11.2024;09:00;41,747
03.11.2024;09:15;41,4155
03.11.2024;09:30;41,084
03.11.2024;09:45;40,7525
03.11.2024;10:00;40,421
03.11.2024;10:15;40,17275
03.11.2024;10:30;39,924499999999995
03.11.2024;10:45;39,676249999999996
03.11.2024;11:00;39,428
03.11.2024;11:15;39,22425
03.11.2024;11:30;39,0205
03.11.2024;11:45;38,81675
03.11.2024;12:00;38,613
03.11.2024;12:15;38,82425
03.11.2024;12:30;39,0355
03.11.2024;12:45;39,24675
03.11.2024;13:00;39,458
03.11.2024;13:15;40,04025
03.11.2024;13:30;40,6225
03.11.2024;13:45;41,20475
03.11.2024;14:00;41,787
03.11.2024;14:15;42,201499999999996
03.11.2024;14:30;42,616
03.11.2024;14:45;43,0305
03.11.2024;15:00;43,445
03.11.2024;15:15;43,80025
03.11.2024;15:30;44,1555
03.11.2024;15:45;44,51075
03.11.2024;16:00;44,866
03.11.2024;16:15;45,18475
03.11.2024;16:30;45,5035
03.11.2024;16:45;45,82225
03.11.2024;17:00;46,141
03.11.2024;17:15;46,0955
03.11.2024;17:30;46,05
03.11.2024;17:45;46,0045
03.11.2024;18:00;45,959
03.11.2024;18:15;45,82475
03.11.2024;18:30;45,6905
03.11.2024;18:45;45,55625
03.11.2024;19:00;45,422
03.11.2024;19:15;45,174
03.11.2024;19:30;44,926
03.11.2024;19:45;44,678
03.11.2024;20:00;44,43
03.11.2024;20:15;44,21
03.11.2024;20:30;43,989999999999995
03.11.2024;20:45;43,769999999999996
03.11.2024;21:00;43,55
03.11.2024;21:15;43,51725
03.11.2024;21:30;43,4845
03.11.2024;21:45;43,45175
03.11.2024;22:00;43,419
03.11.2024;22:15;43,265
03.11.2024;22:30;43,111
03.11.2024;22:45;42,956999999999994
03.11.2024;23:00;42,803
03.11.2024;23:15;42,74075
03.11.2024;23:30;42,6785
03.11.2024;23:45;42,61625
04.11.2024;00:00;42,554
04.11.2024;00:15;42,502
04.11.2024;00:30;42,45
04.11.2024;00:45;42,397999999999996
04.11.2024;01:00;42,346
04.11.2024;01:15;42,348749999999995
04.11.2024;01:30;42,3515
04.11.2024;01:45;42,35425
04.11.2024;02:00;42,357
04.11.2024;02:15;42,351749999999996
04.11.2024;02:30;42,3465
04.11.2024;02:45;42,34125
04.11.2024;03:00;42,336
04.11.2024;03:15;42,3595
04.11.2024;03:30;42,382999999999996
04.11.2024;03:45;42,4065
04.11.2024;04:00;42,43
04.11.2024;04:15;42,623
04.11.2024;04:30;42,816
04.11.2024;04:45;43,009
04.11.2024;05:00;43,202
04.11.2024;05:15;43,86125
04.11.2024;05:30;44,5205
04.11.2024;05:45;45,17975
04.11.2024;06:00;45,839
04.11.2024;06:15;46,3395
04.11.2024;06:30;46,84
04.11.2024;06:45;47,3405
04.11.2024;07:00;47,841
04.11.2024;07:15;47,69775
04.11.2024;07:30;47,554500000000004
04.11.2024;07:45;47,41125
04.11.2024;08:00;47,268
04.11.2024;08:15;46,804249999999996
04.11.2024;08:30;46,3405
04.11.2024;08:45;45,87675
04.11.2024;09:00;45,413
04.11.2024;09:15;44,89725
04.11.2024;09:30;44,3815
04.11.2024;09:45;43,86575
04.11.2024;10:00;43,35
04.11.2024;10:15;43,278
04.11.2024;10:30;43,206
04.11.2024;10:45;43,134
04.11.2024;11:00;43,062
04.11.2024;11:15;43,013
04.11.2024;11:30;42,964
04.11.2024;11:45;42,915
04.11.2024;12:00;42,866
04.11.2024;12:15;42,948750000000004
04.11.2024;12:30;43,0315
04.11.2024;12:45;43,11425
04.11.2024;13:00;43,197
04.11.2024;13:15;43,3145
04.11.2024;13:30;43,432
04.11.2024;13:45;43,5495
04.11.2024;14:00;43,667
04.11.2024;14:15;44,347750000000005
04.11.2024;14:30;45,0285
04.11.2024;14:45;45,70925
04.11.2024;15:00;46,39
04.11.2024;15:15;47,66675
04.11.2024;15:30;48,9435
04.11.2024;15:45;50,22025
04.11.2024;16:00;51,497
04.11.2024;16:15;54,2155
04.11.2024;16:30;56,934
04.11.2024;16:45;59,6525
04.11.2024;17:00;62,371
04.11.2024;17:15;61,14175
04.11.2024;17:30;59,9125
04.11.2024;17:45;58,68325
04.11.2024;18:00;57,454
04.11.2024;18:15;55,48025
04.11.2024;18:30;53,5065
04.11.2024;18:45;51,53275
04.11.2024;19:00;49,559
04.11.2024;19:15;48,58175
04.11.2024;19:30;47,6045
04.11.2024;19:45;46,62725
04.11.2024;20:00;45,65
04.11.2024;20:15;45,38175
04.11.2024;20:30;45,1135
04.11.2024;20:45;44,84525
04.11.2024;21:00;44,577
04.11.2024;21:15;44,46975
04.11.2024;21:30;44,3625
04.11.2024;21:45;44,255250000000004
04.11.2024;22:00;44,148
04.11.2024;22:15;43,8885
04.11.2024;22:30;43,629000000000005
04.11.2024;22:45;43,3695
04.11.2024;23:00;43,11
04.11.2024;23:15;43,21425
04.11.2024;23:30;43,3185
04.11.2024;23:45;43,42275
05.11.2024;00:00;43,527
05.11.2024;00:15;43,332750000000004
05.11.2024;00:30;43,1385
05.11.2024;00:45;42,94425
05.11.2024;01:00;42,75
05.11.2024;01:15;42,68
05.11.2024;01:30;42,61
05.11.2024;01:45;42,54
05.11.2024;02:00;42,47
05.11.2024;02:15;42,515
05.11.2024;02:30;42,56
05.11.2024;02:45;42,605
05.11.2024;03:00;42,65
05.11.2024;03:15;42,70975
05.11.2024;03:30;42,7695
05.11.2024;03:45;42,82925
05.11.2024;04:00;42,889
05.11.2024;04:15;43,12625
05.11.2024;04:30;43,3635
05.11.2024;04:45;43,600750000000005
05.11.2024;05:00;43,838
05.11.2024;05:15;44,41475
05.11.2024;05:30;44,9915
05.11.2024;05:45;45,568250000000006
05.11.2024;06:00;46,145
05.11.2024;06:15;46,67925
05.11.2024;06:30;47,213499999999996
05.11.2024;06:45;47,747749999999996
05.11.2024;07:00;48,282
05.11.2024;07:15;48,02775
05.11.2024;07:30;47,7735
05.11.2024;07:45;47,51925
05.11.2024;08:00;47,265
05.11.2024;08:15;46,742000000000004
05.11.2024;08:30;46,219
05.11.2024;08:45;45,696
05.11.2024;09:00;45,173
05.11.2024;09:15;44,864000000000004
05.11.2024;09:30;44,555
05.11.2024;09:45;44,245999999999995
05.11.2024;10:00;43,937
05.11.2024;10:15;43,67225
05.11.2024;10:30;43,4075
05.11.2024;10:45;43,14275
05.11.2024;11:00;42,878
05.11.2024;11:15;42,869
05.11.2024;11:30;42,86
05.11.2024;11:45;42,851
05.11.2024;12:00;42,842
05.11.2024;12:15;42,95025
05.11.2024;12:30;43,058499999999995
05.11.2024;12:45;43,16675
05.11.2024;13:00;43,275
05.11.2024;13:15;43,552499999999995
05.11.2024;13:30;43,83
05.11.2024;13:45;44,1075
05.11.2024;14:00;44,385
05.11.2024;14:15;45,525999999999996
05.11.2024;14:30;46,667
05.11.2024;14:45;47,808
05.11.2024;15:00;48,949
05.11.2024;15:15;53,345
05.11.2024;15:30;57,741
05.11.2024;15:45;62,137
05.11.2024;16:00;66,533
05.11.2024;16:15;70,87
05.11.2024;16:30;75,207
05.11.2024;16:45;79,544
05.11.2024;17:00;83,881
05.11.2024;17:15;82,96675
05.11.2024;17:30;82,05250000000001
05.11.2024;17:45;81,13825
05.11.2024;18:00;80,224
05.11.2024;18:15;77,048
05.11.2024;18:30;73,872
05.11.2024;18:45;70,696
05.11.2024;19:00;67,52
05.11.2024;19:15;63,281
05.11.2024;19:30;59,042
05.11.2024;19:45;54,803
05.11.2024;20:00;50,564
05.11.2024;20:15;49,52975
05.11.2024;20:30;48,4955
05.11.2024;20:45;47,46125
05.11.2024;21:00;46,427
05.11.2024;21:15;46,102000000000004
05.11.2024;21:30;45,777
05.11.2024;21:45;45,452
05.11.2024;22:00;45,127
05.11.2024;22:15;44,9335
05.11.2024;22:30;44,74
05.11.2024;22:45;44,5465
05.11.2024;23:00;44,353
05.11.2024;23:15;44,262
05.11.2024;23:30;44,171
05.11.2024;23:45;44,08
06.11.2024;00:00;43,989
06.11.2024;00:15;43,805499999999995
06.11.2024;00:30;43,622
06.11.2024;00:45;43,438500000000005
06.11.2024;01:00;43,255
06.11.2024;01:15;43,1655
06.11.2024;01:30;43,076
06.11.2024;01:45;42,9865
06.11.2024;02:00;42,897
06.11.2024;02:15;42,93625
06.11.2024;02:30;42,9755
06.11.2024;02:45;43,01475
06.11.2024;03:00;43,054
06.11.2024;03:15;43,140750000000004
06.11.2024;03:30;43,227500000000006
06.11.2024;03:45;43,31425
06.11.2024;04:00;43,401
06.11.2024;04:15;43,6445
06.11.2024;04:30;43,888000000000005
06.11.2024;04:45;44,1315
06.11.2024;05:00;44,375
06.11.2024;05:15;45,70375
06.11.2024;05:30;47,0325
06.11.2024;05:45;48,36125
06.11.2024;06:00;49,69
06.11.2024;06:15;53,104749999999996
06.11.2024;06:30;56,519499999999994
06.11.2024;06:45;59,93425
06.11.2024;07:00;63,349
06.11.2024;07:15;61,86275
06.11.2024;07:30;60,3765
06.11.2024;07:45;58,89025
06.11.2024;08:00;57,404
06.11.2024;08:15;55,014
06.11.2024;08:30;52,624
06.11.2024;08:45;50,234
06.11.2024;09:00;47,844
06.11.2024;09:15;47,557
06.11.2024;09:30;47,269999999999996
06.11.2024;09:45;46,983
06.11.2024;10:00;46,696
06.11.2024;10:15;46,439499999999995
06.11.2024;10:30;46,183
06.11.2024;10:45;45,926500000000004
06.11.2024;11:00;45,67
06.11.2024;11:15;45,67
06.11.2024;11:30;45,67
06.11.2024;11:45;45,67
06.11.2024;12:00;45,67
06.11.2024;12:15;45,728750000000005
06.11.2024;12:30;45,7875
06.11.2024;12:45;45,84625
06.11.2024;13:00;45,905
06.11.2024;13:15;46,31025
06.11.2024;13:30;46,715500000000006
06.11.2024;13:45;47,12075
06.11.2024;14:00;47,526
06.11.2024;14:15;50,73425
06.11.2024;14:30;53,9425
06.11.2024;14:45;57,15075
06.11.2024;15:00;60,359
06.11.2024;15:15;66,71300000000001
06.11.2024;15:30;73,06700000000001
06.11.2024;15:45;79,421
06.11.2024;16:00;85,775
06.11.2024;16:15;93,17150000000001
06.11.2024;16:30;100,56800000000001
06.11.2024;16:45;107,9645
06.11.2024;17:00;115,361
06.11.2024;17:15;114,98525000000001
06.11.2024;17:30;114,6095
06.11.2024;17:45;114,23375
06.11.2024;18:00;113,858
06.11.2024;18:15;104,981
06.11.2024;18:30;96,104
06.11.2024;18:45;87,227
06.11.2024;19:00;78,35
06.11.2024;19:15;72,28375
06.11.2024;19:30;66,2175
06.11.2024;19:45;60,15125
06.11.2024;20:00;54,085
06.11.2024;20:15;52,23825
06.11.2024;20:30;50,3915
06.11.2024;20:45;48,54475
06.11.2024;21:00;46,698
06.11.2024;21:15;46,34475
06.11.2024;21:30;45,9915
06.11.2024;21:45;45,63825
06.11.2024;22:00;45,285
06.11.2024;22:15;45,0945
06.11.2024;22:30;44,903999999999996
06.11.2024;22:45;44,7135
06.11.2024;23:00;44,523
06.11.2024;23:15;44,468250000000005
06.11.2024;23:30;44,4135
06.11.2024;23:45;44,35875
07.11.2024;00:00;44,304
07.11.2024;00:15;44,14
07.11.2024;00:30;43,976
07.11.2024;00:45;43,812000000000005
07.11.2024;01:00;43,648
07.11.2024;01:15;43,567
07.11.2024;01:30;43,486000000000004
07.11.2024;01:45;43,405
07.11.2024;02:00;43,324
07.11.2024;02:15;43,32675
07.11.2024;02:30;43,329499999999996
07.11.2024;02:45;43,33225
07.11.2024;03:00;43,335
07.11.2024;03:15;43,407
07.11.2024;03:30;43,479
07.11.2024;03:45;43,551
07.11.2024;04:00;43,623
07.11.2024;04:15;43,977
07.11.2024;04:30;44,331
07.11.2024;04:45;44,685
07.11.2024;05:00;45,039
07.11.2024;05:15;46,052
07.11.2024;05:30;47,065
07.11.2024;05:45;48,078
07.11.2024;06:00;49,091
07.11.2024;06:15;50,64475
07.11.2024;06:30;52,198499999999996
07.11.2024;06:45;53,75225
07.11.2024;07:00;55,306
07.11.2024;07:15;54,616749999999996
07.11.2024;07:30;53,927499999999995
07.11.2024;07:45;53,23825
07.11.2024;08:00;52,549
07.11.2024;08:15;51,57225
07.11.2024;08:30;50,5955
07.11.2024;08:45;49,618750000000006
07.11.2024;09:00;48,642
07.11.2024;09:15;48,5415
07.11.2024;09:30;48,441
07.11.2024;09:45;48,340500000000006
07.11.2024;10:00;48,24
07.11.2024;10:15;47,887750000000004
07.11.2024;10:30;47,5355
07.11.2024;10:45;47,18325
07.11.2024;11:00;46,831
07.11.2024;11:15;46,837250000000004
07.11.2024;11:30;46,843500000000006
07.11.2024;11:45;46,84975
07.11.2024;12:00;46,856
07.11.2024;12:15;46,80225
07.11.2024;12:30;46,7485
07.11.2024;12:45;46,69475
07.11.2024;13:00;46,641
07.11.2024;13:15;46,81675
07.11.2024;13:30;46,9925
07.11.2024;13:45;47,16825
07.11.2024;14:00;47,344
07.11.2024;14:15;48,581
07.11.2024;14:30;49,818
07.11.2024;14:45;51,055
07.11.2024;15:00;52,292
07.11.2024;15:15;54,0855
07.11.2024;15:30;55,879000000000005
07.11.2024;15:45;57,6725
07.11.2024;16:00;59,466
07.11.2024;16:15;63,1435
07.11.2024;16:30;66,821
07.11.2024;16:45;70,4985
07.11.2024;17:00;74,176
07.11.2024;17:15;71,389
07.11.2024;17:30;68,602
07.11.2024;17:45;65,815
07.11.2024;18:00;63,028
07.11.2024;18:15;59,98625
07.11.2024;18:30;56,9445
07.11.2024;18:45;53,90275
07.11.2024;19:00;50,861
07.11.2024;19:15;49,7185
07.11.2024;19:30;48,57599999999999
07.11.2024;19:45;47,433499999999995
07.11.2024;20:00;46,291
07.11.2024;20:15;45,903749999999995
07.11.2024;20:30;45,51649999999999
07.11.2024;20:45;45,12925
07.11.2024;21:00;44,742
07.11.2024;21:15;44,68825
07.11.2024;21:30;44,6345
07.11.2024;21:45;44,58075
07.11.2024;22:00;44,527
07.11.2024;22:15;44,2295
07.11.2024;22:30;43,932
07.11.2024;22:45;43,6345
07.11.2024;23:00;43,337
07.11.2024;23:15;43,3295
07.11.2024;23:30;43,322
07.11.2024;23:45;43,3145
08.11.2024;00:00;43,307
08.11.2024;00:15;43,311
08.11.2024;00:30;43,315
08.11.2024;00:45;43,319
08.11.2024;01:00;43,323
08.11.2024;01:15;43,278999999999996
08.11.2024;01:30;43,235
08.11.2024;01:45;43,191
08.11.2024;02:00;43,147
08.11.2024;02:15;43,14
08.11.2024;02:30;43,132999999999996
08.11.2024;02:45;43,126
08.11.2024;03:00;43,119
08.11.2024;03:15;43,113
08.11.2024;03:30;43,107
08.11.2024;03:45;43,101
08.11.2024;04:00;43,095
08.11.2024;04:15;43,114
08.11.2024;04:30;43,132999999999996
08.11.2024;04:45;43,152
08.11.2024;05:00;43,171
08.11.2024;05:15;43,3955
08.11.2024;05:30;43,620000000000005
08.11.2024;05:45;43,844500000000004
08.11.2024;06:00;44,069
08.11.2024;06:15;44,578
08.11.2024;06:30;45,087
08.11.2024;06:45;45,596
08.11.2024;07:00;46,105
08.11.2024;07:15;46,239
08.11.2024;07:30;46,373
08.11.2024;07:45;46,507
08.11.2024;08:00;46,641
08.11.2024;08:15;46,48125
08.11.2024;08:30;46,3215
08.11.2024;08:45;46,16175
08.11.2024;09:00;46,002
08.11.2024;09:15;45,7725
08.11.2024;09:30;45,543000000000006
08.11.2024;09:45;45,313500000000005
08.11.2024;10:00;45,084
08.11.2024;10:15;44,92400000000001
08.11.2024;10:30;44,764
08.11.2024;10:45;44,604
08.11.2024;11:00;44,444
08.11.2024;11:15;44,31025
08.11.2024;11:30;44,176500000000004
08.11.2024;11:45;44,04275
08.11.2024;12:00;43,909
08.11.2024;12:15;43,939499999999995
08.11.2024;12:30;43,97
08.11.2024;12:45;44,0005
08.11.2024;13:00;44,031
08.11.2024;13:15;44,167
08.11.2024;13:30;44,303
08.11.2024;13:45;44,439
08.11.2024;14:00;44,575
08.11.2024;14:15;44,85850000000001
08.11.2024;14:30;45,142
08.11.2024;14:45;45,4255
08.11.2024;15:00;45,709
08.11.2024;15:15;45,84675
08.11.2024;15:30;45,9845
08.11.2024;15:45;46,12225
08.11.2024;16:00;46,26
08.11.2024;16:15;46,2465
08.11.2024;16:30;46,233000000000004
08.11.2024;16:45;46,219500000000004
08.11.2024;17:00;46,206
08.11.2024;17:15;46,3145
08.11.2024;17:30;46,423
08.11.2024;17:45;46,5315
08.11.2024;18:00;46,64
08.11.2024;18:15;46,49725
08.11.2024;18:30;46,3545
08.11.2024;18:45;46,21175
08.11.2024;19:00;46,069
08.11.2024;19:15;45,78275
08.11.2024;19:30;45,4965
08.11.2024;19:45;45,21025
08.11.2024;20:00;44,924
08.11.2024;20:15;44,7675
08.11.2024;20:30;44,611000000000004
08.11.2024;20:45;44,4545
08.11.2024;21:00;44,298
08.11.2024;21:15;44,386
08.11.2024;21:30;44,474000000000004
08.11.2024;21:45;44,562
08.11.2024;22:00;44,65
08.11.2024;22:15;44,4265
08.11.2024;22:30;44,203
08.11.2024;22:45;43,9795
08.11.2024;23:00;43,756
08.11.2024;23:15;43,782
08.11.2024;23:30;43,808
08.11.2024;23:45;43,834
09.11.2024;00:00;43,86
09.11.2024;00:15;43,7315
09.11.2024;00:30;43,602999999999994
09.11.2024;00:45;43,4745
09.11.2024;01:00;43,346
09.11.2024;01:15;43,297
09.11.2024;01:30;43,248
09.11.2024;01:45;43,199
09.11.2024;02:00;43,15
09.11.2024;02:15;43,117
09.11.2024;02:30;43,084
09.11.2024;02:45;43,051
09.11.2024;03:00;43,018
09.11.2024;03:15;43,06125
09.11.2024;03:30;43,1045
09.11.2024;03:45;43,14775
09.11.2024;04:00;43,191
09.11.2024;04:15;43,248000000000005
09.11.2024;04:30;43,305
09.11.2024;04:45;43,361999999999995
09.11.2024;05:00;43,419
09.11.2024;05:15;43,509499999999996
09.11.2024;05:30;43,599999999999994
09.11.2024;05:45;43,6905
09.11.2024;06:00;43,781
09.11.2024;06:15;43,92
09.11.2024;06:30;44,059
09.11.2024;06:45;44,198
09.11.2024;07:00;44,337
09.11.2024;07:15;44,442750000000004
09.11.2024;07:30;44,548500000000004
09.11.2024;07:45;44,65425
09.11.2024;08:00;44,76
09.11.2024;08:15;44,7725
09.11.2024;08:30;44,785
09.11.2024;08:45;44,7975
09.11.2024;09:00;44,81
09.11.2024;09:15;44,694250000000004
09.11.2024;09:30;44,578500000000005
09.11.2024;09:45;44,46275
09.11.2024;10:00;44,347
09.11.2024;10:15;44,25775
09.11.2024;10:30;44,1685
09.11.2024;10:45;44,07925
09.11.2024;11:00;43,99
09.11.2024;11:15;44,002
09.11.2024;11:30;44,013999999999996
09.11.2024;11:45;44,025999999999996
09.11.2024;12:00;44,038
09.11.2024;12:15;44,065999999999995
09.11.2024;12:30;44,093999999999994
09.11.2024;12:45;44,122
09.11.2024;13:00;44,15
09.11.2024;13:15;44,204499999999996
09.11.2024;13:30;44,259
09.11.2024;13:45;44,313500000000005
09.11.2024;14:00;44,368
09.11.2024;14:15;44,650000000000006
09.11.2024;14:30;44,932
09.11.2024;14:45;45,214
09.11.2024;15:00;45,496
09.11.2024;15:15;45,89025
09.11.2024;15:30;46,2845
09.11.2024;15:45;46,67875
09.11.2024;16:00;47,073
09.11.2024;16:15;47,3155
09.11.2024;16:30;47,558
09.11.2024;16:45;47,8005
09.11.2024;17:00;48,043
09.11.2024;17:15;48,064750000000004
09.11.2024;17:30;48,0865
09.11.2024;17:45;48,10825
09.11.2024;18:00;48,13
09.11.2024;18:15;47,932500000000005
09.11.2024;18:30;47,735
09.11.2024;18:45;47,5375
09.11.2024;19:00;47,34
09.11.2024;19:15;47,0505
09.11.2024;19:30;46,761
09.11.2024;19:45;46,471500000000006
09.11.2024;20:00;46,182
09.11.2024;20:15;45,923
09.11.2024;20:30;45,664
09.11.2024;20:45;45,405
09.11.2024;21:00;45,146
09.11.2024;21:15;45,060249999999996
09.11.2024;21:30;44,9745
09.11.2024;21:45;44,88875
09.11.2024;22:00;44,803
09.11.2024;22:15;44,69225
09.11.2024;22:30;44,5815
09.11.2024;22:45;44,470749999999995
09.11.2024;23:00;44,36
09.11.2024;23:15;44,23225
09.11.2024;23:30;44,1045
09.11.2024;23:45;43,976749999999996
10.11.2024;00:00;43,849
10.11.2024;00:15;43,78125
10.11.2024;00:30;43,713499999999996
10.11.2024;00:45;43,64575
10.11.2024;01:00;43,578
10.11.2024;01:15;43,571250000000006
10.11.2024;01:30;43,5645
10.11.2024;01:45;43,55775
10.11.2024;02:00;43,551
10.11.2024;02:15;43,52225
10.11.2024;02:30;43,4935
10.11.2024;02:45;43,46475
10.11.2024;03:00;43,436
10.11.2024;03:15;43,4365
10.11.2024;03:30;43,437
10.11.2024;03:45;43,4375
10.11.2024;04:00;43,438
10.11.2024;04:15;43,465500000000006
10.11.2024;04:30;43,493
10.11.2024;04:45;43,5205
10.11.2024;05:00;43,548
10.11.2024;05:15;43,5065
10.11.2024;05:30;43,465
10.11.2024;05:45;43,4235
10.11.2024;06:00;43,382
10.11.2024;06:15;43,435249999999996
10.11.2024;06:30;43,4885
10.11.2024;06:45;43,54175
10.11.2024;07:00;43,595
10.11.2024;07:15;43,66825
10.11.2024;07:30;43,7415
10.11.2024;07:45;43,81475
10.11.2024;08:00;43,888
10.11.2024;08:15;44,02825
10.11.2024;08:30;44,168499999999995
10.11.2024;08:45;44,308749999999996
10.11.2024;09:00;44,449
10.11.2024;09:15;44,48975
10.11.2024;09:30;44,5305
10.11.2024;09:45;44,57125
10.11.2024;10:00;44,612
10.11.2024;10:15;44,54975
10.11.2024;10:30;44,4875
10.11.2024;10:45;44,42525
10.11.2024;11:00;44,363
10.11.2024;11:15;44,38275
10.11.2024;11:30;44,4025
10.11.2024;11:45;44,42225
10.11.2024;12:00;44,442
10.11.2024;12:15;44,384
10.11.2024;12:30;44,326
10.11.2024;12:45;44,268
10.11.2024;13:00;44,21
10.11.2024;13:15;44,304
10.11.2024;13:30;44,397999999999996
10.11.2024;13:45;44,492
10.11.2024;14:00;44,586
10.11.2024;14:15;44,9325
10.11.2024;14:30;45,278999999999996
10.11.2024;14:45;45,6255
10.11.2024;15:00;45,972
10.11.2024;15:15;46,167
10.11.2024;15:30;46,362
10.11.2024;15:45;46,557
10.11.2024;16:00;46,752
10.11.2024;16:15;47,1195
10.11.2024;16:30;47,487
10.11.2024;16:45;47,8545
10.11.2024;17:00;48,222
10.11.2024;17:15;48,154250000000005
10.11.2024;17:30;48,0865
10.11.2024;17:45;48,01875
10.11.2024;18:00;47,951
10.11.2024;18:15;47,766
10.11.2024;18:30;47,581
10.11.2024;18:45;47,396
10.11.2024;19:00;47,211
10.11.2024;19:15;46,8785
10.11.2024;19:30;46,546
10.11.2024;19:45;46,213499999999996
10.11.2024;20:00;45,881
10.11.2024;20:15;45,630250000000004
10.11.2024;20:30;45,3795
10.11.2024;20:45;45,12875
10.11.2024;21:00;44,878
10.11.2024;21:15;44,7735
10.11.2024;21:30;44,669
10.11.2024;21:45;44,5645
10.11.2024;22:00;44,46
10.11.2024;22:15;44,383
10.11.2024;22:30;44,306
10.11.2024;22:45;44,229
10.11.2024;23:00;44,152
10.11.2024;23:15;44,192750000000004
10.11.2024;23:30;44,2335
10.11.2024;23:45;44,274249999999995
11.11.2024;00:00;44,315
11.11.2024;00:15;44,16575
11.11.2024;00:30;44,0165
11.11.2024;00:45;43,86725
11.11.2024;01:00;43,718
11.11.2024;01:15;43,626000000000005
11.11.2024;01:30;43,534000000000006
11.11.2024;01:45;43,442
11.11.2024;02:00;43,35
11.11.2024;02:15;43,2965
11.11.2024;02:30;43,243
11.11.2024;02:45;43,1895
11.11.2024;03:00;43,136
11.11.2024;03:15;43,127
11.11.2024;03:30;43,118
11.11.2024;03:45;43,109
11.11.2024;04:00;43,1
11.11.2024;04:15;43,25975
11.11.2024;04:30;43,4195
11.11.2024;04:45;43,57925
11.11.2024;05:00;43,739
11.11.2024;05:15;44,034
11.11.2024;05:30;44,32899999999999
11.11.2024;05:45;44,623999999999995
11.11.2024;06:00;44,919
11.11.2024;06:15;45,2355
11.11.2024;06:30;45,552
11.11.2024;06:45;45,8685
11.11.2024;07:00;46,185
11.11.2024;07:15;46,35275
11.11.2024;07:30;46,5205
11.11.2024;07:45;46,688250000000004
11.11.2024;08:00;46,856
11.11.2024;08:15;46,803
11.11.2024;08:30;46,75
11.11.2024;08:45;46,697
11.11.2024;09:00;46,644
11.11.2024;09:15;46,533
11.11.2024;09:30;46,422
11.11.2024;09:45;46,311
11.11.2024;10:00;46,2
11.11.2024;10:15;46,09275
11.11.2024;10:30;45,9855
11.11.2024;10:45;45,87825
11.11.2024;11:00;45,771
11.11.2024;11:15;45,66175
11.11.2024;11:30;45,5525
11.11.2024;11:45;45,443250000000006
11.11.2024;12:00;45,334
11.11.2024;12:15;45,563500000000005
11.11.2024;12:30;45,793000000000006
11.11.2024;12:45;46,0225
11.11.2024;13:00;46,252
11.11.2024;13:15;46,2875
11.11.2024;13:30;46,323
11.11.2024;13:45;46,3585
11.11.2024;14:00;46,394
11.11.2024;14:15;46,60925
11.11.2024;14:30;46,8245
11.11.2024;14:45;47,03975
11.11.2024;15:00;47,255
11.11.2024;15:15;47,30225
11.11.2024;15:30;47,349500000000006
11.11.2024;15:45;47,396750000000004
11.11.2024;16:00;47,444
11.11.2024;16:15;47,75
11.11.2024;16:30;48,056
11.11.2024;16:45;48,362
11.11.2024;17:00;48,668
11.11.2024;17:15;48,51575
11.11.2024;17:30;48,3635
11.11.2024;17:45;48,21125
11.11.2024;18:00;48,059
11.11.2024;18:15;47,72425
11.11.2024;18:30;47,3895
11.11.2024;18:45;47,05475
11.11.2024;19:00;46,72
11.11.2024;19:15;46,426
11.11.2024;19:30;46,132
11.11.2024;19:45;45,837999999999994
11.11.2024;20:00;45,544
11.11.2024;20:15;45,317499999999995
11.11.2024;20:30;45,090999999999994
11.11.2024;20:45;44,8645
11.11.2024;21:00;44,638
11.11.2024;21:15;44,605
11.11.2024;21:30;44,572
11.11.2024;21:45;44,539
11.11.2024;22:00;44,506
11.11.2024;22:15;44,352000000000004
11.11.2024;22:30;44,198
11.11.2024;22:45;44,044
11.11.2024;23:00;43,89
11.11.2024;23:15;44,01275
11.11.2024;23:30;44,1355
11.11.2024;23:45;44,258250000000004
12.11.2024;00:00;44,381
12.11.2024;00:15;44,23925
12.11.2024;00:30;44,0975
12.11.2024;00:45;43,95575
12.11.2024;01:00;43,814
12.11.2024;01:15;43,76525
12.11.2024;01:30;43,716499999999996
12.11.2024;01:45;43,66775
12.11.2024;02:00;43,619
12.11.2024;02:15;43,6515
12.11.2024;02:30;43,684
12.11.2024;02:45;43,7165
12.11.2024;03:00;43,749
12.11.2024;03:15;43,83675
12.11.2024;03:30;43,9245
12.11.2024;03:45;44,01225
12.11.2024;04:00;44,1
12.11.2024;04:15;44,362750000000005
12.11.2024;04:30;44,6255
12.11.2024;04:45;44,88825
12.11.2024;05:00;45,151
12.11.2024;05:15;45,8925
12.11.2024;05:30;46,634
12.11.2024;05:45;47,3755
12.11.2024;06:00;48,117
12.11.2024;06:15;49,06325
12.11.2024;06:30;50,0095
12.11.2024;06:45;50,95575
12.11.2024;07:00;51,902
12.11.2024;07:15;52,305
12.11.2024;07:30;52,708
12.11.2024;07:45;53,111000000000004
12.11.2024;08:00;53,514
12.11.2024;08:15;54,056250000000006
12.11.2024;08:30;54,5985
12.11.2024;08:45;55,14075
12.11.2024;09:00;55,683
12.11.2024;09:15;54,85575
12.11.2024;09:30;54,0285
12.11.2024;09:45;53,20125
12.11.2024;10:00;52,374
12.11.2024;10:15;51,895
12.11.2024;10:30;51,416
12.11.2024;10:45;50,937
12.11.2024;11:00;50,458
12.11.2024;11:15;50,220749999999995
12.11.2024;11:30;49,9835
12.11.2024;11:45;49,74625
12.11.2024;12:00;49,509
12.11.2024;12:15;49,381
12.11.2024;12:30;49,253
12.11.2024;12:45;49,125
12.11.2024;13:00;48,997
12.11.2024;13:15;49,4445
12.11.2024;13:30;49,891999999999996
12.11.2024;13:45;50,3395
12.11.2024;14:00;50,787
12.11.2024;14:15;51,89725
12.11.2024;14:30;53,0075
12.11.2024;14:45;54,11775
12.11.2024;15:00;55,228
12.11.2024;15:15;56,576750000000004
12.11.2024;15:30;57,9255
12.11.2024;15:45;59,274249999999995
12.11.2024;16:00;60,623
12.11.2024;16:15;61,751999999999995
12.11.2024;16:30;62,881
12.11.2024;16:45;64,00999999999999
12.11.2024;17:00;65,139
12.11.2024;17:15;62,824999999999996
12.11.2024;17:30;60,510999999999996
12.11.2024;17:45;58,197
12.11.2024;18:00;55,883
12.11.2024;18:15;54,533500000000004
12.11.2024;18:30;53,184
12.11.2024;18:45;51,8345
12.11.2024;19:00;50,485
12.11.2024;19:15;49,929249999999996
12.11.2024;19:30;49,3735
12.11.2024;19:45;48,817750000000004
12.11.2024;20:00;48,262
12.11.2024;20:15;47,8315
12.11.2024;20:30;47,400999999999996
12.11.2024;20:45;46,9705
12.11.2024;21:00;46,54
12.11.2024;21:15;46,372749999999996
12.11.2024;21:30;46,2055
12.11.2024;21:45;46,038250000000005
12.11.2024;22:00;45,871
12.11.2024;22:15;45,6305
12.11.2024;22:30;45,39
12.11.2024;22:45;45,1495
12.11.2024;23:00;44,909
12.11.2024;23:15;44,948
12.11.2024;23:30;44,986999999999995
12.11.2024;23:45;45,025999999999996
13.11.2024;00:00;45,065
13.11.2024;00:15;44,929
13.11.2024;00:30;44,793
13.11.2024;00:45;44,657
13.11.2024;01:00;44,521
13.11.2024;01:15;44,4245
13.11.2024;01:30;44,328
13.11.2024;01:45;44,2315
13.11.2024;02:00;44,135
13.11.2024;02:15;44,125
13.11.2024;02:30;44,114999999999995
13.11.2024;02:45;44,105
13.11.2024;03:00;44,095
13.11.2024;03:15;44,174499999999995
13.11.2024;03:30;44,254
13.11.2024;03:45;44,3335
13.11.2024;04:00;44,413
13.11.2024;04:15;44,622249999999994
13.11.2024;04:30;44,8315
13.11.2024;04:45;45,04075
13.11.2024;05:00;45,25
13.11.2024;05:15;45,5525
13.11.2024;05:30;45,855000000000004
13.11.2024;05:45;46,1575
13.11.2024;06:00;46,46
13.11.2024;06:15;47,302
13.11.2024;06:30;48,144000000000005
13.11.2024;06:45;48,986000000000004
13.11.2024;07:00;49,828
13.11.2024;07:15;51,344750000000005
13.11.2024;07:30;52,86150000000001
13.11.2024;07:45;54,37825
13.11.2024;08:00;55,895
13.11.2024;08:15;55,944500000000005
13.11.2024;08:30;55,994
13.11.2024;08:45;56,0435
13.11.2024;09:00;56,093
13.11.2024;09:15;55,42725
13.11.2024;09:30;54,7615
13.11.2024;09:45;54,09575
13.11.2024;10:00;53,43
13.11.2024;10:15;52,8525
13.11.2024;10:30;52,275
13.11.2024;10:45;51,6975
13.11.2024;11:00;51,12
13.11.2024;11:15;50,70225
13.11.2024;11:30;50,284499999999994
13.11.2024;11:45;49,866749999999996
13.11.2024;12:00;49,449
13.11.2024;12:15;49,476
13.11.2024;12:30;49,503
13.11.2024;12:45;49,53
13.11.2024;13:00;49,557
13.11.2024;13:15;49,502750000000006
13.11.2024;13:30;49,4485
13.11.2024;13:45;49,39425
13.11.2024;14:00;49,34
13.11.2024;14:15;49,4825
13.11.2024;14:30;49,625
13.11.2024;14:45;49,7675
13.11.2024;15:00;49,91
13.11.2024;15:15;50,227
13.11.2024;15:30;50,544
13.11.2024;15:45;50,861
13.11.2024;16:00;51,178
13.11.2024;16:15;51,181749999999994
13.11.2024;16:30;51,1855
13.11.2024;16:45;51,18925
13.11.2024;17:00;51,193
13.11.2024;17:15;51,07975
13.11.2024;17:30;50,966499999999996
13.11.2024;17:45;50,85325
13.11.2024;18:00;50,74
13.11.2024;18:15;50,437250000000006
13.11.2024;18:30;50,1345
13.11.2024;18:45;49,83175
13.11.2024;19:00;49,529
13.11.2024;19:15;48,61475
13.11.2024;19:30;47,700500000000005
13.11.2024;19:45;46,78625
13.11.2024;20:00;45,872
13.11.2024;20:15;45,613
13.11.2024;20:30;45,354
13.11.2024;20:45;45,095
13.11.2024;21:00;44,836
13.11.2024;21:15;44,80225
13.11.2024;21:30;44,7685
13.11.2024;21:45;44,73475
13.11.2024;22:00;44,701
13.11.2024;22:15;44,52875
13.11.2024;22:30;44,3565
13.11.2024;22:45;44,18425
13.11.2024;23:00;44,012
13.11.2024;23:15;43,889
13.11.2024;23:30;43,766000000000005
13.11.2024;23:45;43,643
14.11.2024;00:00;43,52
14.11.2024;00:15;43,47325
14.11.2024;00:30;43,426500000000004
14.11.2024;00:45;43,37975
14.11.2024;01:00;43,333
14.11.2024;01:15;43,2375
14.11.2024;01:30;43,141999999999996
14.11.2024;01:45;43,0465
14.11.2024;02:00;42,951
14.11.2024;02:15;42,857
14.11.2024;02:30;42,763000000000005
14.11.2024;02:45;42,669000000000004
14.11.2024;03:00;42,575
14.11.2024;03:15;42,554
14.11.2024;03:30;42,533
14.11.2024;03:45;42,512
14.11.2024;04:00;42,491
14.11.2024;04:15;42,51175
14.11.2024;04:30;42,5325
14.11.2024;04:45;42,55325
14.11.2024;05:00;42,574
14.11.2024;05:15;42,854
14.11.2024;05:30;43,134
14.11.2024;05:45;43,414
14.11.2024;06:00;43,694
14.11.2024;06:15;43,99825
14.11.2024;06:30;44,3025
14.11.2024;06:45;44,606750000000005
14.11.2024;07:00;44,911
14.11.2024;07:15;45,19925
14.11.2024;07:30;45,4875
14.11.2024;07:45;45,77575
14.11.2024;08:00;46,064
14.11.2024;08:15;45,9835
14.11.2024;08:30;45,903
14.11.2024;08:45;45,8225
14.11.2024;09:00;45,742
14.11.2024;09:15;45,78525
14.11.2024;09:30;45,8285
14.11.2024;09:45;45,87175
14.11.2024;10:00;45,915
14.11.2024;10:15;45,89475
14.11.2024;10:30;45,8745
14.11.2024;10:45;45,85425
14.11.2024;11:00;45,834
14.11.2024;11:15;45,755
14.11.2024;11:30;45,676
14.11.2024;11:45;45,597
14.11.2024;12:00;45,518
14.11.2024;12:15;45,661
14.11.2024;12:30;45,804
14.11.2024;12:45;45,947
14.11.2024;13:00;46,09
14.11.2024;13:15;46,255250000000004
14.11.2024;13:30;46,420500000000004
14.11.2024;13:45;46,58575
14.11.2024;14:00;46,751
14.11.2024;14:15;46,95525
14.11.2024;14:30;47,159499999999994
14.11.2024;14:45;47,363749999999996
14.11.2024;15:00;47,568
14.11.2024;15:15;47,69875
14.11.2024;15:30;47,829499999999996
14.11.2024;15:45;47,96025
14.11.2024;16:00;48,091
14.11.2024;16:15;48,3035
14.11.2024;16:30;48,516000000000005
14.11.2024;16:45;48,728500000000004
14.11.2024;17:00;48,941
14.11.2024;17:15;48,8955
14.11.2024;17:30;48,85
14.11.2024;17:45;48,804500000000004
14.11.2024;18:00;48,759
14.11.2024;18:15;48,614000000000004
14.11.2024;18:30;48,469
14.11.2024;18:45;48,324
14.11.2024;19:00;48,179
14.11.2024;19:15;47,93625
14.11.2024;19:30;47,6935
14.11.2024;19:45;47,45075
14.11.2024;20:00;47,208
14.11.2024;20:15;46,9795
14.11.2024;20:30;46,751
14.11.2024;20:45;46,522499999999994
14.11.2024;21:00;46,294
14.11.2024;21:15;46,13025
14.11.2024;21:30;45,966499999999996
14.11.2024;21:45;45,80275
14.11.2024;22:00;45,639
14.11.2024;22:15;45,378750000000004
14.11.2024;22:30;45,1185
14.11.2024;22:45;44,85825
14.11.2024;23:00;44,598
14.11.2024;23:15;44,547
14.11.2024;23:30;44,495999999999995
14.11.2024;23:45;44,445
15.11.2024;00:00;44,394
15.11.2024;00:15;44,30075
15.11.2024;00:30;44,207499999999996
15.11.2024;00:45;44,11425
15.11.2024;01:00;44,021
15.11.2024;01:15;44,0285
15.11.2024;01:30;44,036
15.11.2024;01:45;44,0435
15.11.2024;02:00;44,051
15.11.2024;02:15;43,96625
15.11.2024;02:30;43,8815
15.11.2024;02:45;43,79675
15.11.2024;03:00;43,712
15.11.2024;03:15;43,732
15.11.2024;03:30;43,752
15.11.2024;03:45;43,772000000000006
15.11.2024;04:00;43,792
15.11.2024;04:15;43,8965
15.11.2024;04:30;44,001000000000005
15.11.2024;04:45;44,1055
15.11.2024;05:00;44,21
15.11.2024;05:15;44,7265
15.11.2024;05:30;45,243
15.11.2024;05:45;45,7595
15.11.2024;06:00;46,276
15.11.2024;06:15;46,6485
15.11.2024;06:30;47,021
15.11.2024;06:45;47,3935
15.11.2024;07:00;47,766
15.11.2024;07:15;48,10625
15.11.2024;07:30;48,4465
15.11.2024;07:45;48,78675
15.11.2024;08:00;49,127
15.11.2024;08:15;48,95425
15.11.2024;08:30;48,7815
15.11.2024;08:45;48,60875
15.11.2024;09:00;48,436
15.11.2024;09:15;48,1355
15.11.2024;09:30;47,835
15.11.2024;09:45;47,5345
15.11.2024;10:00;47,234
15.11.2024;10:15;47,14
15.11.2024;10:30;47,046
15.11.2024;10:45;46,952
15.11.2024;11:00;46,858
15.11.2024;11:15;46,524499999999996
15.11.2024;11:30;46,191
15.11.2024;11:45;45,8575
15.11.2024;12:00;45,524
15.11.2024;12:15;45,5255
15.11.2024;12:30;45,527
15.11.2024;12:45;45,5285
15.11.2024;13:00;45,53
15.11.2024;13:15;45,782250000000005
15.11.2024;13:30;46,0345
15.11.2024;13:45;46,28675
15.11.2024;14:00;46,539
15.11.2024;14:15;46,7855
15.11.2024;14:30;47,032
15.11.2024;14:45;47,2785
15.11.2024;15:00;47,525
15.11.2024;15:15;47,33
15.11.2024;15:30;47,135
15.11.2024;15:45;46,94
15.11.2024;16:00;46,745
15.11.2024;16:15;46,802749999999996
15.11.2024;16:30;46,8605
15.11.2024;16:45;46,91825
15.11.2024;17:00;46,976
15.11.2024;17:15;46,93875
15.11.2024;17:30;46,9015
15.11.2024;17:45;46,86425
15.11.2024;18:00;46,827
15.11.2024;18:15;46,6675
15.11.2024;18:30;46,507999999999996
15.11.2024;18:45;46,3485
15.11.2024;19:00;46,189
15.11.2024;19:15;45,8725
15.11.2024;19:30;45,556
15.11.2024;19:45;45,2395
15.11.2024;20:00;44,923
15.11.2024;20:15;44,79825
15.11.2024;20:30;44,673500000000004
15.11.2024;20:45;44,54875
15.11.2024;21:00;44,424
15.11.2024;21:15;44,36025
15.11.2024;21:30;44,296499999999995
15.11.2024;21:45;44,232749999999996
15.11.2024;22:00;44,169
15.11.2024;22:15;43,91674999999999
15.11.2024;22:30;43,6645
15.11.2024;22:45;43,41225
15.11.2024;23:00;43,16
15.11.2024;23:15;43,2555
15.11.2024;23:30;43,351
15.11.2024;23:45;43,4465
16.11.2024;00:00;43,542
16.11.2024;00:15;43,37975
16.11.2024;00:30;43,2175
16.11.2024;00:45;43,05525
16.11.2024;01:00;42,893
16.11.2024;01:15;42,754000000000005
16.11.2024;01:30;42,615
16.11.2024;01:45;42,476
16.11.2024;02:00;42,337
16.11.2024;02:15;42,2545
16.11.2024;02:30;42,172
16.11.2024;02:45;42,0895
16.11.2024;03:00;42,007
16.11.2024;03:15;42,063
16.11.2024;03:30;42,119
16.11.2024;03:45;42,175
16.11.2024;04:00;42,231
16.11.2024;04:15;42,1845
16.11.2024;04:30;42,138000000000005
16.11.2024;04:45;42,0915
16.11.2024;05:00;42,045
16.11.2024;05:15;41,716750000000005
16.11.2024;05:30;41,3885
16.11.2024;05:45;41,060249999999996
16.11.2024;06:00;40,732
16.11.2024;06:15;41,138999999999996
16.11.2024;06:30;41,546
16.11.2024;06:45;41,953
16.11.2024;07:00;42,36
16.11.2024;07:15;42,72625
16.11.2024;07:30;43,0925
16.11.2024;07:45;43,45875
16.11.2024;08:00;43,825
16.11.2024;08:15;43,950500000000005
16.11.2024;08:30;44,076
16.11.2024;08:45;44,201499999999996
16.11.2024;09:00;44,327
16.11.2024;09:15;44,27275
16.11.2024;09:30;44,2185
16.11.2024;09:45;44,164249999999996
16.11.2024;10:00;44,11
16.11.2024;10:15;43,89575
16.11.2024;10:30;43,6815
16.11.2024;10:45;43,46725
16.11.2024;11:00;43,253
16.11.2024;11:15;43,201750000000004
16.11.2024;11:30;43,1505
16.11.2024;11:45;43,09925
16.11.2024;12:00;43,048
16.11.2024;12:15;43,04775
16.11.2024;12:30;43,0475
16.11.2024;12:45;43,04725
16.11.2024;13:00;43,047
16.11.2024;13:15;42,96575
16.11.2024;13:30;42,8845
16.11.2024;13:45;42,80325
16.11.2024;14:00;42,722
16.11.2024;14:15;42,8845
16.11.2024;14:30;43,047
16.11.2024;14:45;43,2095
16.11.2024;15:00;43,372
16.11.2024;15:15;43,59125
16.11.2024;15:30;43,810500000000005
16.11.2024;15:45;44,02975
16.11.2024;16:00;44,249
16.11.2024;16:15;44,4975
16.11.2024;16:30;44,746
16.11.2024;16:45;44,9945
16.11.2024;17:00;45,243
16.11.2024;17:15;45,1435
16.11.2024;17:30;45,044
16.11.2024;17:45;44,9445
16.11.2024;18:00;44,845
16.11.2024;18:15;44,57575
16.11.2024;18:30;44,3065
16.11.2024;18:45;44,03725
16.11.2024;19:00;43,768
16.11.2024;19:15;43,23025
16.11.2024;19:30;42,692499999999995
16.11.2024;19:45;42,15475
16.11.2024;20:00;41,617
16.11.2024;20:15;41,37075
16.11.2024;20:30;41,1245
16.11.2024;20:45;40,878249999999994
16.11.2024;21:00;40,632
16.11.2024;21:15;40,65725
16.11.2024;21:30;40,6825
16.11.2024;21:45;40,70775
16.11.2024;22:00;40,733
16.11.2024;22:15;40,528999999999996
16.11.2024;22:30;40,325
16.11.2024;22:45;40,121
16.11.2024;23:00;39,917
16.11.2024;23:15;40,27775
16.11.2024;23:30;40,6385
16.11.2024;23:45;40,99925
17.11.2024;00:00;41,36
17.11.2024;00:15;41,0895
17.11.2024;00:30;40,819
17.11.2024;00:45;40,5485
17.11.2024;01:00;40,278
17.11.2024;01:15;40,358
17.11.2024;01:30;40,438
17.11.2024;01:45;40,518
17.11.2024;02:00;40,598
17.11.2024;02:15;40,254
17.11.2024;02:30;39,91
17.11.2024;02:45;39,566
17.11.2024;03:00;39,222
17.11.2024;03:15;38,804
17.11.2024;03:30;38,385999999999996
17.11.2024;03:45;37,967999999999996
17.11.2024;04:00;37,55
17.11.2024;04:15;37,37025
17.11.2024;04:30;37,1905
17.11.2024;04:45;37,01075
17.11.2024;05:00;36,831
17.11.2024;05:15;37,01975
17.11.2024;05:30;37,2085
17.11.2024;05:45;37,39725
17.11.2024;06:00;37,586
17.11.2024;06:15;38,04425
17.11.2024;06:30;38,5025
17.11.2024;06:45;38,96075
17.11.2024;07:00;39,419
17.11.2024;07:15;39,52175
17.11.2024;07:30;39,6245
17.11.2024;07:45;39,72725
17.11.2024;08:00;39,83
17.11.2024;08:15;39,845
17.11.2024;08:30;39,86
17.11.2024;08:45;39,875
17.11.2024;09:00;39,89
17.11.2024;09:15;39,9625
17.11.2024;09:30;40,035
17.11.2024;09:45;40,1075
17.11.2024;10:00;40,18
17.11.2024;10:15;40,09225
17.11.2024;10:30;40,0045
17.11.2024;10:45;39,91675
17.11.2024;11:00;39,829
17.11.2024;11:15;39,58175
17.11.2024;11:30;39,334500000000006
17.11.2024;11:45;39,087250000000004
17.11.2024;12:00;38,84
17.11.2024;12:15;38,639
17.11.2024;12:30;38,438
17.11.2024;12:45;38,237
17.11.2024;13:00;38,036
17.11.2024;13:15;38,39575
17.11.2024;13:30;38,7555
17.11.2024;13:45;39,11525
17.11.2024;14:00;39,475
17.11.2024;14:15;39,56375
17.11.2024;14:30;39,6525
17.11.2024;14:45;39,74125
17.11.2024;15:00;39,83
17.11.2024;15:15;39,9625
17.11.2024;15:30;40,095
17.11.2024;15:45;40,2275
17.11.2024;16:00;40,36
17.11.2024;16:15;41,1785
17.11.2024;16:30;41,997
17.11.2024;16:45;42,8155
17.11.2024;17:00;43,634
17.11.2024;17:15;43,0805
17.11.2024;17:30;42,527
17.11.2024;17:45;41,9735
17.11.2024;18:00;41,42
17.11.2024;18:15;41,0375
17.11.2024;18:30;40,655
17.11.2024;18:45;40,2725
17.11.2024;19:00;39,89
17.11.2024;19:15;39,69025
17.11.2024;19:30;39,4905
17.11.2024;19:45;39,29075
17.11.2024;20:00;39,091
17.11.2024;20:15;39,2755
17.11.2024;20:30;39,46
17.11.2024;20:45;39,6445
17.11.2024;21:00;39,829
17.11.2024;21:15;39,92825
17.11.2024;21:30;40,0275
17.11.2024;21:45;40,12675
17.11.2024;22:00;40,226
17.11.2024;22:15;40,0575
17.11.2024;22:30;39,888999999999996
17.11.2024;22:45;39,7205
17.11.2024;23:00;39,552
17.11.2024;23:15;39,637
17.11.2024;23:30;39,722
17.11.2024;23:45;39,807
18.11.2024;00:00;39,892
18.11.2024;00:15;39,86625
18.11.2024;00:30;39,840500000000006
18.11.2024;00:45;39,814750000000004
18.11.2024;01:00;39,789
18.11.2024;01:15;39,67575
18.11.2024;01:30;39,5625
18.11.2024;01:45;39,44925
18.11.2024;02:00;39,336
18.11.2024;02:15;38,899249999999995
18.11.2024;02:30;38,4625
18.11.2024;02:45;38,02575
18.11.2024;03:00;37,589
18.11.2024;03:15;37,9835
18.11.2024;03:30;38,378
18.11.2024;03:45;38,7725
18.11.2024;04:00;39,167
18.11.2024;04:15;39,5685
18.11.2024;04:30;39,97
18.11.2024;04:45;40,371500000000005
18.11.2024;05:00;40,773
18.11.2024;05:15;41,306000000000004
18.11.2024;05:30;41,839
18.11.2024;05:45;42,372
18.11.2024;06:00;42,905
18.11.2024;06:15;43,55775
18.11.2024;06:30;44,210499999999996
18.11.2024;06:45;44,86325
18.11.2024;07:00;45,516
18.11.2024;07:15;45,52225
18.11.2024;07:30;45,528499999999994
18.11.2024;07:45;45,534749999999995
18.11.2024;08:00;45,541
18.11.2024;08:15;45,48224999999999
18.11.2024;08:30;45,4235
18.11.2024;08:45;45,36475
18.11.2024;09:00;45,306
18.11.2024;09:15;45,104749999999996
18.11.2024;09:30;44,903499999999994
18.11.2024;09:45;44,70225
18.11.2024;10:00;44,501
18.11.2024;10:15;44,03775
18.11.2024;10:30;43,5745
18.11.2024;10:45;43,11125
18.11.2024;11:00;42,648
18.11.2024;11:15;42,3235
18.11.2024;11:30;41,999
18.11.2024;11:45;41,6745
18.11.2024;12:00;41,35
18.11.2024;12:15;41,70325
18.11.2024;12:30;42,0565
18.11.2024;12:45;42,40975
18.11.2024;13:00;42,763
18.11.2024;13:15;43,14775
18.11.2024;13:30;43,5325
18.11.2024;13:45;43,917249999999996
18.11.2024;14:00;44,302
18.11.2024;14:15;44,5635
18.11.2024;14:30;44,825
18.11.2024;14:45;45,0865
18.11.2024;15:00;45,348
18.11.2024;15:15;45,6605
18.11.2024;15:30;45,973
18.11.2024;15:45;46,2855
18.11.2024;16:00;46,598
18.11.2024;16:15;47,283500000000004
18.11.2024;16:30;47,969
18.11.2024;16:45;48,6545
18.11.2024;17:00;49,34
18.11.2024;17:15;49,388000000000005
18.11.2024;17:30;49,436
18.11.2024;17:45;49,483999999999995
18.11.2024;18:00;49,532
18.11.2024;18:15;49,3105
18.11.2024;18:30;49,089
18.11.2024;18:45;48,8675
18.11.2024;19:00;48,646
18.11.2024;19:15;48,045500000000004
18.11.2024;19:30;47,445
18.11.2024;19:45;46,8445
18.11.2024;20:00;46,244
18.11.2024;20:15;45,961
18.11.2024;20:30;45,678
18.11.2024;20:45;45,395
18.11.2024;21:00;45,112
18.11.2024;21:15;45,09625
18.11.2024;21:30;45,0805
18.11.2024;21:45;45,064750000000004
18.11.2024;22:00;45,049
18.11.2024;22:15;44,84175
18.11.2024;22:30;44,6345
18.11.2024;22:45;44,42725
18.11.2024;23:00;44,22
18.11.2024;23:15;44,179
18.11.2024;23:30;44,138
18.11.2024;23:45;44,096999999999994
19.11.2024;00:00;44,056
19.11.2024;00:15;43,9145
19.11.2024;00:30;43,772999999999996
19.11.2024;00:45;43,6315
19.11.2024;01:00;43,49
19.11.2024;01:15;43,344500000000004
19.11.2024;01:30;43,199
19.11.2024;01:45;43,0535
19.11.2024;02:00;42,908
19.11.2024;02:15;42,81175
19.11.2024;02:30;42,715500000000006
19.11.2024;02:45;42,61925
19.11.2024;03:00;42,523
19.11.2024;03:15;42,61175
19.11.2024;03:30;42,700500000000005
19.11.2024;03:45;42,78925
19.11.2024;04:00;42,878
19.11.2024;04:15;42,96425
19.11.2024;04:30;43,0505
19.11.2024;04:45;43,13675
19.11.2024;05:00;43,223
19.11.2024;05:15;43,6615
19.11.2024;05:30;44,099999999999994
19.11.2024;05:45;44,5385
19.11.2024;06:00;44,977
19.11.2024;06:15;45,36
19.11.2024;06:30;45,742999999999995
19.11.2024;06:45;46,126
19.11.2024;07:00;46,509
19.11.2024;07:15;47,09575
19.11.2024;07:30;47,682500000000005
19.11.2024;07:45;48,26925
19.11.2024;08:00;48,856
19.11.2024;08:15;48,91875
19.11.2024;08:30;48,9815
19.11.2024;08:45;49,04425
19.11.2024;09:00;49,107
19.11.2024;09:15;49,07425
19.11.2024;09:30;49,0415
19.11.2024;09:45;49,00875
19.11.2024;10:00;48,976
19.11.2024;10:15;48,88975
19.11.2024;10:30;48,8035
19.11.2024;10:45;48,71725
19.11.2024;11:00;48,631
19.11.2024;11:15;48,5155
19.11.2024;11:30;48,4
19.11.2024;11:45;48,284499999999994
19.11.2024;12:00;48,169
19.11.2024;12:15;48,06775
19.11.2024;12:30;47,966499999999996
19.11.2024;12:45;47,86525
19.11.2024;13:00;47,764
19.11.2024;13:15;47,66425
19.11.2024;13:30;47,5645
19.11.2024;13:45;47,46475
19.11.2024;14:00;47,365
19.11.2024;14:15;47,08075
19.11.2024;14:30;46,7965
19.11.2024;14:45;46,51225
19.11.2024;15:00;46,228
19.11.2024;15:15;46,33075
19.11.2024;15:30;46,4335
19.11.2024;15:45;46,53625
19.11.2024;16:00;46,639
19.11.2024;16:15;46,8215
19.11.2024;16:30;47,004000000000005
19.11.2024;16:45;47,1865
19.11.2024;17:00;47,369
19.11.2024;17:15;47,2305
19.11.2024;17:30;47,092
19.11.2024;17:45;46,9535
19.11.2024;18:00;46,815
19.11.2024;18:15;46,596999999999994
19.11.2024;18:30;46,379
19.11.2024;18:45;46,161
19.11.2024;19:00;45,943
19.11.2024;19:15;45,72225
19.11.2024;19:30;45,5015
19.11.2024;19:45;45,28075
19.11.2024;20:00;45,06
19.11.2024;20:15;44,86675
19.11.2024;20:30;44,673500000000004
19.11.2024;20:45;44,48025
19.11.2024;21:00;44,287
19.11.2024;21:15;44,184
19.11.2024;21:30;44,081
19.11.2024;21:45;43,978
19.11.2024;22:00;43,875
19.11.2024;22:15;43,48975
19.11.2024;22:30;43,1045
19.11.2024;22:45;42,71925
19.11.2024;23:00;42,334
19.11.2024;23:15;42,5915
19.11.2024;23:30;42,849000000000004
19.11.2024;23:45;43,1065
20.11.2024;00:00;43,364
20.11.2024;00:15;43,1605
20.11.2024;00:30;42,956999999999994
20.11.2024;00:45;42,753499999999995
20.11.2024;01:00;42,55
20.11.2024;01:15;42,415
20.11.2024;01:30;42,28
20.11.2024;01:45;42,144999999999996
20.11.2024;02:00;42,01
20.11.2024;02:15;41,882999999999996
20.11.2024;02:30;41,756
20.11.2024;02:45;41,629000000000005
20.11.2024;03:00;41,502
20.11.2024;03:15;41,513000000000005
20.11.2024;03:30;41,524
20.11.2024;03:45;41,535
20.11.2024;04:00;41,546
20.11.2024;04:15;41,82925
20.11.2024;04:30;42,1125
20.11.2024;04:45;42,39575
20.11.2024;05:00;42,679
20.11.2024;05:15;43,0355
20.11.2024;05:30;43,391999999999996
20.11.2024;05:45;43,7485
20.11.2024;06:00;44,105
20.11.2024;06:15;44,806749999999994
20.11.2024;06:30;45,5085
20.11.2024;06:45;46,21025
20.11.2024;07:00;46,912
20.11.2024;07:15;47,09325
20.11.2024;07:30;47,2745
20.11.2024;07:45;47,45575
20.11.2024;08:00;47,637
20.11.2024;08:15;47,5675
20.11.2024;08:30;47,498000000000005
20.11.2024;08:45;47,4285
20.11.2024;09:00;47,359
20.11.2024;09:15;46,8655
20.11.2024;09:30;46,372
20.11.2024;09:45;45,8785
20.11.2024;10:00;45,385
20.11.2024;10:15;45,070499999999996
20.11.2024;10:30;44,756
20.11.2024;10:45;44,441500000000005
20.11.2024;11:00;44,127
20.11.2024;11:15;43,86425
20.11.2024;11:30;43,6015
20.11.2024;11:45;43,338750000000005
20.11.2024;12:00;43,076
20.11.2024;12:15;43,0785
20.11.2024;12:30;43,081
20.11.2024;12:45;43,0835
20.11.2024;13:00;43,086
20.11.2024;13:15;43,318
20.11.2024;13:30;43,55
20.11.2024;13:45;43,782000000000004
20.11.2024;14:00;44,014
20.11.2024;14:15;44,619
20.11.2024;14:30;45,224000000000004
20.11.2024;14:45;45,829
20.11.2024;15:00;46,434
20.11.2024;15:15;46,54025
20.11.2024;15:30;46,6465
20.11.2024;15:45;46,75275
20.11.2024;16:00;46,859
20.11.2024;16:15;47,03175
20.11.2024;16:30;47,204499999999996
20.11.2024;16:45;47,37725
20.11.2024;17:00;47,55
20.11.2024;17:15;47,564499999999995
20.11.2024;17:30;47,57899999999999
20.11.2024;17:45;47,5935
20.11.2024;18:00;47,608
20.11.2024;18:15;47,55
20.11.2024;18:30;47,492
20.11.2024;18:45;47,434
20.11.2024;19:00;47,376
20.11.2024;19:15;47,269
20.11.2024;19:30;47,162
20.11.2024;19:45;47,055
20.11.2024;20:00;46,948
20.11.2024;20:15;46,62475
20.11.2024;20:30;46,301500000000004
20.11.2024;20:45;45,97825
20.11.2024;21:00;45,655
20.11.2024;21:15;45,48925
20.11.2024;21:30;45,323499999999996
20.11.2024;21:45;45,15775
20.11.2024;22:00;44,992
20.11.2024;22:15;44,669
20.11.2024;22:30;44,346000000000004
20.11.2024;22:45;44,023
20.11.2024;23:00;43,7
20.11.2024;23:15;43,4615
20.11.2024;23:30;43,223
20.11.2024;23:45;42,984500000000004
21.11.2024;00:00;42,746
21.11.2024;00:15;42,657000000000004
21.11.2024;00:30;42,568
21.11.2024;00:45;42,479
21.11.2024;01:00;42,39
21.11.2024;01:15;42,3
21.11.2024;01:30;42,21
21.11.2024;01:45;42,120000000000005
21.11.2024;02:00;42,03
21.11.2024;02:15;41,963750000000005
21.11.2024;02:30;41,8975
21.11.2024;02:45;41,83125
21.11.2024;03:00;41,765
21.11.2024;03:15;41,767
21.11.2024;03:30;41,769000000000005
21.11.2024;03:45;41,771
21.11.2024;04:00;41,773
21.11.2024;04:15;41,97925
21.11.2024;04:30;42,185500000000005
21.11.2024;04:45;42,39175
21.11.2024;05:00;42,598
21.11.2024;05:15;42,96525
21.11.2024;05:30;43,332499999999996
21.11.2024;05:45;43,69975
21.11.2024;06:00;44,067
21.11.2024;06:15;44,42375
21.11.2024;06:30;44,7805
21.11.2024;06:45;45,13725
21.11.2024;07:00;45,494
21.11.2024;07:15;45,78275
21.11.2024;07:30;46,0715
21.11.2024;07:45;46,36025
21.11.2024;08:00;46,649
21.11.2024;08:15;46,698750000000004
21.11.2024;08:30;46,7485
21.11.2024;08:45;46,798249999999996
21.11.2024;09:00;46,848
21.11.2024;09:15;46,65675
21.11.2024;09:30;46,4655
21.11.2024;09:45;46,274249999999995
21.11.2024;10:00;46,083
21.11.2024;10:15;45,7865
21.11.2024;10:30;45,489999999999995
21.11.2024;10:45;45,1935
21.11.2024;11:00;44,897
21.11.2024;11:15;44,8495
21.11.2024;11:30;44,802
21.11.2024;11:45;44,7545
21.11.2024;12:00;44,707
21.11.2024;12:15;44,8885
21.11.2024;12:30;45,07
21.11.2024;12:45;45,2515
21.11.2024;13:00;45,433
21.11.2024;13:15;45,95275
21.11.2024;13:30;46,4725
21.11.2024;13:45;46,99225
21.11.2024;14:00;47,512
21.11.2024;14:15;47,84275
21.11.2024;14:30;48,173500000000004
21.11.2024;14:45;48,50425
21.11.2024;15:00;48,835
21.11.2024;15:15;49,338
21.11.2024;15:30;49,841
21.11.2024;15:45;50,344
21.11.2024;16:00;50,847
21.11.2024;16:15;51,029250000000005
21.11.2024;16:30;51,2115
21.11.2024;16:45;51,39375
21.11.2024;17:00;51,576
21.11.2024;17:15;51,053
21.11.2024;17:30;50,53
21.11.2024;17:45;50,007000000000005
21.11.2024;18:00;49,484
21.11.2024;18:15;49,30175
21.11.2024;18:30;49,1195
21.11.2024;18:45;48,937250000000006
21.11.2024;19:00;48,755
21.11.2024;19:15;48,187
21.11.2024;19:30;47,619
21.11.2024;19:45;47,051
21.11.2024;20:00;46,483
21.11.2024;20:15;46,275999999999996
21.11.2024;20:30;46,069
21.11.2024;20:45;45,862
21.11.2024;21:00;45,655
21.11.2024;21:15;45,651250000000005
21.11.2024;21:30;45,6475
21.11.2024;21:45;45,64375
21.11.2024;22:00;45,64
21.11.2024;22:15;45,254
21.11.2024;22:30;44,867999999999995
21.11.2024;22:45;44,482
21.11.2024;23:00;44,096
21.11.2024;23:15;44,3125
21.11.2024;23:30;44,528999999999996
21.11.2024;23:45;44,7455
22.11.2024;00:00;44,962
22.11.2024;00:15;44,71425
22.11.2024;00:30;44,466499999999996
22.11.2024;00:45;44,21875
22.11.2024;01:00;43,971
22.11.2024;01:15;43,762
22.11.2024;01:30;43,553
22.11.2024;01:45;43,343999999999994
22.11.2024;02:00;43,135
22.11.2024;02:15;42,973
22.11.2024;02:30;42,811
22.11.2024;02:45;42,649
22.11.2024;03:00;42,487
22.11.2024;03:15;42,419000000000004
22.11.2024;03:30;42,351
22.11.2024;03:45;42,283
22.11.2024;04:00;42,215
22.11.2024;04:15;42,30275
22.11.2024;04:30;42,3905
22.11.2024;04:45;42,47825
22.11.2024;05:00;42,566
22.11.2024;05:15;43,188500000000005
22.11.2024;05:30;43,811
22.11.2024;05:45;44,433499999999995
22.11.2024;06:00;45,056
22.11.2024;06:15;45,512
22.11.2024;06:30;45,968
22.11.2024;06:45;46,424
22.11.2024;07:00;46,88
22.11.2024;07:15;47,099500000000006
22.11.2024;07:30;47,319
22.11.2024;07:45;47,5385
22.11.2024;08:00;47,758
22.11.2024;08:15;47,6955
22.11.2024;08:30;47,633
22.11.2024;08:45;47,5705
22.11.2024;09:00;47,508
22.11.2024;09:15;47,36225
22.11.2024;09:30;47,216499999999996
22.11.2024;09:45;47,07075
22.11.2024;10:00;46,925
22.11.2024;10:15;46,45225
22.11.2024;10:30;45,9795
22.11.2024;10:45;45,50675
22.11.2024;11:00;45,034
22.11.2024;11:15;44,7415
22.11.2024;11:30;44,449
22.11.2024;11:45;44,156499999999994
22.11.2024;12:00;43,864
22.11.2024;12:15;43,616249999999994
22.11.2024;12:30;43,3685
22.11.2024;12:45;43,12075
22.11.2024;13:00;42,873
22.11.2024;13:15;42,89675
22.11.2024;13:30;42,920500000000004
22.11.2024;13:45;42,944250000000004
22.11.2024;14:00;42,968
22.11.2024;14:15;43,219500000000004
22.11.2024;14:30;43,471000000000004
22.11.2024;14:45;43,7225
22.11.2024;15:00;43,974
22.11.2024;15:15;44,09824999999999
22.11.2024;15:30;44,2225
22.11.2024;15:45;44,34675
22.11.2024;16:00;44,471
22.11.2024;16:15;44,90175
22.11.2024;16:30;45,332499999999996
22.11.2024;16:45;45,76325
22.11.2024;17:00;46,194
22.11.2024;17:15;46,34
22.11.2024;17:30;46,486000000000004
22.11.2024;17:45;46,632
22.11.2024;18:00;46,778
22.11.2024;18:15;46,641
22.11.2024;18:30;46,504
22.11.2024;18:45;46,367
22.11.2024;19:00;46,23
22.11.2024;19:15;45,66525
22.11.2024;19:30;45,1005
22.11.2024;19:45;44,53574999999999
22.11.2024;20:00;43,971
22.11.2024;20:15;43,9745
22.11.2024;20:30;43,977999999999994
22.11.2024;20:45;43,9815
22.11.2024;21:00;43,985
22.11.2024;21:15;43,6575
22.11.2024;21:30;43,33
22.11.2024;21:45;43,0025
22.11.2024;22:00;42,675
22.11.2024;22:15;42,26875
22.11.2024;22:30;41,8625
22.11.2024;22:45;41,45625
22.11.2024;23:00;41,05
22.11.2024;23:15;41,125
22.11.2024;23:30;41,2
22.11.2024;23:45;41,275
23.11.2024;00:00;41,35
23.11.2024;00:15;41,27175
23.11.2024;00:30;41,1935
23.11.2024;00:45;41,11525
23.11.2024;01:00;41,037
23.11.2024;01:15;41,06225
23.11.2024;01:30;41,0875
23.11.2024;01:45;41,11275
23.11.2024;02:00;41,138
23.11.2024;02:15;41,167
23.11.2024;02:30;41,196
23.11.2024;02:45;41,224999999999994
23.11.2024;03:00;41,254
23.11.2024;03:15;41,26175
23.11.2024;03:30;41,269499999999994
23.11.2024;03:45;41,277249999999995
23.11.2024;04:00;41,285
23.11.2024;04:15;41,36475
23.11.2024;04:30;41,4445
23.11.2024;04:45;41,524249999999995
23.11.2024;05:00;41,604
23.11.2024;05:15;41,59175
23.11.2024;05:30;41,579499999999996
23.11.2024;05:45;41,56725
23.11.2024;06:00;41,555
23.11.2024;06:15;41,7355
23.11.2024;06:30;41,916
23.11.2024;06:45;42,0965
23.11.2024;07:00;42,277
23.11.2024;07:15;42,48225
23.11.2024;07:30;42,6875
23.11.2024;07:45;42,89275
23.11.2024;08:00;43,098
23.11.2024;08:15;42,8015
23.11.2024;08:30;42,504999999999995
23.11.2024;08:45;42,2085
23.11.2024;09:00;41,912
23.11.2024;09:15;41,735
23.11.2024;09:30;41,558
23.11.2024;09:45;41,381
23.11.2024;10:00;41,204
23.11.2024;10:15;41,078
23.11.2024;10:30;40,952
23.11.2024;10:45;40,826
23.11.2024;11:00;40,7
23.11.2024;11:15;40,6425
23.11.2024;11:30;40,585
23.11.2024;11:45;40,5275
23.11.2024;12:00;40,47
23.11.2024;12:15;40,58625
23.11.2024;12:30;40,7025
23.11.2024;12:45;40,81875
23.11.2024;13:00;40,935
23.11.2024;13:15;41,18075
23.11.2024;13:30;41,426500000000004
23.11.2024;13:45;41,67225
23.11.2024;14:00;41,918
23.11.2024;14:15;42,38975
23.11.2024;14:30;42,8615
23.11.2024;14:45;43,33325
23.11.2024;15:00;43,805
23.11.2024;15:15;43,374
23.11.2024;15:30;42,943
23.11.2024;15:45;42,512
23.11.2024;16:00;42,081
23.11.2024;16:15;42,28725
23.11.2024;16:30;42,4935
23.11.2024;16:45;42,69975
23.11.2024;17:00;42,906
23.11.2024;17:15;42,669
23.11.2024;17:30;42,432
23.11.2024;17:45;42,195
23.11.2024;18:00;41,958
23.11.2024;18:15;41,581
23.11.2024;18:30;41,204
23.11.2024;18:45;40,827
23.11.2024;19:00;40,45
23.11.2024;19:15;40,16375
23.11.2024;19:30;39,8775
23.11.2024;19:45;39,59125
23.11.2024;20:00;39,305
23.11.2024;20:15;39,016999999999996
23.11.2024;20:30;38,729
23.11.2024;20:45;38,441
23.11.2024;21:00;38,153
23.11.2024;21:15;37,92975
23.11.2024;21:30;37,7065
23.11.2024;21:45;37,48325
23.11.2024;22:00;37,26
23.11.2024;22:15;36,744
23.11.2024;22:30;36,227999999999994
23.11.2024;22:45;35,711999999999996
23.11.2024;23:00;35,196
23.11.2024;23:15;34,75975
23.11.2024;23:30;34,323499999999996
23.11.2024;23:45;33,88725
24.11.2024;00:00;33,451
24.11.2024;00:15;33,42575
24.11.2024;00:30;33,4005
24.11.2024;00:45;33,37525
24.11.2024;01:00;33,35
24.11.2024;01:15;33,35
24.11.2024;01:30;33,35
24.11.2024;01:45;33,35
24.11.2024;02:00;33,35
24.11.2024;02:15;33,34975
24.11.2024;02:30;33,3495
24.11.2024;02:45;33,34925
24.11.2024;03:00;33,349
24.11.2024;03:15;33,348749999999995
24.11.2024;03:30;33,3485
24.11.2024;03:45;33,34825
24.11.2024;04:00;33,348
24.11.2024;04:15;33,34775
24.11.2024;04:30;33,3475
24.11.2024;04:45;33,34725
24.11.2024;05:00;33,347
24.11.2024;05:15;33,3465
24.11.2024;05:30;33,346000000000004
24.11.2024;05:45;33,3455
24.11.2024;06:00;33,345
24.11.2024;06:15;33,3455
24.11.2024;06:30;33,346000000000004
24.11.2024;06:45;33,3465
24.11.2024;07:00;33,347
24.11.2024;07:15;33,382000000000005
24.11.2024;07:30;33,417
24.11.2024;07:45;33,452
24.11.2024;08:00;33,487
24.11.2024;08:15;33,5465
24.11.2024;08:30;33,606
24.11.2024;08:45;33,6655
24.11.2024;09:00;33,725
24.11.2024;09:15;33,683
24.11.2024;09:30;33,641000000000005
24.11.2024;09:45;33,599000000000004
24.11.2024;10:00;33,557
24.11.2024;10:15;33,5685
24.11.2024;10:30;33,58
24.11.2024;10:45;33,5915
24.11.2024;11:00;33,603
24.11.2024;11:15;33,565
24.11.2024;11:30;33,527
24.11.2024;11:45;33,489000000000004
24.11.2024;12:00;33,451
24.11.2024;12:15;33,451
24.11.2024;12:30;33,451
24.11.2024;12:45;33,451
24.11.2024;13:00;33,451
24.11.2024;13:15;33,5035
24.11.2024;13:30;33,556
24.11.2024;13:45;33,6085
24.11.2024;14:00;33,661
24.11.2024;14:15;33,7485
24.11.2024;14:30;33,836
24.11.2024;14:45;33,923500000000004
24.11.2024;15:00;34,011
24.11.2024;15:15;34,1955
24.11.2024;15:30;34,38
24.11.2024;15:45;34,5645
24.11.2024;16:00;34,749
24.11.2024;16:15;34,78725
24.11.2024;16:30;34,825500000000005
24.11.2024;16:45;34,86375
24.11.2024;17:00;34,902
24.11.2024;17:15;34,9185
24.11.2024;17:30;34,935
24.11.2024;17:45;34,9515
24.11.2024;18:00;34,968
24.11.2024;18:15;34,864000000000004
24.11.2024;18:30;34,760000000000005
24.11.2024;18:45;34,656
24.11.2024;19:00;34,552
24.11.2024;19:15;34,4365
24.11.2024;19:30;34,321
24.11.2024;19:45;34,2055
24.11.2024;20:00;34,09
24.11.2024;20:15;34,0175
24.11.2024;20:30;33,945
24.11.2024;20:45;33,8725
24.11.2024;21:00;33,8
24.11.2024;21:15;33,76925
24.11.2024;21:30;33,7385
24.11.2024;21:45;33,70775
24.11.2024;22:00;33,677
24.11.2024;22:15;33,5955
24.11.2024;22:30;33,513999999999996
24.11.2024;22:45;33,4325
24.11.2024;23:00;33,351
24.11.2024;23:15;33,3195
24.11.2024;23:30;33,288
24.11.2024;23:45;33,2565
25.11.2024;00:00;33,225
25.11.2024;00:15;33,2165
25.11.2024;00:30;33,208
25.11.2024;00:45;33,1995
25.11.2024;01:00;33,191
25.11.2024;01:15;33,19525
25.11.2024;01:30;33,1995
25.11.2024;01:45;33,20375
25.11.2024;02:00;33,208
25.11.2024;02:15;33,197
25.11.2024;02:30;33,186
25.11.2024;02:45;33,175
25.11.2024;03:00;33,164
25.11.2024;03:15;33,175
25.11.2024;03:30;33,186
25.11.2024;03:45;33,197
25.11.2024;04:00;33,208
25.11.2024;04:15;33,2365
25.11.2024;04:30;33,265
25.11.2024;04:45;33,2935
25.11.2024;05:00;33,322
25.11.2024;05:15;33,331250000000004
25.11.2024;05:30;33,340500000000006
25.11.2024;05:45;33,34975
25.11.2024;06:00;33,359
25.11.2024;06:15;34,71625
25.11.2024;06:30;36,073499999999996
25.11.2024;06:45;37,430749999999996
25.11.2024;07:00;38,788
25.11.2024;07:15;39,35375
25.11.2024;07:30;39,9195
25.11.2024;07:45;40,48525
25.11.2024;08:00;41,051
25.11.2024;08:15;40,79
25.11.2024;08:30;40,528999999999996
25.11.2024;08:45;40,268
25.11.2024;09:00;40,007
25.11.2024;09:15;39,406499999999994
25.11.2024;09:30;38,806
25.11.2024;09:45;38,2055
25.11.2024;10:00;37,605
25.11.2024;10:15;37,5755
25.11.2024;10:30;37,546
25.11.2024;10:45;37,5165
25.11.2024;11:00;37,487
25.11.2024;11:15;37,45275
25.11.2024;11:30;37,4185
25.11.2024;11:45;37,38425
25.11.2024;12:00;37,35
25.11.2024;12:15;37,779
25.11.2024;12:30;38,208
25.11.2024;12:45;38,637
25.11.2024;13:00;39,066
25.11.2024;13:15;39,33625
25.11.2024;13:30;39,6065
25.11.2024;13:45;39,87675
25.11.2024;14:00;40,147
25.11.2024;14:15;40,8225
25.11.2024;14:30;41,498
25.11.2024;14:45;42,1735
25.11.2024;15:00;42,849
25.11.2024;15:15;42,78874999999999
25.11.2024;15:30;42,7285
25.11.2024;15:45;42,66825
25.11.2024;16:00;42,608
25.11.2024;16:15;43,195499999999996
25.11.2024;16:30;43,783
25.11.2024;16:45;44,3705
25.11.2024;17:00;44,958
25.11.2024;17:15;45,256
25.11.2024;17:30;45,554
25.11.2024;17:45;45,852
25.11.2024;18:00;46,15
25.11.2024;18:15;45,9
25.11.2024;18:30;45,65
25.11.2024;18:45;45,4
25.11.2024;19:00;45,15
25.11.2024;19:15;44,56825
25.11.2024;19:30;43,9865
25.11.2024;19:45;43,40475
25.11.2024;20:00;42,823
25.11.2024;20:15;42,48625
25.11.2024;20:30;42,1495
25.11.2024;20:45;41,81275
25.11.2024;21:00;41,476
25.11.2024;21:15;41,601
25.11.2024;21:30;41,726
25.11.2024;21:45;41,851
25.11.2024;22:00;41,976
25.11.2024;22:15;41,54875
25.11.2024;22:30;41,1215
25.11.2024;22:45;40,694250000000004
25.11.2024;23:00;40,267
25.11.2024;23:15;40,776
25.11.2024;23:30;41,285
25.11.2024;23:45;41,794
26.11.2024;00:00;42,303
26.11.2024;00:15;42,0145
26.11.2024;00:30;41,726
26.11.2024;00:45;41,4375
26.11.2024;01:00;41,149
26.11.2024;01:15;41,14075
26.11.2024;01:30;41,1325
26.11.2024;01:45;41,12425
26.11.2024;02:00;41,116
26.11.2024;02:15;40,93825
26.11.2024;02:30;40,7605
26.11.2024;02:45;40,582750000000004
26.11.2024;03:00;40,405
26.11.2024;03:15;40,45925
26.11.2024;03:30;40,5135
26.11.2024;03:45;40,567750000000004
26.11.2024;04:00;40,622
26.11.2024;04:15;40,8605
26.11.2024;04:30;41,099000000000004
26.11.2024;04:45;41,3375
26.11.2024;05:00;41,576
26.11.2024;05:15;42,05575
26.11.2024;05:30;42,5355
26.11.2024;05:45;43,015249999999995
26.11.2024;06:00;43,495
26.11.2024;06:15;44,231249999999996
26.11.2024;06:30;44,9675
26.11.2024;06:45;45,70375
26.11.2024;07:00;46,44
26.11.2024;07:15;46,6135
26.11.2024;07:30;46,787
26.11.2024;07:45;46,960499999999996
26.11.2024;08:00;47,134
26.11.2024;08:15;46,86525
26.11.2024;08:30;46,5965
26.11.2024;08:45;46,327749999999995
26.11.2024;09:00;46,059
26.11.2024;09:15;45,684
26.11.2024;09:30;45,309
26.11.2024;09:45;44,934
26.11.2024;10:00;44,559
26.11.2024;10:15;44,25675
26.11.2024;10:30;43,954499999999996
26.11.2024;10:45;43,65225
26.11.2024;11:00;43,35
26.11.2024;11:15;43,1225
26.11.2024;11:30;42,894999999999996
26.11.2024;11:45;42,6675
26.11.2024;12:00;42,44
26.11.2024;12:15;42,71925
26.11.2024;12:30;42,9985
26.11.2024;12:45;43,27775
26.11.2024;13:00;43,557
26.11.2024;13:15;43,90775
26.11.2024;13:30;44,2585
26.11.2024;13:45;44,60925
26.11.2024;14:00;44,96
26.11.2024;14:15;45,15625
26.11.2024;14:30;45,3525
26.11.2024;14:45;45,54875
26.11.2024;15:00;45,745
26.11.2024;15:15;46,223749999999995
26.11.2024;15:30;46,7025
26.11.2024;15:45;47,18125
26.11.2024;16:00;47,66
26.11.2024;16:15;47,9705
26.11.2024;16:30;48,281
26.11.2024;16:45;48,591499999999996
26.11.2024;17:00;48,902
26.11.2024;17:15;49,03675
26.11.2024;17:30;49,1715
26.11.2024;17:45;49,306250000000006
26.11.2024;18:00;49,441
26.11.2024;18:15;49,25025
26.11.2024;18:30;49,0595
26.11.2024;18:45;48,86875
26.11.2024;19:00;48,678
26.11.2024;19:15;48,0055
26.11.2024;19:30;47,333
26.11.2024;19:45;46,6605
26.11.2024;20:00;45,988
26.11.2024;20:15;45,78425
26.11.2024;20:30;45,5805
26.11.2024;20:45;45,37675
26.11.2024;21:00;45,173
26.11.2024;21:15;45,2705
26.11.2024;21:30;45,368
26.11.2024;21:45;45,465500000000006
26.11.2024;22:00;45,563
26.11.2024;22:15;45,34325
26.11.2024;22:30;45,1235
26.11.2024;22:45;44,90375
26.11.2024;23:00;44,684
26.11.2024;23:15;44,468999999999994
26.11.2024;23:30;44,254
26.11.2024;23:45;44,039
27.11.2024;00:00;43,824
27.11.2024;00:15;43,8625
27.11.2024;00:30;43,900999999999996
27.11.2024;00:45;43,9395
27.11.2024;01:00;43,978
27.11.2024;01:15;44,071
27.11.2024;01:30;44,164
27.11.2024;01:45;44,257000000000005
27.11.2024;02:00;44,35
27.11.2024;02:15;44,3865
27.11.2024;02:30;44,423
27.11.2024;02:45;44,459500000000006
27.11.2024;03:00;44,496
27.11.2024;03:15;44,576
27.11.2024;03:30;44,656000000000006
27.11.2024;03:45;44,736000000000004
27.11.2024;04:00;44,816
27.11.2024;04:15;45,0475
27.11.2024;04:30;45,278999999999996
27.11.2024;04:45;45,5105
27.11.2024;05:00;45,742
27.11.2024;05:15;46,156499999999994
27.11.2024;05:30;46,571
27.11.2024;05:45;46,9855
27.11.2024;06:00;47,4
27.11.2024;06:15;47,8875
27.11.2024;06:30;48,375
27.11.2024;06:45;48,8625
27.11.2024;07:00;49,35
27.11.2024;07:15;49,971000000000004
27.11.2024;07:30;50,592
27.11.2024;07:45;51,213
27.11.2024;08:00;51,834
27.11.2024;08:15;51,324250000000006
27.11.2024;08:30;50,8145
27.11.2024;08:45;50,30475
27.11.2024;09:00;49,795
27.11.2024;09:15;49,511250000000004
27.11.2024;09:30;49,2275
27.11.2024;09:45;48,943749999999994
27.11.2024;10:00;48,66
27.11.2024;10:15;48,582499999999996
27.11.2024;10:30;48,504999999999995
27.11.2024;10:45;48,4275
27.11.2024;11:00;48,35
27.11.2024;11:15;48,2415
27.11.2024;11:30;48,132999999999996
27.11.2024;11:45;48,024499999999996
27.11.2024;12:00;47,916
27.11.2024;12:15;47,78675
27.11.2024;12:30;47,6575
27.11.2024;12:45;47,52825
27.11.2024;13:00;47,399
27.11.2024;13:15;47,139
27.11.2024;13:30;46,879000000000005
27.11.2024;13:45;46,619
27.11.2024;14:00;46,359
27.11.2024;14:15;46,39925
27.11.2024;14:30;46,4395
27.11.2024;14:45;46,47975
27.11.2024;15:00;46,52
27.11.2024;15:15;46,1665
27.11.2024;15:30;45,813
27.11.2024;15:45;45,459500000000006
27.11.2024;16:00;45,106
27.11.2024;16:15;44,923
27.11.2024;16:30;44,74
27.11.2024;16:45;44,557
27.11.2024;17:00;44,374
27.11.2024;17:15;44,425250000000005
27.11.2024;17:30;44,4765
27.11.2024;17:45;44,52775
27.11.2024;18:00;44,579
27.11.2024;18:15;44,317750000000004
27.11.2024;18:30;44,0565
27.11.2024;18:45;43,795249999999996
27.11.2024;19:00;43,534
27.11.2024;19:15;42,9415
27.11.2024;19:30;42,349000000000004
27.11.2024;19:45;41,7565
27.11.2024;20:00;41,164
27.11.2024;20:15;41,007000000000005
27.11.2024;20:30;40,85
27.11.2024;20:45;40,693
27.11.2024;21:00;40,536
27.11.2024;21:15;40,41575
27.11.2024;21:30;40,295500000000004
27.11.2024;21:45;40,17525
27.11.2024;22:00;40,055
27.11.2024;22:15;39,59825
27.11.2024;22:30;39,1415
27.11.2024;22:45;38,68475
27.11.2024;23:00;38,228
27.11.2024;23:15;38,23875
27.11.2024;23:30;38,2495
27.11.2024;23:45;38,26025
28.11.2024;00:00;38,271
28.11.2024;00:15;38,071
28.11.2024;00:30;37,870999999999995
28.11.2024;00:45;37,671
28.11.2024;01:00;37,471
28.11.2024;01:15;37,2645
28.11.2024;01:30;37,058
28.11.2024;01:45;36,8515
28.11.2024;02:00;36,645
28.11.2024;02:15;36,62325
28.11.2024;02:30;36,6015
28.11.2024;02:45;36,579750000000004
28.11.2024;03:00;36,558
28.11.2024;03:15;36,548249999999996
28.11.2024;03:30;36,5385
28.11.2024;03:45;36,52875
28.11.2024;04:00;36,519
28.11.2024;04:15;37,034
28.11.2024;04:30;37,549
28.11.2024;04:45;38,064
28.11.2024;05:00;38,579
28.11.2024;05:15;38,89625
28.11.2024;05:30;39,213499999999996
28.11.2024;05:45;39,53075
28.11.2024;06:00;39,848
28.11.2024;06:15;40,42675
28.11.2024;06:30;41,0055
28.11.2024;06:45;41,58425
28.11.2024;07:00;42,163
28.11.2024;07:15;42,644999999999996
28.11.2024;07:30;43,126999999999995
28.11.2024;07:45;43,609
28.11.2024;08:00;44,091
28.11.2024;08:15;44,091
28.11.2024;08:30;44,091
28.11.2024;08:45;44,091
28.11.2024;09:00;44,091
28.11.2024;09:15;43,70825
28.11.2024;09:30;43,325500000000005
28.11.2024;09:45;42,942750000000004
28.11.2024;10:00;42,56
28.11.2024;10:15;42,725
28.11.2024;10:30;42,89
28.11.2024;10:45;43,055
28.11.2024;11:00;43,22
28.11.2024;11:15;43,1565
28.11.2024;11:30;43,093
28.11.2024;11:45;43,0295
28.11.2024;12:00;42,966
28.11.2024;12:15;42,979
28.11.2024;12:30;42,992000000000004
28.11.2024;12:45;43,005
28.11.2024;13:00;43,018
28.11.2024;13:15;43,0475
28.11.2024;13:30;43,077
28.11.2024;13:45;43,106500000000004
28.11.2024;14:00;43,136
28.11.2024;14:15;43,47925
28.11.2024;14:30;43,822500000000005
28.11.2024;14:45;44,16575
28.11.2024;15:00;44,509
28.11.2024;15:15;45,03475
28.11.2024;15:30;45,560500000000005
28.11.2024;15:45;46,08625
28.11.2024;16:00;46,612
28.11.2024;16:15;47,02975
28.11.2024;16:30;47,447500000000005
28.11.2024;16:45;47,86525
28.11.2024;17:00;48,283
28.11.2024;17:15;48,5055
28.11.2024;17:30;48,728
28.11.2024;17:45;48,950500000000005
28.11.2024;18:00;49,173
28.11.2024;18:15;49,065
28.11.2024;18:30;48,957
28.11.2024;18:45;48,849000000000004
28.11.2024;19:00;48,741
28.11.2024;19:15;48,4925
28.11.2024;19:30;48,244
28.11.2024;19:45;47,9955
28.11.2024;20:00;47,747
28.11.2024;20:15;47,46
28.11.2024;20:30;47,173
28.11.2024;20:45;46,885999999999996
28.11.2024;21:00;46,599
28.11.2024;21:15;46,34075
28.11.2024;21:30;46,082499999999996
28.11.2024;21:45;45,82425
28.11.2024;22:00;45,566
28.11.2024;22:15;45,327
28.11.2024;22:30;45,088
28.11.2024;22:45;44,849000000000004
28.11.2024;23:00;44,61
28.11.2024;23:15;44,5525
28.11.2024;23:30;44,495000000000005
28.11.2024;23:45;44,4375
29.11.2024;00:00;44,38
29.11.2024;00:15;44,29775
29.11.2024;00:30;44,215500000000006
29.11.2024;00:45;44,133250000000004
29.11.2024;01:00;44,051
29.11.2024;01:15;43,962500000000006
29.11.2024;01:30;43,874
29.11.2024;01:45;43,7855
29.11.2024;02:00;43,697
29.11.2024;02:15;43,68025
29.11.2024;02:30;43,6635
29.11.2024;02:45;43,646750000000004
29.11.2024;03:00;43,63
29.11.2024;03:15;43,6925
29.11.2024;03:30;43,755
29.11.2024;03:45;43,8175
29.11.2024;04:00;43,88
29.11.2024;04:15;44,1295
29.11.2024;04:30;44,379000000000005
29.11.2024;04:45;44,6285
29.11.2024;05:00;44,878
29.11.2024;05:15;45,6235
29.11.2024;05:30;46,369
29.11.2024;05:45;47,1145
29.11.2024;06:00;47,86
29.11.2024;06:15;48,4645
29.11.2024;06:30;49,069
29.11.2024;06:45;49,6735
29.11.2024;07:00;50,278
29.11.2024;07:15;50,57975
29.11.2024;07:30;50,8815
29.11.2024;07:45;51,18325
29.11.2024;08:00;51,485
29.11.2024;08:15;51,0135
29.11.2024;08:30;50,542
29.11.2024;08:45;50,070499999999996
29.11.2024;09:00;49,599
29.11.2024;09:15;49,111999999999995
29.11.2024;09:30;48,625
29.11.2024;09:45;48,138000000000005
29.11.2024;10:00;47,651
29.11.2024;10:15;47,48575
29.11.2024;10:30;47,3205
29.11.2024;10:45;47,15525
29.11.2024;11:00;46,99
29.11.2024;11:15;46,74475
29.11.2024;11:30;46,4995
29.11.2024;11:45;46,25425
29.11.2024;12:00;46,009
29.11.2024;12:15;45,83175
29.11.2024;12:30;45,6545
29.11.2024;12:45;45,47725
29.11.2024;13:00;45,3
29.11.2024;13:15;45,552
29.11.2024;13:30;45,804
29.11.2024;13:45;46,056
29.11.2024;14:00;46,308
29.11.2024;14:15;46,594
29.11.2024;14:30;46,879999999999995
29.11.2024;14:45;47,166
29.11.2024;15:00;47,452
29.11.2024;15:15;47,726749999999996
29.11.2024;15:30;48,0015
29.11.2024;15:45;48,276250000000005
29.11.2024;16:00;48,551
29.11.2024;16:15;48,51175
29.11.2024;16:30;48,4725
29.11.2024;16:45;48,43325
29.11.2024;17:00;48,394
29.11.2024;17:15;48,183749999999996
29.11.2024;17:30;47,9735
29.11.2024;17:45;47,76325
29.11.2024;18:00;47,553
29.11.2024;18:15;47,272499999999994
29.11.2024;18:30;46,992
29.11.2024;18:45;46,7115
29.11.2024;19:00;46,431
29.11.2024;19:15;46,158249999999995
29.11.2024;19:30;45,8855
29.11.2024;19:45;45,612750000000005
29.11.2024;20:00;45,34
29.11.2024;20:15;45,22
29.11.2024;20:30;45,1
29.11.2024;20:45;44,980000000000004
29.11.2024;21:00;44,86
29.11.2024;21:15;44,82575
29.11.2024;21:30;44,7915
29.11.2024;21:45;44,75725
29.11.2024;22:00;44,723
29.11.2024;22:15;44,466
29.11.2024;22:30;44,209
29.11.2024;22:45;43,952
29.11.2024;23:00;43,695
29.11.2024;23:15;43,579499999999996
29.11.2024;23:30;43,464
29.11.2024;23:45;43,3485
30.11.2024;00:00;43,233
30.11.2024;00:15;43,06225
30.11.2024;00:30;42,89149999999999
30.11.2024;00:45;42,720749999999995
30.11.2024;01:00;42,55
30.11.2024;01:15;42,49225
30.11.2024;01:30;42,4345
30.11.2024;01:45;42,37675
30.11.2024;02:00;42,319
30.11.2024;02:15;42,24925
30.11.2024;02:30;42,179500000000004
30.11.2024;02:45;42,10975
30.11.2024;03:00;42,04
30.11.2024;03:15;42,072
30.11.2024;03:30;42,104
30.11.2024;03:45;42,135999999999996
30.11.2024;04:00;42,168
30.11.2024;04:15;42,218
30.11.2024;04:30;42,268
30.11.2024;04:45;42,318
30.11.2024;05:00;42,368
30.11.2024;05:15;42,336
30.11.2024;05:30;42,304
30.11.2024;05:45;42,272000000000006
30.11.2024;06:00;42,24
30.11.2024;06:15;42,594
30.11.2024;06:30;42,948
30.11.2024;06:45;43,302
30.11.2024;07:00;43,656
30.11.2024;07:15;43,76425
30.11.2024;07:30;43,8725
30.11.2024;07:45;43,98075
30.11.2024;08:00;44,089
30.11.2024;08:15;43,683499999999995
30.11.2024;08:30;43,278
30.11.2024;08:45;42,8725
30.11.2024;09:00;42,467
30.11.2024;09:15;42,31775
30.11.2024;09:30;42,168499999999995
30.11.2024;09:45;42,01925
30.11.2024;10:00;41,87
30.11.2024;10:15;41,893
30.11.2024;10:30;41,916
30.11.2024;10:45;41,939
30.11.2024;11:00;41,962
30.11.2024;11:15;42,0015
30.11.2024;11:30;42,041
30.11.2024;11:45;42,0805
30.11.2024;12:00;42,12
30.11.2024;12:15;42,17825
30.11.2024;12:30;42,2365
30.11.2024;12:45;42,29475
30.11.2024;13:00;42,353
30.11.2024;13:15;42,436
30.11.2024;13:30;42,519000000000005
30.11.2024;13:45;42,602000000000004
30.11.2024;14:00;42,685
30.11.2024;14:15;43,45975
30.11.2024;14:30;44,2345
30.11.2024;14:45;45,00925
30.11.2024;15:00;45,784
30.11.2024;15:15;45,997749999999996
30.11.2024;15:30;46,2115
30.11.2024;15:45;46,425250000000005
30.11.2024;16:00;46,639
30.11.2024;16:15;46,74025
30.11.2024;16:30;46,841499999999996
30.11.2024;16:45;46,94275
30.11.2024;17:00;47,044
30.11.2024;17:15;47,018
30.11.2024;17:30;46,992
30.11.2024;17:45;46,965999999999994
30.11.2024;18:00;46,94
30.11.2024;18:15;46,841499999999996
30.11.2024;18:30;46,742999999999995
30.11.2024;18:45;46,6445
30.11.2024;19:00;46,546
30.11.2024;19:15;46,35975
30.11.2024;19:30;46,173500000000004
30.11.2024;19:45;45,98725
30.11.2024;20:00;45,801
30.11.2024;20:15;45,56525
30.11.2024;20:30;45,329499999999996
30.11.2024;20:45;45,09375
30.11.2024;21:00;44,858
30.11.2024;21:15;44,8505
30.11.2024;21:30;44,843
30.11.2024;21:45;44,8355
30.11.2024;22:00;44,828
30.11.2024;22:15;44,62525
30.11.2024;22:30;44,4225
30.11.2024;22:45;44,219750000000005
30.11.2024;23:00;44,017
30.11.2024;23:15;43,841750000000005
30.11.2024;23:30;43,6665
30.11.2024;23:45;43,49125
01.12.2024;00:00;43,316
01.12.2024;00:15;43,07475
01.12.2024;00:30;42,8335
01.12.2024;00:45;42,59225
01.12.2024;01:00;42,351
01.12.2024;01:15;42,304249999999996
01.12.2024;01:30;42,2575
01.12.2024;01:45;42,210750000000004
01.12.2024;02:00;42,164
01.12.2024;02:15;42,103
01.12.2024;02:30;42,042
01.12.2024;02:45;41,981
01.12.2024;03:00;41,92
01.12.2024;03:15;41,8975
01.12.2024;03:30;41,875
01.12.2024;03:45;41,8525
01.12.2024;04:00;41,83
01.12.2024;04:15;41,842749999999995
01.12.2024;04:30;41,8555
01.12.2024;04:45;41,86825
01.12.2024;05:00;41,881
01.12.2024;05:15;41,859
01.12.2024;05:30;41,837
01.12.2024;05:45;41,815
01.12.2024;06:00;41,793
01.12.2024;06:15;41,9315
01.12.2024;06:30;42,07
01.12.2024;06:45;42,2085
01.12.2024;07:00;42,347
01.12.2024;07:15;42,588750000000005
01.12.2024;07:30;42,8305
01.12.2024;07:45;43,07225
01.12.2024;08:00;43,314
01.12.2024;08:15;43,188
01.12.2024;08:30;43,062
01.12.2024;08:45;42,936
01.12.2024;09:00;42,81
01.12.2024;09:15;42,6775
01.12.2024;09:30;42,545
01.12.2024;09:45;42,4125
01.12.2024;10:00;42,28
01.12.2024;10:15;42,107
01.12.2024;10:30;41,934
01.12.2024;10:45;41,761
01.12.2024;11:00;41,588
01.12.2024;11:15;41,65975
01.12.2024;11:30;41,7315
01.12.2024;11:45;41,80325
01.12.2024;12:00;41,875
01.12.2024;12:15;41,820750000000004
01.12.2024;12:30;41,7665
01.12.2024;12:45;41,71225
01.12.2024;13:00;41,658
01.12.2024;13:15;41,84625
01.12.2024;13:30;42,0345
01.12.2024;13:45;42,222750000000005
01.12.2024;14:00;42,411
01.12.2024;14:15;42,86125
01.12.2024;14:30;43,3115
01.12.2024;14:45;43,761750000000006
01.12.2024;15:00;44,212
01.12.2024;15:15;44,53475
01.12.2024;15:30;44,8575
01.12.2024;15:45;45,18025
01.12.2024;16:00;45,503
01.12.2024;16:15;45,409
01.12.2024;16:30;45,315
01.12.2024;16:45;45,221000000000004
01.12.2024;17:00;45,127
01.12.2024;17:15;45,2205
01.12.2024;17:30;45,314
01.12.2024;17:45;45,4075
01.12.2024;18:00;45,501
01.12.2024;18:15;45,218999999999994
01.12.2024;18:30;44,937
01.12.2024;18:45;44,655
01.12.2024;19:00;44,373
01.12.2024;19:15;43,900999999999996
01.12.2024;19:30;43,429
01.12.2024;19:45;42,957
01.12.2024;20:00;42,485
01.12.2024;20:15;42,310249999999996
01.12.2024;20:30;42,1355
01.12.2024;20:45;41,960750000000004
01.12.2024;21:00;41,786
01.12.2024;21:15;42,1015
01.12.2024;21:30;42,417
01.12.2024;21:45;42,7325
01.12.2024;22:00;43,048
01.12.2024;22:15;42,7485
01.12.2024;22:30;42,449
01.12.2024;22:45;42,1495
01.12.2024;23:00;41,85
01.12.2024;23:15;41,59425
01.12.2024;23:30;41,338499999999996
01.12.2024;23:45;41,08275
02.12.2024;00:00;40,827
02.12.2024;00:15;40,60225
02.12.2024;00:30;40,3775
02.12.2024;00:45;40,15275
02.12.2024;01:00;39,928
02.12.2024;01:15;39,812749999999994
02.12.2024;01:30;39,6975
02.12.2024;01:45;39,58225
02.12.2024;02:00;39,467
02.12.2024;02:15;39,098749999999995
02.12.2024;02:30;38,7305
02.12.2024;02:45;38,36225
02.12.2024;03:00;37,994
02.12.2024;03:15;38,08825
02.12.2024;03:30;38,182500000000005
02.12.2024;03:45;38,27675
02.12.2024;04:00;38,371
02.12.2024;04:15;38,854
02.12.2024;04:30;39,337
02.12.2024;04:45;39,82
02.12.2024;05:00;40,303
02.12.2024;05:15;40,866749999999996
02.12.2024;05:30;41,430499999999995
02.12.2024;05:45;41,99425
02.12.2024;06:00;42,558
02.12.2024;06:15;43,38725
02.12.2024;06:30;44,216499999999996
02.12.2024;06:45;45,04575
02.12.2024;07:00;45,875
02.12.2024;07:15;45,87375
02.12.2024;07:30;45,8725
02.12.2024;07:45;45,871249999999996
02.12.2024;08:00;45,87
02.12.2024;08:15;45,830749999999995
02.12.2024;08:30;45,7915
02.12.2024;08:45;45,752250000000004
02.12.2024;09:00;45,713
02.12.2024;09:15;45,653999999999996
02.12.2024;09:30;45,595
02.12.2024;09:45;45,536
02.12.2024;10:00;45,477
02.12.2024;10:15;45,34025
02.12.2024;10:30;45,2035
02.12.2024;10:45;45,06675
02.12.2024;11:00;44,93
02.12.2024;11:15;44,91225
02.12.2024;11:30;44,8945
02.12.2024;11:45;44,87675
02.12.2024;12:00;44,859
02.12.2024;12:15;45,17175
02.12.2024;12:30;45,4845
02.12.2024;12:45;45,79725
02.12.2024;13:00;46,11
02.12.2024;13:15;46,338499999999996
02.12.2024;13:30;46,567
02.12.2024;13:45;46,795500000000004
02.12.2024;14:00;47,024
02.12.2024;14:15;47,2065
02.12.2024;14:30;47,388999999999996
02.12.2024;14:45;47,5715
02.12.2024;15:00;47,754
02.12.2024;15:15;47,77175
02.12.2024;15:30;47,789500000000004
02.12.2024;15:45;47,80725
02.12.2024;16:00;47,825
02.12.2024;16:15;47,898250000000004
02.12.2024;16:30;47,971500000000006
02.12.2024;16:45;48,04475
02.12.2024;17:00;48,118
02.12.2024;17:15;48,1235
02.12.2024;17:30;48,129000000000005
02.12.2024;17:45;48,1345
02.12.2024;18:00;48,14
02.12.2024;18:15;47,8925
02.12.2024;18:30;47,644999999999996
02.12.2024;18:45;47,3975
02.12.2024;19:00;47,15
02.12.2024;19:15;46,70025
02.12.2024;19:30;46,2505
02.12.2024;19:45;45,80075
02.12.2024;20:00;45,351
02.12.2024;20:15;45,16775
02.12.2024;20:30;44,9845
02.12.2024;20:45;44,80125
02.12.2024;21:00;44,618
02.12.2024;21:15;44,594
02.12.2024;21:30;44,57
02.12.2024;21:45;44,546
02.12.2024;22:00;44,522
02.12.2024;22:15;44,28425
02.12.2024;22:30;44,046499999999995
02.12.2024;22:45;43,808749999999996
02.12.2024;23:00;43,571
02.12.2024;23:15;43,784
02.12.2024;23:30;43,997
02.12.2024;23:45;44,21
03.12.2024;00:00;44,423
03.12.2024;00:15;44,231
03.12.2024;00:30;44,039
03.12.2024;00:45;43,847
03.12.2024;01:00;43,655
03.12.2024;01:15;43,48575
03.12.2024;01:30;43,316500000000005
03.12.2024;01:45;43,14725
03.12.2024;02:00;42,978
03.12.2024;02:15;42,9015
03.12.2024;02:30;42,825
03.12.2024;02:45;42,7485
03.12.2024;03:00;42,672
03.12.2024;03:15;42,8535
03.12.2024;03:30;43,035
03.12.2024;03:45;43,2165
03.12.2024;04:00;43,398
03.12.2024;04:15;43,58825
03.12.2024;04:30;43,7785
03.12.2024;04:45;43,96875
03.12.2024;05:00;44,159
03.12.2024;05:15;44,50075
03.12.2024;05:30;44,8425
03.12.2024;05:45;45,184250000000006
03.12.2024;06:00;45,526
03.12.2024;06:15;46,04175
03.12.2024;06:30;46,557500000000005
03.12.2024;06:45;47,07325
03.12.2024;07:00;47,589
03.12.2024;07:15;47,89475
03.12.2024;07:30;48,2005
03.12.2024;07:45;48,506249999999994
03.12.2024;08:00;48,812
03.12.2024;08:15;48,69875
03.12.2024;08:30;48,585499999999996
03.12.2024;08:45;48,47225
03.12.2024;09:00;48,359
03.12.2024;09:15;48,141000000000005
03.12.2024;09:30;47,923
03.12.2024;09:45;47,705
03.12.2024;10:00;47,487
03.12.2024;10:15;47,4335
03.12.2024;10:30;47,38
03.12.2024;10:45;47,3265
03.12.2024;11:00;47,273
03.12.2024;11:15;47,18275
03.12.2024;11:30;47,0925
03.12.2024;11:45;47,002250000000004
03.12.2024;12:00;46,912
03.12.2024;12:15;47,08175
03.12.2024;12:30;47,2515
03.12.2024;12:45;47,42125
03.12.2024;13:00;47,591
03.12.2024;13:15;47,78125
03.12.2024;13:30;47,9715
03.12.2024;13:45;48,16175
03.12.2024;14:00;48,352
03.12.2024;14:15;48,824999999999996
03.12.2024;14:30;49,298
03.12.2024;14:45;49,771
03.12.2024;15:00;50,244
03.12.2024;15:15;51,15
03.12.2024;15:30;52,056
03.12.2024;15:45;52,962
03.12.2024;16:00;53,868
03.12.2024;16:15;53,9885
03.12.2024;16:30;54,109
03.12.2024;16:45;54,2295
03.12.2024;17:00;54,35
03.12.2024;17:15;54,047
03.12.2024;17:30;53,744
03.12.2024;17:45;53,441
03.12.2024;18:00;53,138
03.12.2024;18:15;52,936749999999996
03.12.2024;18:30;52,7355
03.12.2024;18:45;52,53425
03.12.2024;19:00;52,333
03.12.2024;19:15;51,83825
03.12.2024;19:30;51,3435
03.12.2024;19:45;50,848749999999995
03.12.2024;20:00;50,354
03.12.2024;20:15;49,94325
03.12.2024;20:30;49,5325
03.12.2024;20:45;49,12175
03.12.2024;21:00;48,711
03.12.2024;21:15;48,42275
03.12.2024;21:30;48,1345
03.12.2024;21:45;47,84625
03.12.2024;22:00;47,558
03.12.2024;22:15;47,27625
03.12.2024;22:30;46,9945
03.12.2024;22:45;46,71275
03.12.2024;23:00;46,431
03.12.2024;23:15;46,1855
03.12.2024;23:30;45,94
03.12.2024;23:45;45,6945
04.12.2024;00:00;45,449
04.12.2024;00:15;45,34075
04.12.2024;00:30;45,2325
04.12.2024;00:45;45,124249999999996
04.12.2024;01:00;45,016
04.12.2024;01:15;44,91925
04.12.2024;01:30;44,8225
04.12.2024;01:45;44,72575
04.12.2024;02:00;44,629
04.12.2024;02:15;44,564
04.12.2024;02:30;44,498999999999995
04.12.2024;02:45;44,434
04.12.2024;03:00;44,369
04.12.2024;03:15;44,42075
04.12.2024;03:30;44,4725
04.12.2024;03:45;44,52425
04.12.2024;04:00;44,576
04.12.2024;04:15;44,79225
04.12.2024;04:30;45,0085
04.12.2024;04:45;45,22475
04.12.2024;05:00;45,441
04.12.2024;05:15;46,04825
04.12.2024;05:30;46,6555
04.12.2024;05:45;47,26275
04.12.2024;06:00;47,87
04.12.2024;06:15;49,483999999999995
04.12.2024;06:30;51,098
04.12.2024;06:45;52,712
04.12.2024;07:00;54,326
04.12.2024;07:15;55,9985
04.12.2024;07:30;57,671
04.12.2024;07:45;59,3435
04.12.2024;08:00;61,016
04.12.2024;08:15;60,3685
04.12.2024;08:30;59,721000000000004
04.12.2024;08:45;59,0735
04.12.2024;09:00;58,426
04.12.2024;09:15;57,46225
04.12.2024;09:30;56,4985
04.12.2024;09:45;55,53475
04.12.2024;10:00;54,571
04.12.2024;10:15;54,2395
04.12.2024;10:30;53,908
04.12.2024;10:45;53,576499999999996
04.12.2024;11:00;53,245
04.12.2024;11:15;53,0775
04.12.2024;11:30;52,91
04.12.2024;11:45;52,7425
04.12.2024;12:00;52,575
04.12.2024;12:15;52,764250000000004
04.12.2024;12:30;52,953500000000005
04.12.2024;12:45;53,14275
04.12.2024;13:00;53,332
04.12.2024;13:15;53,7975
04.12.2024;13:30;54,263000000000005
04.12.2024;13:45;54,728500000000004
04.12.2024;14:00;55,194
04.12.2024;14:15;55,80475
04.12.2024;14:30;56,4155
04.12.2024;14:45;57,026250000000005
04.12.2024;15:00;57,637
04.12.2024;15:15;58,249
04.12.2024;15:30;58,861000000000004
04.12.2024;15:45;59,473
04.12.2024;16:00;60,085
04.12.2024;16:15;60,59525
04.12.2024;16:30;61,1055
04.12.2024;16:45;61,61575
04.12.2024;17:00;62,126
04.12.2024;17:15;60,6875
04.12.2024;17:30;59,248999999999995
04.12.2024;17:45;57,8105
04.12.2024;18:00;56,372
04.12.2024;18:15;55,55625
04.12.2024;18:30;54,7405
04.12.2024;18:45;53,92475
04.12.2024;19:00;53,109
04.12.2024;19:15;52,31125
04.12.2024;19:30;51,5135
04.12.2024;19:45;50,71575
04.12.2024;20:00;49,918
04.12.2024;20:15;49,4845
04.12.2024;20:30;49,051
04.12.2024;20:45;48,6175
04.12.2024;21:00;48,184
04.12.2024;21:15;47,683749999999996
04.12.2024;21:30;47,183499999999995
04.12.2024;21:45;46,68325
04.12.2024;22:00;46,183
04.12.2024;22:15;45,8065
04.12.2024;22:30;45,43
04.12.2024;22:45;45,0535
04.12.2024;23:00;44,677
04.12.2024;23:15;44,7145
04.12.2024;23:30;44,751999999999995
04.12.2024;23:45;44,7895
05.12.2024;00:00;44,827
05.12.2024;00:15;44,60125
05.12.2024;00:30;44,3755
05.12.2024;00:45;44,14975
05.12.2024;01:00;43,924
05.12.2024;01:15;43,86225
05.12.2024;01:30;43,8005
05.12.2024;01:45;43,738749999999996
05.12.2024;02:00;43,677
05.12.2024;02:15;43,70775
05.12.2024;02:30;43,7385
05.12.2024;02:45;43,76925
05.12.2024;03:00;43,8
05.12.2024;03:15;43,76925
05.12.2024;03:30;43,7385
05.12.2024;03:45;43,70775
05.12.2024;04:00;43,677
05.12.2024;04:15;43,69825
05.12.2024;04:30;43,7195
05.12.2024;04:45;43,74075
05.12.2024;05:00;43,762
05.12.2024;05:15;44,556
05.12.2024;05:30;45,35
05.12.2024;05:45;46,144000000000005
05.12.2024;06:00;46,938
05.12.2024;06:15;47,1295
05.12.2024;06:30;47,321
05.12.2024;06:45;47,5125
05.12.2024;07:00;47,704
05.12.2024;07:15;47,64775
05.12.2024;07:30;47,591499999999996
05.12.2024;07:45;47,53525
05.12.2024;08:00;47,479
05.12.2024;08:15;47,24125
05.12.2024;08:30;47,0035
05.12.2024;08:45;46,76575
05.12.2024;09:00;46,528
05.12.2024;09:15;46,3565
05.12.2024;09:30;46,185
05.12.2024;09:45;46,0135
05.12.2024;10:00;45,842
05.12.2024;10:15;45,40175
05.12.2024;10:30;44,9615
05.12.2024;10:45;44,52125
05.12.2024;11:00;44,081
05.12.2024;11:15;43,965
05.12.2024;11:30;43,849000000000004
05.12.2024;11:45;43,733
05.12.2024;12:00;43,617
05.12.2024;12:15;43,6235
05.12.2024;12:30;43,629999999999995
05.12.2024;12:45;43,6365
05.12.2024;13:00;43,643
05.12.2024;13:15;43,642
05.12.2024;13:30;43,641000000000005
05.12.2024;13:45;43,64
05.12.2024;14:00;43,639
05.12.2024;14:15;43,5885
05.12.2024;14:30;43,538
05.12.2024;14:45;43,4875
05.12.2024;15:00;43,437
05.12.2024;15:15;43,452749999999995
05.12.2024;15:30;43,4685
05.12.2024;15:45;43,48425
05.12.2024;16:00;43,5
05.12.2024;16:15;43,920249999999996
05.12.2024;16:30;44,3405
05.12.2024;16:45;44,76075
05.12.2024;17:00;45,181
05.12.2024;17:15;45,027249999999995
05.12.2024;17:30;44,8735
05.12.2024;17:45;44,719750000000005
05.12.2024;18:00;44,566
05.12.2024;18:15;44,396
05.12.2024;18:30;44,226
05.12.2024;18:45;44,056000000000004
05.12.2024;19:00;43,886
05.12.2024;19:15;43,43025
05.12.2024;19:30;42,974500000000006
05.12.2024;19:45;42,518750000000004
05.12.2024;20:00;42,063
05.12.2024;20:15;41,81725
05.12.2024;20:30;41,5715
05.12.2024;20:45;41,32575
05.12.2024;21:00;41,08
05.12.2024;21:15;41,00175
05.12.2024;21:30;40,923500000000004
05.12.2024;21:45;40,84525
05.12.2024;22:00;40,767
05.12.2024;22:15;39,99125
05.12.2024;22:30;39,215500000000006
05.12.2024;22:45;38,439750000000004
05.12.2024;23:00;37,664
05.12.2024;23:15;36,8515
05.12.2024;23:30;36,039
05.12.2024;23:45;35,2265
06.12.2024;00:00;34,414
06.12.2024;00:15;34,263000000000005
06.12.2024;00:30;34,112
06.12.2024;00:45;33,961
06.12.2024;01:00;33,81
06.12.2024;01:15;33,79175
06.12.2024;01:30;33,7735
06.12.2024;01:45;33,755250000000004
06.12.2024;02:00;33,737
06.12.2024;02:15;33,698
06.12.2024;02:30;33,659000000000006
06.12.2024;02:45;33,620000000000005
06.12.2024;03:00;33,581
06.12.2024;03:15;33,598
06.12.2024;03:30;33,615
06.12.2024;03:45;33,632000000000005
06.12.2024;04:00;33,649
06.12.2024;04:15;33,833
06.12.2024;04:30;34,016999999999996
06.12.2024;04:45;34,201
06.12.2024;05:00;34,385
06.12.2024;05:15;35,713499999999996
06.12.2024;05:30;37,042
06.12.2024;05:45;38,3705
06.12.2024;06:00;39,699
06.12.2024;06:15;40,4295
06.12.2024;06:30;41,16
06.12.2024;06:45;41,8905
06.12.2024;07:00;42,621
06.12.2024;07:15;43,057500000000005
06.12.2024;07:30;43,494
06.12.2024;07:45;43,930499999999995
06.12.2024;08:00;44,367
06.12.2024;08:15;44,366749999999996
06.12.2024;08:30;44,3665
06.12.2024;08:45;44,36625
06.12.2024;09:00;44,366
06.12.2024;09:15;44,214
06.12.2024;09:30;44,062
06.12.2024;09:45;43,910000000000004
06.12.2024;10:00;43,758
06.12.2024;10:15;43,61525
06.12.2024;10:30;43,4725
06.12.2024;10:45;43,32975
06.12.2024;11:00;43,187
06.12.2024;11:15;43,02525
06.12.2024;11:30;42,8635
06.12.2024;11:45;42,70175
06.12.2024;12:00;42,54
06.12.2024;12:15;42,76
06.12.2024;12:30;42,980000000000004
06.12.2024;12:45;43,2
06.12.2024;13:00;43,42
06.12.2024;13:15;43,6275
06.12.2024;13:30;43,835
06.12.2024;13:45;44,042500000000004
06.12.2024;14:00;44,25
06.12.2024;14:15;44,448
06.12.2024;14:30;44,646
06.12.2024;14:45;44,844
06.12.2024;15:00;45,042
06.12.2024;15:15;45,40775
06.12.2024;15:30;45,7735
06.12.2024;15:45;46,139250000000004
06.12.2024;16:00;46,505
06.12.2024;16:15;46,791000000000004
06.12.2024;16:30;47,077
06.12.2024;16:45;47,363
06.12.2024;17:00;47,649
06.12.2024;17:15;47,851
06.12.2024;17:30;48,053
06.12.2024;17:45;48,255
06.12.2024;18:00;48,457
06.12.2024;18:15;48,24225
06.12.2024;18:30;48,0275
06.12.2024;18:45;47,81275
06.12.2024;19:00;47,598
06.12.2024;19:15;47,286
06.12.2024;19:30;46,974000000000004
06.12.2024;19:45;46,662
06.12.2024;20:00;46,35
06.12.2024;20:15;46,0855
06.12.2024;20:30;45,821
06.12.2024;20:45;45,5565
06.12.2024;21:00;45,292
06.12.2024;21:15;45,3335
06.12.2024;21:30;45,375
06.12.2024;21:45;45,4165
06.12.2024;22:00;45,458
06.12.2024;22:15;44,9845
06.12.2024;22:30;44,510999999999996
06.12.2024;22:45;44,0375
06.12.2024;23:00;43,564
06.12.2024;23:15;43,17675
06.12.2024;23:30;42,789500000000004
06.12.2024;23:45;42,40225
07.12.2024;00:00;42,015
07.12.2024;00:15;41,70675
07.12.2024;00:30;41,3985
07.12.2024;00:45;41,09025
07.12.2024;01:00;40,782
07.12.2024;01:15;40,623999999999995
07.12.2024;01:30;40,465999999999994
07.12.2024;01:45;40,308
07.12.2024;02:00;40,15
07.12.2024;02:15;40,04675
07.12.2024;02:30;39,9435
07.12.2024;02:45;39,84025
07.12.2024;03:00;39,737
07.12.2024;03:15;39,5925
07.12.2024;03:30;39,448
07.12.2024;03:45;39,3035
07.12.2024;04:00;39,159
07.12.2024;04:15;38,96075
07.12.2024;04:30;38,7625
07.12.2024;04:45;38,56425
07.12.2024;05:00;38,366
07.12.2024;05:15;38,0985
07.12.2024;05:30;37,831
07.12.2024;05:45;37,5635
07.12.2024;06:00;37,296
07.12.2024;06:15;37,3915
07.12.2024;06:30;37,486999999999995
07.12.2024;06:45;37,582499999999996
07.12.2024;07:00;37,678
07.12.2024;07:15;38,0475
07.12.2024;07:30;38,417
07.12.2024;07:45;38,7865
07.12.2024;08:00;39,156
07.12.2024;08:15;39,275999999999996
07.12.2024;08:30;39,396
07.12.2024;08:45;39,516000000000005
07.12.2024;09:00;39,636
07.12.2024;09:15;39,6875
07.12.2024;09:30;39,739000000000004
07.12.2024;09:45;39,7905
07.12.2024;10:00;39,842
07.12.2024;10:15;39,842
07.12.2024;10:30;39,842
07.12.2024;10:45;39,842
07.12.2024;11:00;39,842
07.12.2024;11:15;39,919
07.12.2024;11:30;39,995999999999995
07.12.2024;11:45;40,073
07.12.2024;12:00;40,15
07.12.2024;12:15;40,271
07.12.2024;12:30;40,391999999999996
07.12.2024;12:45;40,513
07.12.2024;13:00;40,634
07.12.2024;13:15;40,669
07.12.2024;13:30;40,704
07.12.2024;13:45;40,739000000000004
07.12.2024;14:00;40,774
07.12.2024;14:15;40,9805
07.12.2024;14:30;41,187
07.12.2024;14:45;41,3935
07.12.2024;15:00;41,6
07.12.2024;15:15;41,948750000000004
07.12.2024;15:30;42,2975
07.12.2024;15:45;42,646249999999995
07.12.2024;16:00;42,995
07.12.2024;16:15;42,98375
07.12.2024;16:30;42,9725
07.12.2024;16:45;42,96125
07.12.2024;17:00;42,95
07.12.2024;17:15;42,748000000000005
07.12.2024;17:30;42,54600000000001
07.12.2024;17:45;42,344
07.12.2024;18:00;42,142
07.12.2024;18:15;42,00425
07.12.2024;18:30;41,8665
07.12.2024;18:45;41,728750000000005
07.12.2024;19:00;41,591
07.12.2024;19:15;41,50375
07.12.2024;19:30;41,4165
07.12.2024;19:45;41,32925
07.12.2024;20:00;41,242
07.12.2024;20:15;41,39475
07.12.2024;20:30;41,5475
07.12.2024;20:45;41,70025
07.12.2024;21:00;41,853
07.12.2024;21:15;41,78975
07.12.2024;21:30;41,7265
07.12.2024;21:45;41,663250000000005
07.12.2024;22:00;41,6
07.12.2024;22:15;41,4075
07.12.2024;22:30;41,215
07.12.2024;22:45;41,0225
07.12.2024;23:00;40,83
07.12.2024;23:15;41,30775
07.12.2024;23:30;41,7855
07.12.2024;23:45;42,26325
08.12.2024;00:00;42,741
08.12.2024;00:15;42,564
08.12.2024;00:30;42,387
08.12.2024;00:45;42,21
08.12.2024;01:00;42,033
08.12.2024;01:15;42,0305
08.12.2024;01:30;42,028000000000006
08.12.2024;01:45;42,0255
08.12.2024;02:00;42,023
08.12.2024;02:15;41,953500000000005
08.12.2024;02:30;41,884
08.12.2024;02:45;41,814499999999995
08.12.2024;03:00;41,745
08.12.2024;03:15;41,75725
08.12.2024;03:30;41,769499999999994
08.12.2024;03:45;41,781749999999995
08.12.2024;04:00;41,794
08.12.2024;04:15;41,96125
08.12.2024;04:30;42,1285
08.12.2024;04:45;42,29575
08.12.2024;05:00;42,463
08.12.2024;05:15;42,466
08.12.2024;05:30;42,469
08.12.2024;05:45;42,472
08.12.2024;06:00;42,475
08.12.2024;06:15;42,476
08.12.2024;06:30;42,477000000000004
08.12.2024;06:45;42,478
08.12.2024;07:00;42,479
08.12.2024;07:15;42,717749999999995
08.12.2024;07:30;42,9565
08.12.2024;07:45;43,19525
08.12.2024;08:00;43,434
08.12.2024;08:15;43,647999999999996
08.12.2024;08:30;43,861999999999995
08.12.2024;08:45;44,076
08.12.2024;09:00;44,29
08.12.2024;09:15;44,326
08.12.2024;09:30;44,361999999999995
08.12.2024;09:45;44,397999999999996
08.12.2024;10:00;44,434
08.12.2024;10:15;44,59775
08.12.2024;10:30;44,7615
08.12.2024;10:45;44,92525
08.12.2024;11:00;45,089
08.12.2024;11:15;45,11325
08.12.2024;11:30;45,1375
08.12.2024;11:45;45,16175
08.12.2024;12:00;45,186
08.12.2024;12:15;45,1455
08.12.2024;12:30;45,105000000000004
08.12.2024;12:45;45,0645
08.12.2024;13:00;45,024
08.12.2024;13:15;44,90325
08.12.2024;13:30;44,7825
08.12.2024;13:45;44,66175
08.12.2024;14:00;44,541
08.12.2024;14:15;44,77775
08.12.2024;14:30;45,0145
08.12.2024;14:45;45,25125
08.12.2024;15:00;45,488
08.12.2024;15:15;45,102000000000004
08.12.2024;15:30;44,716
08.12.2024;15:45;44,33
08.12.2024;16:00;43,944
08.12.2024;16:15;44,13575
08.12.2024;16:30;44,3275
08.12.2024;16:45;44,51925
08.12.2024;17:00;44,711
08.12.2024;17:15;44,3345
08.12.2024;17:30;43,958
08.12.2024;17:45;43,5815
08.12.2024;18:00;43,205
08.12.2024;18:15;43,183499999999995
08.12.2024;18:30;43,162
08.12.2024;18:45;43,1405
08.12.2024;19:00;43,119
08.12.2024;19:15;42,959
08.12.2024;19:30;42,799
08.12.2024;19:45;42,638999999999996
08.12.2024;20:00;42,479
08.12.2024;20:15;42,46075
08.12.2024;20:30;42,442499999999995
08.12.2024;20:45;42,42425
08.12.2024;21:00;42,406
08.12.2024;21:15;42,357
08.12.2024;21:30;42,308
08.12.2024;21:45;42,259
08.12.2024;22:00;42,21
08.12.2024;22:15;41,87025
08.12.2024;22:30;41,5305
08.12.2024;22:45;41,19075
08.12.2024;23:00;40,851
08.12.2024;23:15;40,75975
08.12.2024;23:30;40,668499999999995
08.12.2024;23:45;40,57725
09.12.2024;00:00;40,486
09.12.2024;00:15;40,09775
09.12.2024;00:30;39,7095
09.12.2024;00:45;39,32125
09.12.2024;01:00;38,933
09.12.2024;01:15;38,4155
09.12.2024;01:30;37,897999999999996
09.12.2024;01:45;37,3805
09.12.2024;02:00;36,863
09.12.2024;02:15;36,84475
09.12.2024;02:30;36,826499999999996
09.12.2024;02:45;36,80825
09.12.2024;03:00;36,79
09.12.2024;03:15;36,93025
09.12.2024;03:30;37,070499999999996
09.12.2024;03:45;37,21075
09.12.2024;04:00;37,351
09.12.2024;04:15;38,15675
09.12.2024;04:30;38,9625
09.12.2024;04:45;39,768249999999995
09.12.2024;05:00;40,574
09.12.2024;05:15;40,753
09.12.2024;05:30;40,932
09.12.2024;05:45;41,111
09.12.2024;06:00;41,29
09.12.2024;06:15;42,1385
09.12.2024;06:30;42,986999999999995
09.12.2024;06:45;43,835499999999996
09.12.2024;07:00;44,684
09.12.2024;07:15;44,914
09.12.2024;07:30;45,144
09.12.2024;07:45;45,373999999999995
09.12.2024;08:00;45,604
09.12.2024;08:15;45,6185
09.12.2024;08:30;45,632999999999996
09.12.2024;08:45;45,6475
09.12.2024;09:00;45,662
09.12.2024;09:15;45,82925
09.12.2024;09:30;45,9965
09.12.2024;09:45;46,16375
09.12.2024;10:00;46,331
09.12.2024;10:15;46,303250000000006
09.12.2024;10:30;46,2755
09.12.2024;10:45;46,247749999999996
09.12.2024;11:00;46,22
09.12.2024;11:15;46,210499999999996
09.12.2024;11:30;46,201
09.12.2024;11:45;46,191500000000005
09.12.2024;12:00;46,182
09.12.2024;12:15;46,08675
09.12.2024;12:30;45,9915
09.12.2024;12:45;45,89625
09.12.2024;13:00;45,801
09.12.2024;13:15;45,722
09.12.2024;13:30;45,643
09.12.2024;13:45;45,564
09.12.2024;14:00;45,485
09.12.2024;14:15;45,372
09.12.2024;14:30;45,259
09.12.2024;14:45;45,146
09.12.2024;15:00;45,033
09.12.2024;15:15;45,014250000000004
09.12.2024;15:30;44,9955
09.12.2024;15:45;44,976749999999996
09.12.2024;16:00;44,958
09.12.2024;16:15;45,07025
09.12.2024;16:30;45,1825
09.12.2024;16:45;45,29474999999999
09.12.2024;17:00;45,407
09.12.2024;17:15;45,485
09.12.2024;17:30;45,563
09.12.2024;17:45;45,641
09.12.2024;18:00;45,719
09.12.2024;18:15;45,77075
09.12.2024;18:30;45,822500000000005
09.12.2024;18:45;45,87425
09.12.2024;19:00;45,926
09.12.2024;19:15;45,65625
09.12.2024;19:30;45,3865
09.12.2024;19:45;45,11675
09.12.2024;20:00;44,847
09.12.2024;20:15;44,49725
09.12.2024;20:30;44,1475
09.12.2024;20:45;43,79775
09.12.2024;21:00;43,448
09.12.2024;21:15;43,3855
09.12.2024;21:30;43,323
09.12.2024;21:45;43,2605
09.12.2024;22:00;43,198
09.12.2024;22:15;43,05525
09.12.2024;22:30;42,9125
09.12.2024;22:45;42,76975
09.12.2024;23:00;42,627
09.12.2024;23:15;42,629000000000005
09.12.2024;23:30;42,631
09.12.2024;23:45;42,632999999999996
10.12.2024;00:00;42,635
10.12.2024;00:15;42,547
10.12.2024;00:30;42,459
10.12.2024;00:45;42,371
10.12.2024;01:00;42,283
10.12.2024;01:15;42,21225
10.12.2024;01:30;42,1415
10.12.2024;01:45;42,070750000000004
10.12.2024;02:00;42,0
10.12.2024;02:15;41,93
10.12.2024;02:30;41,86
10.12.2024;02:45;41,79
10.12.2024;03:00;41,72
10.12.2024;03:15;41,80775
10.12.2024;03:30;41,8955
10.12.2024;03:45;41,98325
10.12.2024;04:00;42,071
10.12.2024;04:15;42,1175
10.12.2024;04:30;42,164
10.12.2024;04:45;42,210499999999996
10.12.2024;05:00;42,257
10.12.2024;05:15;42,83175
10.12.2024;05:30;43,406499999999994
10.12.2024;05:45;43,981249999999996
10.12.2024;06:00;44,556
10.12.2024;06:15;45,134
10.12.2024;06:30;45,712
10.12.2024;06:45;46,29
10.12.2024;07:00;46,868
10.12.2024;07:15;47,7325
10.12.2024;07:30;48,597
10.12.2024;07:45;49,4615
10.12.2024;08:00;50,326
10.12.2024;08:15;50,6355
10.12.2024;08:30;50,945
10.12.2024;08:45;51,2545
10.12.2024;09:00;51,564
10.12.2024;09:15;51,62925
10.12.2024;09:30;51,694500000000005
10.12.2024;09:45;51,759750000000004
10.12.2024;10:00;51,825
10.12.2024;10:15;51,868750000000006
10.12.2024;10:30;51,9125
10.12.2024;10:45;51,95625
10.12.2024;11:00;52,0
10.12.2024;11:15;51,853
10.12.2024;11:30;51,706
10.12.2024;11:45;51,559
10.12.2024;12:00;51,412
10.12.2024;12:15;51,666
10.12.2024;12:30;51,92
10.12.2024;12:45;52,174
10.12.2024;13:00;52,428
10.12.2024;13:15;52,39375
10.12.2024;13:30;52,3595
10.12.2024;13:45;52,32525
10.12.2024;14:00;52,291
10.12.2024;14:15;52,49675
10.12.2024;14:30;52,7025
10.12.2024;14:45;52,908249999999995
10.12.2024;15:00;53,114
10.12.2024;15:15;53,177499999999995
10.12.2024;15:30;53,241
10.12.2024;15:45;53,304500000000004
10.12.2024;16:00;53,368
10.12.2024;16:15;53,423
10.12.2024;16:30;53,478
10.12.2024;16:45;53,533
10.12.2024;17:00;53,588
10.12.2024;17:15;53,0535
10.12.2024;17:30;52,519000000000005
10.12.2024;17:45;51,984500000000004
10.12.2024;18:00;51,45
10.12.2024;18:15;51,42925
10.12.2024;18:30;51,408500000000004
10.12.2024;18:45;51,38775
10.12.2024;19:00;51,367
10.12.2024;19:15;51,02775
10.12.2024;19:30;50,6885
10.12.2024;19:45;50,34925
10.12.2024;20:00;50,01
10.12.2024;20:15;49,62375
10.12.2024;20:30;49,2375
10.12.2024;20:45;48,85125
10.12.2024;21:00;48,465
10.12.2024;21:15;48,134750000000004
10.12.2024;21:30;47,804500000000004
10.12.2024;21:45;47,47425
10.12.2024;22:00;47,144
10.12.2024;22:15;46,729749999999996
10.12.2024;22:30;46,3155
10.12.2024;22:45;45,901250000000005
10.12.2024;23:00;45,487
10.12.2024;23:15;45,35125
10.12.2024;23:30;45,215500000000006
10.12.2024;23:45;45,079750000000004
11.12.2024;00:00;44,944
11.12.2024;00:15;44,751000000000005
11.12.2024;00:30;44,558
11.12.2024;00:45;44,364999999999995
11.12.2024;01:00;44,172
11.12.2024;01:15;44,149249999999995
11.12.2024;01:30;44,1265
11.12.2024;01:45;44,103750000000005
11.12.2024;02:00;44,081
11.12.2024;02:15;44,0525
11.12.2024;02:30;44,024
11.12.2024;02:45;43,9955
11.12.2024;03:00;43,967
11.12.2024;03:15;44,03
11.12.2024;03:30;44,093
11.12.2024;03:45;44,156
11.12.2024;04:00;44,219
11.12.2024;04:15;44,6345
11.12.2024;04:30;45,05
11.12.2024;04:45;45,4655
11.12.2024;05:00;45,881
11.12.2024;05:15;46,83375
11.12.2024;05:30;47,786500000000004
11.12.2024;05:45;48,73925
11.12.2024;06:00;49,692
11.12.2024;06:15;52,994
11.12.2024;06:30;56,296
11.12.2024;06:45;59,598
11.12.2024;07:00;62,9
11.12.2024;07:15;64,73675
11.12.2024;07:30;66,5735
11.12.2024;07:45;68,41025
11.12.2024;08:00;70,247
11.12.2024;08:15;70,45075
11.12.2024;08:30;70,6545
11.12.2024;08:45;70,85825
11.12.2024;09:00;71,062
11.12.2024;09:15;70,35
11.12.2024;09:30;69,638
11.12.2024;09:45;68,926
11.12.2024;10:00;68,214
11.12.2024;10:15;68,99775
11.12.2024;10:30;69,7815
11.12.2024;10:45;70,56525
11.12.2024;11:00;71,349
11.12.2024;11:15;71,49600000000001
11.12.2024;11:30;71,643
11.12.2024;11:45;71,78999999999999
11.12.2024;12:00;71,937
11.12.2024;12:15;72,413
11.12.2024;12:30;72,889
11.12.2024;12:45;73,365
11.12.2024;13:00;73,841
11.12.2024;13:15;73,01724999999999
11.12.2024;13:30;72,1935
11.12.2024;13:45;71,36975000000001
11.12.2024;14:00;70,546
11.12.2024;14:15;70,7705
11.12.2024;14:30;70,995
11.12.2024;14:45;71,21950000000001
11.12.2024;15:00;71,444
11.12.2024;15:15;72,86725
11.12.2024;15:30;74,29050000000001
11.12.2024;15:45;75,71375
11.12.2024;16:00;77,137
11.12.2024;16:15;77,31725
11.12.2024;16:30;77,4975
11.12.2024;16:45;77,67775
11.12.2024;17:00;77,858
11.12.2024;17:15;75,729
11.12.2024;17:30;73,6
11.12.2024;17:45;71,471
11.12.2024;18:00;69,342
11.12.2024;18:15;68,87525
11.12.2024;18:30;68,4085
11.12.2024;18:45;67,94175
11.12.2024;19:00;67,475
11.12.2024;19:15;64,11425
11.12.2024;19:30;60,753499999999995
11.12.2024;19:45;57,39274999999999
11.12.2024;20:00;54,032
11.12.2024;20:15;53,14149999999999
11.12.2024;20:30;52,251
11.12.2024;20:45;51,3605
11.12.2024;21:00;50,47
11.12.2024;21:15;49,94
11.12.2024;21:30;49,41
11.12.2024;21:45;48,88
11.12.2024;22:00;48,35
11.12.2024;22:15;47,999
11.12.2024;22:30;47,647999999999996
11.12.2024;22:45;47,297
11.12.2024;23:00;46,946
11.12.2024;23:15;46,602999999999994
11.12.2024;23:30;46,26
11.12.2024;23:45;45,917
12.12.2024;00:00;45,574
12.12.2024;00:15;45,4005
12.12.2024;00:30;45,227000000000004
12.12.2024;00:45;45,0535
12.12.2024;01:00;44,88
12.12.2024;01:15;44,7465
12.12.2024;01:30;44,613
12.12.2024;01:45;44,4795
12.12.2024;02:00;44,346
12.12.2024;02:15;44,28075
12.12.2024;02:30;44,2155
12.12.2024;02:45;44,15025
12.12.2024;03:00;44,085
12.12.2024;03:15;44,214
12.12.2024;03:30;44,343
12.12.2024;03:45;44,472
12.12.2024;04:00;44,601
12.12.2024;04:15;44,879999999999995
12.12.2024;04:30;45,159
12.12.2024;04:45;45,438
12.12.2024;05:00;45,717
12.12.2024;05:15;47,02975
12.12.2024;05:30;48,3425
12.12.2024;05:45;49,65525
12.12.2024;06:00;50,968
12.12.2024;06:15;61,563250000000004
12.12.2024;06:30;72,1585
12.12.2024;06:45;82,75375
12.12.2024;07:00;93,349
12.12.2024;07:15;94,73925
12.12.2024;07:30;96,12950000000001
12.12.2024;07:45;97,51975
12.12.2024;08:00;98,91
12.12.2024;08:15;98,689
12.12.2024;08:30;98,46799999999999
12.12.2024;08:45;98,247
12.12.2024;09:00;98,026
12.12.2024;09:15;95,45275
12.12.2024;09:30;92,87950000000001
12.12.2024;09:45;90,30625
12.12.2024;10:00;87,733
12.12.2024;10:15;85,77125000000001
12.12.2024;10:30;83,8095
12.12.2024;10:45;81,84774999999999
12.12.2024;11:00;79,886
12.12.2024;11:15;78,37675
12.12.2024;11:30;76,8675
12.12.2024;11:45;75,35825
12.12.2024;12:00;73,849
12.12.2024;12:15;74,10675
12.12.2024;12:30;74,36449999999999
12.12.2024;12:45;74,62225
12.12.2024;13:00;74,88
12.12.2024;13:15;76,756
12.12.2024;13:30;78,632
12.12.2024;13:45;80,508
12.12.2024;14:00;82,384
12.12.2024;14:15;86,83775
12.12.2024;14:30;91,2915
12.12.2024;14:45;95,74525
12.12.2024;15:00;100,199
12.12.2024;15:15;103,96125
12.12.2024;15:30;107,7235
12.12.2024;15:45;111,48575
12.12.2024;16:00;115,248
12.12.2024;16:15;118,1805
12.12.2024;16:30;121,113
12.12.2024;16:45;124,0455
12.12.2024;17:00;126,978
12.12.2024;17:15;120,4255
12.12.2024;17:30;113,87299999999999
12.12.2024;17:45;107,3205
12.12.2024;18:00;100,768
12.12.2024;18:15;97,68875
12.12.2024;18:30;94,6095
12.12.2024;18:45;91,53025
12.12.2024;19:00;88,451
12.12.2024;19:15;82,06725
12.12.2024;19:30;75,6835
12.12.2024;19:45;69,29974999999999
12.12.2024;20:00;62,916
12.12.2024;20:15;59,759499999999996
12.12.2024;20:30;56,602999999999994
12.12.2024;20:45;53,4465
12.12.2024;21:00;50,29
12.12.2024;21:15;49,805
12.12.2024;21:30;49,32
12.12.2024;21:45;48,835
12.12.2024;22:00;48,35
12.12.2024;22:15;47,96875
12.12.2024;22:30;47,587500000000006
12.12.2024;22:45;47,206250000000004
12.12.2024;23:00;46,825
12.12.2024;23:15;46,708
12.12.2024;23:30;46,591
12.12.2024;23:45;46,474000000000004
13.12.2024;00:00;46,357
13.12.2024;00:15;46,17775
13.12.2024;00:30;45,9985
13.12.2024;00:45;45,81925
13.12.2024;01:00;45,64
13.12.2024;01:15;45,54175
13.12.2024;01:30;45,4435
13.12.2024;01:45;45,34525
13.12.2024;02:00;45,247
13.12.2024;02:15;45,1465
13.12.2024;02:30;45,046
13.12.2024;02:45;44,945499999999996
13.12.2024;03:00;44,845
13.12.2024;03:15;44,86225
13.12.2024;03:30;44,8795
13.12.2024;03:45;44,89675
13.12.2024;04:00;44,914
13.12.2024;04:15;45,16875
13.12.2024;04:30;45,423500000000004
13.12.2024;04:45;45,67825
13.12.2024;05:00;45,933
13.12.2024;05:15;46,7005
13.12.2024;05:30;47,468
13.12.2024;05:45;48,2355
13.12.2024;06:00;49,003
13.12.2024;06:15;49,7825
13.12.2024;06:30;50,562
13.12.2024;06:45;51,3415
13.12.2024;07:00;52,121
13.12.2024;07:15;53,75325
13.12.2024;07:30;55,3855
13.12.2024;07:45;57,01775
13.12.2024;08:00;58,65
13.12.2024;08:15;58,4685
13.12.2024;08:30;58,287
13.12.2024;08:45;58,1055
13.12.2024;09:00;57,924
13.12.2024;09:15;56,991
13.12.2024;09:30;56,058
13.12.2024;09:45;55,125
13.12.2024;10:00;54,192
13.12.2024;10:15;53,341499999999996
13.12.2024;10:30;52,491
13.12.2024;10:45;51,6405
13.12.2024;11:00;50,79
13.12.2024;11:15;50,5815
13.12.2024;11:30;50,373000000000005
13.12.2024;11:45;50,164500000000004
13.12.2024;12:00;49,956
13.12.2024;12:15;49,929500000000004
13.12.2024;12:30;49,903000000000006
13.12.2024;12:45;49,8765
13.12.2024;13:00;49,85
13.12.2024;13:15;50,3375
13.12.2024;13:30;50,825
13.12.2024;13:45;51,3125
13.12.2024;14:00;51,8
13.12.2024;14:15;52,70675
13.12.2024;14:30;53,6135
13.12.2024;14:45;54,52025
13.12.2024;15:00;55,427
13.12.2024;15:15;56,15925
13.12.2024;15:30;56,8915
13.12.2024;15:45;57,62375
13.12.2024;16:00;58,356
13.12.2024;16:15;59,20975
13.12.2024;16:30;60,063500000000005
13.12.2024;16:45;60,91725
13.12.2024;17:00;61,771
13.12.2024;17:15;61,16575
13.12.2024;17:30;60,560500000000005
13.12.2024;17:45;59,95525
13.12.2024;18:00;59,35
13.12.2024;18:15;58,49
13.12.2024;18:30;57,629999999999995
13.12.2024;18:45;56,769999999999996
13.12.2024;19:00;55,91
13.12.2024;19:15;54,644999999999996
13.12.2024;19:30;53,379999999999995
13.12.2024;19:45;52,115
13.12.2024;20:00;50,85
13.12.2024;20:15;50,1305
13.12.2024;20:30;49,411
13.12.2024;20:45;48,691500000000005
13.12.2024;21:00;47,972
13.12.2024;21:15;47,69375
13.12.2024;21:30;47,4155
13.12.2024;21:45;47,13725
13.12.2024;22:00;46,859
13.12.2024;22:15;46,39475
13.12.2024;22:30;45,9305
13.12.2024;22:45;45,46625
13.12.2024;23:00;45,002
13.12.2024;23:15;45,0125
13.12.2024;23:30;45,022999999999996
13.12.2024;23:45;45,0335
14.12.2024;00:00;45,044
14.12.2024;00:15;44,9045
14.12.2024;00:30;44,765
14.12.2024;00:45;44,625499999999995
14.12.2024;01:00;44,486
14.12.2024;01:15;44,403
14.12.2024;01:30;44,32
14.12.2024;01:45;44,237
14.12.2024;02:00;44,154
14.12.2024;02:15;43,9285
14.12.2024;02:30;43,703
14.12.2024;02:45;43,477500000000006
14.12.2024;03:00;43,252
14.12.2024;03:15;43,112500000000004
14.12.2024;03:30;42,973
14.12.2024;03:45;42,8335
14.12.2024;04:00;42,694
14.12.2024;04:15;42,646750000000004
14.12.2024;04:30;42,599500000000006
14.12.2024;04:45;42,55225
14.12.2024;05:00;42,505
14.12.2024;05:15;42,525000000000006
14.12.2024;05:30;42,545
14.12.2024;05:45;42,565
14.12.2024;06:00;42,585
14.12.2024;06:15;42,818
14.12.2024;06:30;43,051
14.12.2024;06:45;43,284000000000006
14.12.2024;07:00;43,517
14.12.2024;07:15;43,819
14.12.2024;07:30;44,121
14.12.2024;07:45;44,423
14.12.2024;08:00;44,725
14.12.2024;08:15;45,00575
14.12.2024;08:30;45,286500000000004
14.12.2024;08:45;45,56725
14.12.2024;09:00;45,848
14.12.2024;09:15;45,74675
14.12.2024;09:30;45,6455
14.12.2024;09:45;45,54425
14.12.2024;10:00;45,443
14.12.2024;10:15;45,10675
14.12.2024;10:30;44,7705
14.12.2024;10:45;44,43425
14.12.2024;11:00;44,098
14.12.2024;11:15;44,02875
14.12.2024;11:30;43,9595
14.12.2024;11:45;43,890249999999995
14.12.2024;12:00;43,821
14.12.2024;12:15;43,777249999999995
14.12.2024;12:30;43,7335
14.12.2024;12:45;43,689750000000004
14.12.2024;13:00;43,646
14.12.2024;13:15;43,48775
14.12.2024;13:30;43,329499999999996
14.12.2024;13:45;43,17125
14.12.2024;14:00;43,013
14.12.2024;14:15;43,05325
14.12.2024;14:30;43,0935
14.12.2024;14:45;43,13375
14.12.2024;15:00;43,174
14.12.2024;15:15;43,35975
14.12.2024;15:30;43,545500000000004
14.12.2024;15:45;43,73125
14.12.2024;16:00;43,917
14.12.2024;16:15;44,303250000000006
14.12.2024;16:30;44,6895
14.12.2024;16:45;45,07575
14.12.2024;17:00;45,462
14.12.2024;17:15;44,762750000000004
14.12.2024;17:30;44,063500000000005
14.12.2024;17:45;43,36425
14.12.2024;18:00;42,665
14.12.2024;18:15;42,72625
14.12.2024;18:30;42,787499999999994
14.12.2024;18:45;42,848749999999995
14.12.2024;19:00;42,91
14.12.2024;19:15;42,670249999999996
14.12.2024;19:30;42,430499999999995
14.12.2024;19:45;42,19075
14.12.2024;20:00;41,951
14.12.2024;20:15;41,87025
14.12.2024;20:30;41,789500000000004
14.12.2024;20:45;41,70875
14.12.2024;21:00;41,628
14.12.2024;21:15;41,73975
14.12.2024;21:30;41,8515
14.12.2024;21:45;41,96325
14.12.2024;22:00;42,075
14.12.2024;22:15;41,739000000000004
14.12.2024;22:30;41,403000000000006
14.12.2024;22:45;41,067
14.12.2024;23:00;40,731
14.12.2024;23:15;40,72525
14.12.2024;23:30;40,7195
14.12.2024;23:45;40,71375
15.12.2024;00:00;40,708
15.12.2024;00:15;40,5805
15.12.2024;00:30;40,453
15.12.2024;00:45;40,3255
15.12.2024;01:00;40,198
15.12.2024;01:15;40,176249999999996
15.12.2024;01:30;40,1545
15.12.2024;01:45;40,13275
15.12.2024;02:00;40,111
15.12.2024;02:15;39,905499999999996
15.12.2024;02:30;39,7
15.12.2024;02:45;39,4945
15.12.2024;03:00;39,289
15.12.2024;03:15;39,1875
15.12.2024;03:30;39,086
15.12.2024;03:45;38,984500000000004
15.12.2024;04:00;38,883
15.12.2024;04:15;38,818250000000006
15.12.2024;04:30;38,7535
15.12.2024;04:45;38,68875
15.12.2024;05:00;38,624
15.12.2024;05:15;38,446
15.12.2024;05:30;38,268
15.12.2024;05:45;38,09
15.12.2024;06:00;37,912
15.12.2024;06:15;38,1195
15.12.2024;06:30;38,327
15.12.2024;06:45;38,534499999999994
15.12.2024;07:00;38,742
15.12.2024;07:15;39,0265
15.12.2024;07:30;39,311
15.12.2024;07:45;39,5955
15.12.2024;08:00;39,88
15.12.2024;08:15;40,01375
15.12.2024;08:30;40,1475
15.12.2024;08:45;40,28125
15.12.2024;09:00;40,415
15.12.2024;09:15;40,280249999999995
15.12.2024;09:30;40,1455
15.12.2024;09:45;40,01075
15.12.2024;10:00;39,876
15.12.2024;10:15;39,766999999999996
15.12.2024;10:30;39,658
15.12.2024;10:45;39,549
15.12.2024;11:00;39,44
15.12.2024;11:15;39,455
15.12.2024;11:30;39,47
15.12.2024;11:45;39,485
15.12.2024;12:00;39,5
15.12.2024;12:15;39,15025
15.12.2024;12:30;38,8005
15.12.2024;12:45;38,45075
15.12.2024;13:00;38,101
15.12.2024;13:15;38,15
15.12.2024;13:30;38,199
15.12.2024;13:45;38,248
15.12.2024;14:00;38,297
15.12.2024;14:15;38,25825
15.12.2024;14:30;38,2195
15.12.2024;14:45;38,18075
15.12.2024;15:00;38,142
15.12.2024;15:15;37,894000000000005
15.12.2024;15:30;37,646
15.12.2024;15:45;37,397999999999996
15.12.2024;16:00;37,15
15.12.2024;16:15;37,2855
15.12.2024;16:30;37,421
15.12.2024;16:45;37,5565
15.12.2024;17:00;37,692
15.12.2024;17:15;37,314750000000004
15.12.2024;17:30;36,9375
15.12.2024;17:45;36,560249999999996
15.12.2024;18:00;36,183
15.12.2024;18:15;36,088499999999996
15.12.2024;18:30;35,994
15.12.2024;18:45;35,8995
15.12.2024;19:00;35,805
15.12.2024;19:15;35,655
15.12.2024;19:30;35,504999999999995
15.12.2024;19:45;35,355
15.12.2024;20:00;35,205
15.12.2024;20:15;35,09025
15.12.2024;20:30;34,9755
15.12.2024;20:45;34,86075
15.12.2024;21:00;34,746
15.12.2024;21:15;34,649
15.12.2024;21:30;34,552
15.12.2024;21:45;34,455
15.12.2024;22:00;34,358
15.12.2024;22:15;34,16325
15.12.2024;22:30;33,9685
15.12.2024;22:45;33,77375
15.12.2024;23:00;33,579
15.12.2024;23:15;33,524
15.12.2024;23:30;33,469
15.12.2024;23:45;33,414
16.12.2024;00:00;33,359
16.12.2024;00:15;33,35925
16.12.2024;00:30;33,3595
16.12.2024;00:45;33,35975
16.12.2024;01:00;33,36
16.12.2024;01:15;33,35875
16.12.2024;01:30;33,3575
16.12.2024;01:45;33,356249999999996
16.12.2024;02:00;33,355
16.12.2024;02:15;33,3555
16.12.2024;02:30;33,355999999999995
16.12.2024;02:45;33,3565
16.12.2024;03:00;33,357
16.12.2024;03:15;33,355
16.12.2024;03:30;33,352999999999994
16.12.2024;03:45;33,351
16.12.2024;04:00;33,349
16.12.2024;04:15;33,393
16.12.2024;04:30;33,437
16.12.2024;04:45;33,480999999999995
16.12.2024;05:00;33,525
16.12.2024;05:15;33,674499999999995
16.12.2024;05:30;33,824
16.12.2024;05:45;33,9735
16.12.2024;06:00;34,123
16.12.2024;06:15;35,41225
16.12.2024;06:30;36,701499999999996
16.12.2024;06:45;37,99075
16.12.2024;07:00;39,28
16.12.2024;07:15;39,59225
16.12.2024;07:30;39,9045
16.12.2024;07:45;40,216750000000005
16.12.2024;08:00;40,529
16.12.2024;08:15;40,632000000000005
16.12.2024;08:30;40,735
16.12.2024;08:45;40,838
16.12.2024;09:00;40,941
16.12.2024;09:15;40,92975
16.12.2024;09:30;40,9185
16.12.2024;09:45;40,907250000000005
16.12.2024;10:00;40,896
16.12.2024;10:15;41,01275
16.12.2024;10:30;41,1295
16.12.2024;10:45;41,24625
16.12.2024;11:00;41,363
16.12.2024;11:15;41,49025
16.12.2024;11:30;41,6175
16.12.2024;11:45;41,744749999999996
16.12.2024;12:00;41,872
16.12.2024;12:15;41,784
16.12.2024;12:30;41,696
16.12.2024;12:45;41,608000000000004
16.12.2024;13:00;41,52
16.12.2024;13:15;41,52
16.12.2024;13:30;41,52
16.12.2024;13:45;41,52
16.12.2024;14:00;41,52
16.12.2024;14:15;41,52
16.12.2024;14:30;41,52
16.12.2024;14:45;41,52
16.12.2024;15:00;41,52
16.12.2024;15:15;41,3275
16.12.2024;15:30;41,135000000000005
16.12.2024;15:45;40,9425
16.12.2024;16:00;40,75
16.12.2024;16:15;40,939
16.12.2024;16:30;41,128
16.12.2024;16:45;41,317
16.12.2024;17:00;41,506
16.12.2024;17:15;41,267250000000004
16.12.2024;17:30;41,0285
16.12.2024;17:45;40,78975
16.12.2024;18:00;40,551
16.12.2024;18:15;40,52425
16.12.2024;18:30;40,4975
16.12.2024;18:45;40,47075
16.12.2024;19:00;40,444
16.12.2024;19:15;40,208
16.12.2024;19:30;39,972
16.12.2024;19:45;39,736000000000004
16.12.2024;20:00;39,5
16.12.2024;20:15;39,07275
16.12.2024;20:30;38,6455
16.12.2024;20:45;38,21825
16.12.2024;21:00;37,791
16.12.2024;21:15;37,790749999999996
16.12.2024;21:30;37,790499999999994
16.12.2024;21:45;37,79025
16.12.2024;22:00;37,79
16.12.2024;22:15;37,09475
16.12.2024;22:30;36,3995
16.12.2024;22:45;35,70425
16.12.2024;23:00;35,009
16.12.2024;23:15;35,5305
16.12.2024;23:30;36,052
16.12.2024;23:45;36,573499999999996
17.12.2024;00:00;37,095
17.12.2024;00:15;36,698
17.12.2024;00:30;36,301
17.12.2024;00:45;35,903999999999996
17.12.2024;01:00;35,507
17.12.2024;01:15;35,49125
17.12.2024;01:30;35,4755
17.12.2024;01:45;35,45975
17.12.2024;02:00;35,444
17.12.2024;02:15;35,54575
17.12.2024;02:30;35,6475
17.12.2024;02:45;35,74925
17.12.2024;03:00;35,851
17.12.2024;03:15;35,95025
17.12.2024;03:30;36,049499999999995
17.12.2024;03:45;36,14875
17.12.2024;04:00;36,248
17.12.2024;04:15;36,95525
17.12.2024;04:30;37,662499999999994
17.12.2024;04:45;38,369749999999996
17.12.2024;05:00;39,077
17.12.2024;05:15;39,3395
17.12.2024;05:30;39,602000000000004
17.12.2024;05:45;39,8645
17.12.2024;06:00;40,127
17.12.2024;06:15;41,056250000000006
17.12.2024;06:30;41,9855
17.12.2024;06:45;42,91475
17.12.2024;07:00;43,844
17.12.2024;07:15;44,1185
17.12.2024;07:30;44,393
17.12.2024;07:45;44,667500000000004
17.12.2024;08:00;44,942
17.12.2024;08:15;44,894999999999996
17.12.2024;08:30;44,848
17.12.2024;08:45;44,801
17.12.2024;09:00;44,754
17.12.2024;09:15;44,613
17.12.2024;09:30;44,471999999999994
17.12.2024;09:45;44,330999999999996
17.12.2024;10:00;44,19
17.12.2024;10:15;44,0395
17.12.2024;10:30;43,888999999999996
17.12.2024;10:45;43,7385
17.12.2024;11:00;43,588
17.12.2024;11:15;43,5965
17.12.2024;11:30;43,605000000000004
17.12.2024;11:45;43,6135
17.12.2024;12:00;43,622
17.12.2024;12:15;43,709
17.12.2024;12:30;43,796
17.12.2024;12:45;43,882999999999996
17.12.2024;13:00;43,97
17.12.2024;13:15;44,05575
17.12.2024;13:30;44,1415
17.12.2024;13:45;44,22725
17.12.2024;14:00;44,313
17.12.2024;14:15;44,48275
17.12.2024;14:30;44,6525
17.12.2024;14:45;44,82225
17.12.2024;15:00;44,992
17.12.2024;15:15;45,009
17.12.2024;15:30;45,025999999999996
17.12.2024;15:45;45,043
17.12.2024;16:00;45,06
17.12.2024;16:15;45,31575
17.12.2024;16:30;45,5715
17.12.2024;16:45;45,82725
17.12.2024;17:00;46,083
17.12.2024;17:15;45,93975
17.12.2024;17:30;45,796499999999995
17.12.2024;17:45;45,65325
17.12.2024;18:00;45,51
17.12.2024;18:15;45,1725
17.12.2024;18:30;44,834999999999994
17.12.2024;18:45;44,497499999999995
17.12.2024;19:00;44,16
17.12.2024;19:15;43,920249999999996
17.12.2024;19:30;43,680499999999995
17.12.2024;19:45;43,44075
17.12.2024;20:00;43,201
17.12.2024;20:15;43,13425
17.12.2024;20:30;43,067499999999995
17.12.2024;20:45;43,00075
17.12.2024;21:00;42,934
17.12.2024;21:15;42,849
17.12.2024;21:30;42,763999999999996
17.12.2024;21:45;42,679
17.12.2024;22:00;42,594
17.12.2024;22:15;42,0495
17.12.2024;22:30;41,504999999999995
17.12.2024;22:45;40,960499999999996
17.12.2024;23:00;40,416
17.12.2024;23:15;40,379
17.12.2024;23:30;40,342
17.12.2024;23:45;40,305
18.12.2024;00:00;40,268
18.12.2024;00:15;39,84625
18.12.2024;00:30;39,4245
18.12.2024;00:45;39,002750000000006
18.12.2024;01:00;38,581
18.12.2024;01:15;38,48350000000001
18.12.2024;01:30;38,386
18.12.2024;01:45;38,2885
18.12.2024;02:00;38,191
18.12.2024;02:15;38,10575
18.12.2024;02:30;38,0205
18.12.2024;02:45;37,93525
18.12.2024;03:00;37,85
18.12.2024;03:15;37,48125
18.12.2024;03:30;37,1125
18.12.2024;03:45;36,74375
18.12.2024;04:00;36,375
18.12.2024;04:15;36,56875
18.12.2024;04:30;36,7625
18.12.2024;04:45;36,95625
18.12.2024;05:00;37,15
18.12.2024;05:15;37,44775
18.12.2024;05:30;37,7455
18.12.2024;05:45;38,04325
18.12.2024;06:00;38,341
18.12.2024;06:15;38,54075
18.12.2024;06:30;38,7405
18.12.2024;06:45;38,94025
18.12.2024;07:00;39,14
18.12.2024;07:15;39,632
18.12.2024;07:30;40,123999999999995
18.12.2024;07:45;40,616
18.12.2024;08:00;41,108
18.12.2024;08:15;40,989
18.12.2024;08:30;40,87
18.12.2024;08:45;40,751
18.12.2024;09:00;40,632
18.12.2024;09:15;40,46125
18.12.2024;09:30;40,290499999999994
18.12.2024;09:45;40,119749999999996
18.12.2024;10:00;39,949
18.12.2024;10:15;39,87625
18.12.2024;10:30;39,8035
18.12.2024;10:45;39,73075
18.12.2024;11:00;39,658
18.12.2024;11:15;39,65775
18.12.2024;11:30;39,6575
18.12.2024;11:45;39,65725
18.12.2024;12:00;39,657
18.12.2024;12:15;39,65725
18.12.2024;12:30;39,6575
18.12.2024;12:45;39,65775
18.12.2024;13:00;39,658
18.12.2024;13:15;39,658
18.12.2024;13:30;39,658
18.12.2024;13:45;39,658
18.12.2024;14:00;39,658
18.12.2024;14:15;39,47175
18.12.2024;14:30;39,2855
18.12.2024;14:45;39,09925
18.12.2024;15:00;38,913
18.12.2024;15:15;38,692499999999995
18.12.2024;15:30;38,471999999999994
18.12.2024;15:45;38,2515
18.12.2024;16:00;38,031
18.12.2024;16:15;38,30825
18.12.2024;16:30;38,585499999999996
18.12.2024;16:45;38,86275
18.12.2024;17:00;39,14
18.12.2024;17:15;39,2695
18.12.2024;17:30;39,399
18.12.2024;17:45;39,5285
18.12.2024;18:00;39,658
18.12.2024;18:15;39,658
18.12.2024;18:30;39,658
18.12.2024;18:45;39,658
18.12.2024;19:00;39,658
18.12.2024;19:15;39,5285
18.12.2024;19:30;39,399
18.12.2024;19:45;39,2695
18.12.2024;20:00;39,14
18.12.2024;20:15;38,95975
18.12.2024;20:30;38,7795
18.12.2024;20:45;38,59925
18.12.2024;21:00;38,419
18.12.2024;21:15;38,23025
18.12.2024;21:30;38,0415
18.12.2024;21:45;37,85275
18.12.2024;22:00;37,664
18.12.2024;22:15;37,1215
18.12.2024;22:30;36,579
18.12.2024;22:45;36,036500000000004
18.12.2024;23:00;35,494
18.12.2024;23:15;35,24
18.12.2024;23:30;34,986000000000004
18.12.2024;23:45;34,732
19.12.2024;00:00;34,478
19.12.2024;00:15;34,52675
19.12.2024;00:30;34,575500000000005
19.12.2024;00:45;34,62425
19.12.2024;01:00;34,673
19.12.2024;01:15;34,478500000000004
19.12.2024;01:30;34,284000000000006
19.12.2024;01:45;34,0895
19.12.2024;02:00;33,895
19.12.2024;02:15;33,790000000000006
19.12.2024;02:30;33,685
19.12.2024;02:45;33,58
19.12.2024;03:00;33,475
19.12.2024;03:15;33,4515
19.12.2024;03:30;33,428
19.12.2024;03:45;33,4045
19.12.2024;04:00;33,381
19.12.2024;04:15;33,423249999999996
19.12.2024;04:30;33,4655
19.12.2024;04:45;33,50775
19.12.2024;05:00;33,55
19.12.2024;05:15;33,71425
19.12.2024;05:30;33,8785
19.12.2024;05:45;34,04275
19.12.2024;06:00;34,207
19.12.2024;06:15;35,341499999999996
19.12.2024;06:30;36,476
19.12.2024;06:45;37,6105
19.12.2024;07:00;38,745
19.12.2024;07:15;39,08225
19.12.2024;07:30;39,4195
19.12.2024;07:45;39,75675
19.12.2024;08:00;40,094
19.12.2024;08:15;40,1185
19.12.2024;08:30;40,143
19.12.2024;08:45;40,167500000000004
19.12.2024;09:00;40,192
19.12.2024;09:15;40,1275
19.12.2024;09:30;40,063
19.12.2024;09:45;39,9985
19.12.2024;10:00;39,934
19.12.2024;10:15;39,9805
19.12.2024;10:30;40,027
19.12.2024;10:45;40,073499999999996
19.12.2024;11:00;40,12
19.12.2024;11:15;40,1705
19.12.2024;11:30;40,221000000000004
19.12.2024;11:45;40,2715
19.12.2024;12:00;40,322
19.12.2024;12:15;40,339
19.12.2024;12:30;40,356
19.12.2024;12:45;40,373000000000005
19.12.2024;13:00;40,39
19.12.2024;13:15;40,373000000000005
19.12.2024;13:30;40,356
19.12.2024;13:45;40,339
19.12.2024;14:00;40,322
19.12.2024;14:15;40,34075
19.12.2024;14:30;40,3595
19.12.2024;14:45;40,37825
19.12.2024;15:00;40,397
19.12.2024;15:15;40,42175
19.12.2024;15:30;40,4465
19.12.2024;15:45;40,47125
19.12.2024;16:00;40,496
19.12.2024;16:15;40,7475
19.12.2024;16:30;40,999
19.12.2024;16:45;41,2505
19.12.2024;17:00;41,502
19.12.2024;17:15;41,7785
19.12.2024;17:30;42,055
19.12.2024;17:45;42,3315
19.12.2024;18:00;42,608
19.12.2024;18:15;42,4775
19.12.2024;18:30;42,346999999999994
19.12.2024;18:45;42,216499999999996
19.12.2024;19:00;42,086
19.12.2024;19:15;41,786249999999995
19.12.2024;19:30;41,4865
19.12.2024;19:45;41,18675
19.12.2024;20:00;40,887
19.12.2024;20:15;40,75275
19.12.2024;20:30;40,6185
19.12.2024;20:45;40,48425
19.12.2024;21:00;40,35
19.12.2024;21:15;40,343
19.12.2024;21:30;40,336
19.12.2024;21:45;40,329
19.12.2024;22:00;40,322
19.12.2024;22:15;39,95425
19.12.2024;22:30;39,5865
19.12.2024;22:45;39,21875
19.12.2024;23:00;38,851
19.12.2024;23:15;38,66875
19.12.2024;23:30;38,4865
19.12.2024;23:45;38,304249999999996
20.12.2024;00:00;38,122
20.12.2024;00:15;37,716
20.12.2024;00:30;37,31
20.12.2024;00:45;36,903999999999996
20.12.2024;01:00;36,498
20.12.2024;01:15;36,11875
20.12.2024;01:30;35,7395
20.12.2024;01:45;35,36025
20.12.2024;02:00;34,981
20.12.2024;02:15;35,009
20.12.2024;02:30;35,037000000000006
20.12.2024;02:45;35,065000000000005
20.12.2024;03:00;35,093
20.12.2024;03:15;35,22775
20.12.2024;03:30;35,3625
20.12.2024;03:45;35,49725
20.12.2024;04:00;35,632
20.12.2024;04:15;36,27375
20.12.2024;04:30;36,915499999999994
20.12.2024;04:45;37,557249999999996
20.12.2024;05:00;38,199
20.12.2024;05:15;38,6405
20.12.2024;05:30;39,082
20.12.2024;05:45;39,5235
20.12.2024;06:00;39,965
20.12.2024;06:15;40,87125
20.12.2024;06:30;41,7775
20.12.2024;06:45;42,68375
20.12.2024;07:00;43,59
20.12.2024;07:15;43,773
20.12.2024;07:30;43,956
20.12.2024;07:45;44,139
20.12.2024;08:00;44,322
20.12.2024;08:15;44,24525
20.12.2024;08:30;44,1685
20.12.2024;08:45;44,091750000000005
20.12.2024;09:00;44,015
20.12.2024;09:15;43,92725
20.12.2024;09:30;43,8395
20.12.2024;09:45;43,75175
20.12.2024;10:00;43,664
20.12.2024;10:15;43,5215
20.12.2024;10:30;43,379000000000005
20.12.2024;10:45;43,2365
20.12.2024;11:00;43,094
20.12.2024;11:15;42,847
20.12.2024;11:30;42,6
20.12.2024;11:45;42,353
20.12.2024;12:00;42,106
20.12.2024;12:15;42,013000000000005
20.12.2024;12:30;41,92
20.12.2024;12:45;41,827
20.12.2024;13:00;41,734
20.12.2024;13:15;41,838750000000005
20.12.2024;13:30;41,9435
20.12.2024;13:45;42,048249999999996
20.12.2024;14:00;42,153
20.12.2024;14:15;42,419
20.12.2024;14:30;42,685
20.12.2024;14:45;42,951
20.12.2024;15:00;43,217
20.12.2024;15:15;43,38125
20.12.2024;15:30;43,545500000000004
20.12.2024;15:45;43,70975
20.12.2024;16:00;43,874
20.12.2024;16:15;43,99025
20.12.2024;16:30;44,1065
20.12.2024;16:45;44,22275
20.12.2024;17:00;44,339
20.12.2024;17:15;44,12125
20.12.2024;17:30;43,9035
20.12.2024;17:45;43,68575
20.12.2024;18:00;43,468
20.12.2024;18:15;43,40475000000001
20.12.2024;18:30;43,3415
20.12.2024;18:45;43,27825
20.12.2024;19:00;43,215
20.12.2024;19:15;42,992000000000004
20.12.2024;19:30;42,769000000000005
20.12.2024;19:45;42,546
20.12.2024;20:00;42,323
20.12.2024;20:15;41,87525
20.12.2024;20:30;41,427499999999995
20.12.2024;20:45;40,979749999999996
20.12.2024;21:00;40,532
20.12.2024;21:15;40,495
20.12.2024;21:30;40,458
20.12.2024;21:45;40,421
20.12.2024;22:00;40,384
20.12.2024;22:15;40,082
20.12.2024;22:30;39,78
20.12.2024;22:45;39,478
20.12.2024;23:00;39,176
20.12.2024;23:15;38,413250000000005
20.12.2024;23:30;37,6505
20.12.2024;23:45;36,88775
21.12.2024;00:00;36,125
21.12.2024;00:15;36,0
21.12.2024;00:30;35,875
21.12.2024;00:45;35,75
21.12.2024;01:00;35,625
21.12.2024;01:15;35,59525
21.12.2024;01:30;35,5655
21.12.2024;01:45;35,53575
21.12.2024;02:00;35,506
21.12.2024;02:15;35,45225
21.12.2024;02:30;35,3985
21.12.2024;02:45;35,34475
21.12.2024;03:00;35,291
21.12.2024;03:15;35,2585
21.12.2024;03:30;35,226
21.12.2024;03:45;35,1935
21.12.2024;04:00;35,161
21.12.2024;04:15;35,20925
21.12.2024;04:30;35,2575
21.12.2024;04:45;35,30575
21.12.2024;05:00;35,354
21.12.2024;05:15;35,353
21.12.2024;05:30;35,352000000000004
21.12.2024;05:45;35,351
21.12.2024;06:00;35,35
21.12.2024;06:15;35,380250000000004
21.12.2024;06:30;35,4105
21.12.2024;06:45;35,440749999999994
21.12.2024;07:00;35,471
21.12.2024;07:15;35,512499999999996
21.12.2024;07:30;35,554
21.12.2024;07:45;35,5955
21.12.2024;08:00;35,637
21.12.2024;08:15;35,798500000000004
21.12.2024;08:30;35,96
21.12.2024;08:45;36,1215
21.12.2024;09:00;36,283
21.12.2024;09:15;36,3355
21.12.2024;09:30;36,388000000000005
21.12.2024;09:45;36,4405
21.12.2024;10:00;36,493
21.12.2024;10:15;36,4825
21.12.2024;10:30;36,472
21.12.2024;10:45;36,4615
21.12.2024;11:00;36,451
21.12.2024;11:15;36,4565
21.12.2024;11:30;36,462
21.12.2024;11:45;36,4675
21.12.2024;12:00;36,473
21.12.2024;12:15;36,439750000000004
21.12.2024;12:30;36,4065
21.12.2024;12:45;36,37325
21.12.2024;13:00;36,34
21.12.2024;13:15;36,240500000000004
21.12.2024;13:30;36,141000000000005
21.12.2024;13:45;36,0415
21.12.2024;14:00;35,942
21.12.2024;14:15;35,976
21.12.2024;14:30;36,010000000000005
21.12.2024;14:45;36,044000000000004
21.12.2024;15:00;36,078
21.12.2024;15:15;36,128750000000004
21.12.2024;15:30;36,179500000000004
21.12.2024;15:45;36,23025
21.12.2024;16:00;36,281
21.12.2024;16:15;36,28
21.12.2024;16:30;36,278999999999996
21.12.2024;16:45;36,278
21.12.2024;17:00;36,277
21.12.2024;17:15;36,244
21.12.2024;17:30;36,211
21.12.2024;17:45;36,178000000000004
21.12.2024;18:00;36,145
21.12.2024;18:15;35,9645
21.12.2024;18:30;35,784000000000006
21.12.2024;18:45;35,603500000000004
21.12.2024;19:00;35,423
21.12.2024;19:15;35,28725
21.12.2024;19:30;35,1515
21.12.2024;19:45;35,015750000000004
21.12.2024;20:00;34,88
21.12.2024;20:15;34,620000000000005
21.12.2024;20:30;34,36
21.12.2024;20:45;34,1
21.12.2024;21:00;33,84
21.12.2024;21:15;33,792500000000004
21.12.2024;21:30;33,745000000000005
21.12.2024;21:45;33,6975
21.12.2024;22:00;33,65
21.12.2024;22:15;33,6
21.12.2024;22:30;33,55
21.12.2024;22:45;33,5
21.12.2024;23:00;33,45
21.12.2024;23:15;33,425000000000004
21.12.2024;23:30;33,400000000000006
21.12.2024;23:45;33,375
22.12.2024;00:00;33,35
22.12.2024;00:15;33,34925
22.12.2024;00:30;33,3485
22.12.2024;00:45;33,347750000000005
22.12.2024;01:00;33,347
22.12.2024;01:15;33,33625
22.12.2024;01:30;33,325500000000005
22.12.2024;01:45;33,314750000000004
22.12.2024;02:00;33,304
22.12.2024;02:15;33,289500000000004
22.12.2024;02:30;33,275000000000006
22.12.2024;02:45;33,2605
22.12.2024;03:00;33,246
22.12.2024;03:15;33,2205
22.12.2024;03:30;33,195
22.12.2024;03:45;33,1695
22.12.2024;04:00;33,144
22.12.2024;04:15;33,183749999999996
22.12.2024;04:30;33,2235
22.12.2024;04:45;33,26325
22.12.2024;05:00;33,303
22.12.2024;05:15;33,29774999999999
22.12.2024;05:30;33,2925
22.12.2024;05:45;33,28725
22.12.2024;06:00;33,282
22.12.2024;06:15;33,296
22.12.2024;06:30;33,31
22.12.2024;06:45;33,324
22.12.2024;07:00;33,338
22.12.2024;07:15;33,4275
22.12.2024;07:30;33,516999999999996
22.12.2024;07:45;33,6065
22.12.2024;08:00;33,696
22.12.2024;08:15;34,1245
22.12.2024;08:30;34,553
22.12.2024;08:45;34,9815
22.12.2024;09:00;35,41
22.12.2024;09:15;35,399249999999995
22.12.2024;09:30;35,38849999999999
22.12.2024;09:45;35,37775
22.12.2024;10:00;35,367
22.12.2024;10:15;35,437749999999994
22.12.2024;10:30;35,5085
22.12.2024;10:45;35,57925
22.12.2024;11:00;35,65
22.12.2024;11:15;35,604749999999996
22.12.2024;11:30;35,5595
22.12.2024;11:45;35,514250000000004
22.12.2024;12:00;35,469
22.12.2024;12:15;35,474000000000004
22.12.2024;12:30;35,479
22.12.2024;12:45;35,483999999999995
22.12.2024;13:00;35,489
22.12.2024;13:15;35,65475
22.12.2024;13:30;35,820499999999996
22.12.2024;13:45;35,98625
22.12.2024;14:00;36,152
22.12.2024;14:15;36,49575
22.12.2024;14:30;36,8395
22.12.2024;14:45;37,18325
22.12.2024;15:00;37,527
22.12.2024;15:15;37,656
22.12.2024;15:30;37,785
22.12.2024;15:45;37,914
22.12.2024;16:00;38,043
22.12.2024;16:15;38,5065
22.12.2024;16:30;38,97
22.12.2024;16:45;39,433499999999995
22.12.2024;17:00;39,897
22.12.2024;17:15;39,78
22.12.2024;17:30;39,663
22.12.2024;17:45;39,546
22.12.2024;18:00;39,429
22.12.2024;18:15;39,3645
22.12.2024;18:30;39,3
22.12.2024;18:45;39,2355
22.12.2024;19:00;39,171
22.12.2024;19:15;38,888999999999996
22.12.2024;19:30;38,607
22.12.2024;19:45;38,325
22.12.2024;20:00;38,043
22.12.2024;20:15;37,786249999999995
22.12.2024;20:30;37,5295
22.12.2024;20:45;37,27275
22.12.2024;21:00;37,016
22.12.2024;21:15;37,0045
22.12.2024;21:30;36,992999999999995
22.12.2024;21:45;36,9815
22.12.2024;22:00;36,97
22.12.2024;22:15;36,677499999999995
22.12.2024;22:30;36,385
22.12.2024;22:45;36,0925
22.12.2024;23:00;35,8
22.12.2024;23:15;35,917249999999996
22.12.2024;23:30;36,034499999999994
22.12.2024;23:45;36,15175
23.12.2024;00:00;36,269
23.12.2024;00:15;36,0425
23.12.2024;00:30;35,816
23.12.2024;00:45;35,5895
23.12.2024;01:00;35,363
23.12.2024;01:15;35,2175
23.12.2024;01:30;35,072
23.12.2024;01:45;34,9265
23.12.2024;02:00;34,781
23.12.2024;02:15;34,65125
23.12.2024;02:30;34,5215
23.12.2024;02:45;34,39175
23.12.2024;03:00;34,262
23.12.2024;03:15;34,2785
23.12.2024;03:30;34,295
23.12.2024;03:45;34,3115
23.12.2024;04:00;34,328
23.12.2024;04:15;34,453500000000005
23.12.2024;04:30;34,579
23.12.2024;04:45;34,704499999999996
23.12.2024;05:00;34,83
23.12.2024;05:15;34,89475
23.12.2024;05:30;34,9595
23.12.2024;05:45;35,024249999999995
23.12.2024;06:00;35,089
23.12.2024;06:15;35,954499999999996
23.12.2024;06:30;36,82
23.12.2024;06:45;37,685500000000005
23.12.2024;07:00;38,551
23.12.2024;07:15;38,73425
23.12.2024;07:30;38,917500000000004
23.12.2024;07:45;39,10075
23.12.2024;08:00;39,284
23.12.2024;08:15;39,291
23.12.2024;08:30;39,298
23.12.2024;08:45;39,305
23.12.2024;09:00;39,312
23.12.2024;09:15;39,13975
23.12.2024;09:30;38,9675
23.12.2024;09:45;38,795249999999996
23.12.2024;10:00;38,623
23.12.2024;10:15;38,604749999999996
23.12.2024;10:30;38,5865
23.12.2024;10:45;38,56825
23.12.2024;11:00;38,55
23.12.2024;11:15;38,60425
23.12.2024;11:30;38,658500000000004
23.12.2024;11:45;38,71275
23.12.2024;12:00;38,767
23.12.2024;12:15;38,783
23.12.2024;12:30;38,79900000000001
23.12.2024;12:45;38,815000000000005
23.12.2024;13:00;38,831
23.12.2024;13:15;38,999750000000006
23.12.2024;13:30;39,1685
23.12.2024;13:45;39,33725
23.12.2024;14:00;39,506
23.12.2024;14:15;39,80925
23.12.2024;14:30;40,1125
23.12.2024;14:45;40,41575
23.12.2024;15:00;40,719
23.12.2024;15:15;40,94075
23.12.2024;15:30;41,1625
23.12.2024;15:45;41,38425
23.12.2024;16:00;41,606
23.12.2024;16:15;41,99825
23.12.2024;16:30;42,3905
23.12.2024;16:45;42,78275
23.12.2024;17:00;43,175
23.12.2024;17:15;43,262499999999996
23.12.2024;17:30;43,349999999999994
23.12.2024;17:45;43,4375
23.12.2024;18:00;43,525
23.12.2024;18:15;43,418
23.12.2024;18:30;43,311
23.12.2024;18:45;43,204
23.12.2024;19:00;43,097
23.12.2024;19:15;42,975
23.12.2024;19:30;42,853
23.12.2024;19:45;42,731
23.12.2024;20:00;42,609
23.12.2024;20:15;43,0015
23.12.2024;20:30;43,394000000000005
23.12.2024;20:45;43,786500000000004
23.12.2024;21:00;44,179
23.12.2024;21:15;44,11725
23.12.2024;21:30;44,0555
23.12.2024;21:45;43,993750000000006
23.12.2024;22:00;43,932
23.12.2024;22:15;43,71125
23.12.2024;22:30;43,4905
23.12.2024;22:45;43,26975
23.12.2024;23:00;43,049
23.12.2024;23:15;42,775
23.12.2024;23:30;42,501000000000005
23.12.2024;23:45;42,227000000000004
24.12.2024;00:00;41,953
24.12.2024;00:15;41,87325
24.12.2024;00:30;41,7935
24.12.2024;00:45;41,713750000000005
24.12.2024;01:00;41,634
24.12.2024;01:15;41,61025
24.12.2024;01:30;41,5865
24.12.2024;01:45;41,56275
24.12.2024;02:00;41,539
24.12.2024;02:15;41,44175
24.12.2024;02:30;41,3445
24.12.2024;02:45;41,24725
24.12.2024;03:00;41,15
24.12.2024;03:15;41,1695
24.12.2024;03:30;41,189
24.12.2024;03:45;41,2085
24.12.2024;04:00;41,228
24.12.2024;04:15;41,2735
24.12.2024;04:30;41,319
24.12.2024;04:45;41,3645
24.12.2024;05:00;41,41
24.12.2024;05:15;41,52175
24.12.2024;05:30;41,6335
24.12.2024;05:45;41,74525
24.12.2024;06:00;41,857
24.12.2024;06:15;42,251
24.12.2024;06:30;42,644999999999996
24.12.2024;06:45;43,039
24.12.2024;07:00;43,433
24.12.2024;07:15;43,789500000000004
24.12.2024;07:30;44,146
24.12.2024;07:45;44,5025
24.12.2024;08:00;44,859
24.12.2024;08:15;45,0055
24.12.2024;08:30;45,152
24.12.2024;08:45;45,298500000000004
24.12.2024;09:00;45,445
24.12.2024;09:15;45,42125
24.12.2024;09:30;45,3975
24.12.2024;09:45;45,37375
24.12.2024;10:00;45,35
24.12.2024;10:15;45,304
24.12.2024;10:30;45,257999999999996
24.12.2024;10:45;45,211999999999996
24.12.2024;11:00;45,166
24.12.2024;11:15;45,149249999999995
24.12.2024;11:30;45,13249999999999
24.12.2024;11:45;45,11575
24.12.2024;12:00;45,099
24.12.2024;12:15;45,04625
24.12.2024;12:30;44,9935
24.12.2024;12:45;44,940749999999994
24.12.2024;13:00;44,888
24.12.2024;13:15;44,953
24.12.2024;13:30;45,018
24.12.2024;13:45;45,083
24.12.2024;14:00;45,148
24.12.2024;14:15;45,186
24.12.2024;14:30;45,224000000000004
24.12.2024;14:45;45,262
24.12.2024;15:00;45,3
24.12.2024;15:15;45,31775
24.12.2024;15:30;45,335499999999996
24.12.2024;15:45;45,35325
24.12.2024;16:00;45,371
24.12.2024;16:15;45,31575
24.12.2024;16:30;45,2605
24.12.2024;16:45;45,20525
24.12.2024;17:00;45,15
24.12.2024;17:15;44,9745
24.12.2024;17:30;44,799
24.12.2024;17:45;44,6235
24.12.2024;18:00;44,448
24.12.2024;18:15;44,315
24.12.2024;18:30;44,182
24.12.2024;18:45;44,049
24.12.2024;19:00;43,916
24.12.2024;19:15;43,838499999999996
24.12.2024;19:30;43,760999999999996
24.12.2024;19:45;43,6835
24.12.2024;20:00;43,606
24.12.2024;20:15;43,40775
24.12.2024;20:30;43,209500000000006
24.12.2024;20:45;43,011250000000004
24.12.2024;21:00;42,813
24.12.2024;21:15;42,92325
24.12.2024;21:30;43,033500000000004
24.12.2024;21:45;43,14375
24.12.2024;22:00;43,254
24.12.2024;22:15;43,028
24.12.2024;22:30;42,802
24.12.2024;22:45;42,576
24.12.2024;23:00;42,35
24.12.2024;23:15;42,38425
24.12.2024;23:30;42,4185
24.12.2024;23:45;42,45275
25.12.2024;00:00;42,487
25.12.2024;00:15;42,36375
25.12.2024;00:30;42,2405
25.12.2024;00:45;42,11725
25.12.2024;01:00;41,994
25.12.2024;01:15;41,95975
25.12.2024;01:30;41,9255
25.12.2024;01:45;41,89125
25.12.2024;02:00;41,857
25.12.2024;02:15;41,7505
25.12.2024;02:30;41,644
25.12.2024;02:45;41,537499999999994
25.12.2024;03:00;41,431
25.12.2024;03:15;41,3105
25.12.2024;03:30;41,19
25.12.2024;03:45;41,0695
25.12.2024;04:00;40,949
25.12.2024;04:15;41,0695
25.12.2024;04:30;41,19
25.12.2024;04:45;41,3105
25.12.2024;05:00;41,431
25.12.2024;05:15;41,486
25.12.2024;05:30;41,541
25.12.2024;05:45;41,596000000000004
25.12.2024;06:00;41,651
25.12.2024;06:15;41,699250000000006
25.12.2024;06:30;41,7475
25.12.2024;06:45;41,79575
25.12.2024;07:00;41,844
25.12.2024;07:15;41,975750000000005
25.12.2024;07:30;42,1075
25.12.2024;07:45;42,23925
25.12.2024;08:00;42,371
25.12.2024;08:15;42,59675
25.12.2024;08:30;42,822500000000005
25.12.2024;08:45;43,04825
25.12.2024;09:00;43,274
25.12.2024;09:15;43,132000000000005
25.12.2024;09:30;42,99
25.12.2024;09:45;42,848
25.12.2024;10:00;42,706
25.12.2024;10:15;42,68075
25.12.2024;10:30;42,6555
25.12.2024;10:45;42,63025
25.12.2024;11:00;42,605
25.12.2024;11:15;42,6515
25.12.2024;11:30;42,69799999999999
25.12.2024;11:45;42,744499999999995
25.12.2024;12:00;42,791
25.12.2024;12:15;42,7065
25.12.2024;12:30;42,622
25.12.2024;12:45;42,5375
25.12.2024;13:00;42,453
25.12.2024;13:15;42,6565
25.12.2024;13:30;42,86
25.12.2024;13:45;43,063500000000005
25.12.2024;14:00;43,267
25.12.2024;14:15;43,605000000000004
25.12.2024;14:30;43,943
25.12.2024;14:45;44,281
25.12.2024;15:00;44,619
25.12.2024;15:15;44,752
25.12.2024;15:30;44,885000000000005
25.12.2024;15:45;45,018
25.12.2024;16:00;45,151
25.12.2024;16:15;45,214
25.12.2024;16:30;45,277
25.12.2024;16:45;45,34
25.12.2024;17:00;45,403
25.12.2024;17:15;45,3675
25.12.2024;17:30;45,332
25.12.2024;17:45;45,2965
25.12.2024;18:00;45,261
25.12.2024;18:15;45,23350000000001
25.12.2024;18:30;45,206
25.12.2024;18:45;45,1785
25.12.2024;19:00;45,151
25.12.2024;19:15;45,159000000000006
25.12.2024;19:30;45,167
25.12.2024;19:45;45,175
25.12.2024;20:00;45,183
25.12.2024;20:15;45,05
25.12.2024;20:30;44,917
25.12.2024;20:45;44,784000000000006
25.12.2024;21:00;44,651
25.12.2024;21:15;44,6775
25.12.2024;21:30;44,704
25.12.2024;21:45;44,7305
25.12.2024;22:00;44,757
25.12.2024;22:15;44,521
25.12.2024;22:30;44,285
25.12.2024;22:45;44,049
25.12.2024;23:00;43,813
25.12.2024;23:15;43,7515
25.12.2024;23:30;43,69
25.12.2024;23:45;43,6285
26.12.2024;00:00;43,567
26.12.2024;00:15;43,389250000000004
26.12.2024;00:30;43,2115
26.12.2024;00:45;43,03375
26.12.2024;01:00;42,856
26.12.2024;01:15;42,844750000000005
26.12.2024;01:30;42,8335
26.12.2024;01:45;42,82225
26.12.2024;02:00;42,811
26.12.2024;02:15;42,68675
26.12.2024;02:30;42,5625
26.12.2024;02:45;42,43825
26.12.2024;03:00;42,314
26.12.2024;03:15;42,34475
26.12.2024;03:30;42,3755
26.12.2024;03:45;42,40625
26.12.2024;04:00;42,437
26.12.2024;04:15;42,54275
26.12.2024;04:30;42,6485
26.12.2024;04:45;42,75425
26.12.2024;05:00;42,86
26.12.2024;05:15;42,957499999999996
26.12.2024;05:30;43,055
26.12.2024;05:45;43,1525
26.12.2024;06:00;43,25
26.12.2024;06:15;43,59025
26.12.2024;06:30;43,930499999999995
26.12.2024;06:45;44,27075
26.12.2024;07:00;44,611
26.12.2024;07:15;44,77325
26.12.2024;07:30;44,9355
26.12.2024;07:45;45,09775
26.12.2024;08:00;45,26
26.12.2024;08:15;45,23825
26.12.2024;08:30;45,216499999999996
26.12.2024;08:45;45,19475
26.12.2024;09:00;45,173
26.12.2024;09:15;45,048500000000004
26.12.2024;09:30;44,924
26.12.2024;09:45;44,799499999999995
26.12.2024;10:00;44,675
26.12.2024;10:15;44,494
26.12.2024;10:30;44,313
26.12.2024;10:45;44,132
26.12.2024;11:00;43,951
26.12.2024;11:15;43,9935
26.12.2024;11:30;44,036
26.12.2024;11:45;44,078500000000005
26.12.2024;12:00;44,121
26.12.2024;12:15;44,02575
26.12.2024;12:30;43,9305
26.12.2024;12:45;43,83525
26.12.2024;13:00;43,74
26.12.2024;13:15;43,8835
26.12.2024;13:30;44,027
26.12.2024;13:45;44,170500000000004
26.12.2024;14:00;44,314
26.12.2024;14:15;44,59175
26.12.2024;14:30;44,8695
26.12.2024;14:45;45,14725
26.12.2024;15:00;45,425
26.12.2024;15:15;45,64725
26.12.2024;15:30;45,8695
26.12.2024;15:45;46,09175
26.12.2024;16:00;46,314
26.12.2024;16:15;46,5205
26.12.2024;16:30;46,727000000000004
26.12.2024;16:45;46,9335
26.12.2024;17:00;47,14
26.12.2024;17:15;47,14375
26.12.2024;17:30;47,1475
26.12.2024;17:45;47,151250000000005
26.12.2024;18:00;47,155
26.12.2024;18:15;47,0965
26.12.2024;18:30;47,038
26.12.2024;18:45;46,9795
26.12.2024;19:00;46,921
26.12.2024;19:15;46,7565
26.12.2024;19:30;46,592
26.12.2024;19:45;46,427499999999995
26.12.2024;20:00;46,263
26.12.2024;20:15;46,056
26.12.2024;20:30;45,849000000000004
26.12.2024;20:45;45,642
26.12.2024;21:00;45,435
26.12.2024;21:15;45,50125
26.12.2024;21:30;45,5675
26.12.2024;21:45;45,633750000000006
26.12.2024;22:00;45,7
26.12.2024;22:15;45,537000000000006
26.12.2024;22:30;45,374
26.12.2024;22:45;45,211
26.12.2024;23:00;45,048
26.12.2024;23:15;44,79325
26.12.2024;23:30;44,5385
26.12.2024;23:45;44,283750000000005
27.12.2024;00:00;44,029
27.12.2024;00:15;43,89725
27.12.2024;00:30;43,7655
27.12.2024;00:45;43,633750000000006
27.12.2024;01:00;43,502
27.12.2024;01:15;43,48975
27.12.2024;01:30;43,477500000000006
27.12.2024;01:45;43,465250000000005
27.12.2024;02:00;43,453
27.12.2024;02:15;43,42075
27.12.2024;02:30;43,3885
27.12.2024;02:45;43,35625
27.12.2024;03:00;43,324
27.12.2024;03:15;43,32
27.12.2024;03:30;43,316
27.12.2024;03:45;43,312
27.12.2024;04:00;43,308
27.12.2024;04:15;43,4735
27.12.2024;04:30;43,638999999999996
27.12.2024;04:45;43,8045
27.12.2024;05:00;43,97
27.12.2024;05:15;44,207499999999996
27.12.2024;05:30;44,445
27.12.2024;05:45;44,682500000000005
27.12.2024;06:00;44,92
27.12.2024;06:15;45,134750000000004
27.12.2024;06:30;45,349500000000006
27.12.2024;06:45;45,56425
27.12.2024;07:00;45,779
27.12.2024;07:15;45,968
27.12.2024;07:30;46,157
27.12.2024;07:45;46,346
27.12.2024;08:00;46,535
27.12.2024;08:15;46,4925
27.12.2024;08:30;46,45
27.12.2024;08:45;46,4075
27.12.2024;09:00;46,365
27.12.2024;09:15;46,11375
27.12.2024;09:30;45,8625
27.12.2024;09:45;45,61125
27.12.2024;10:00;45,36
27.12.2024;10:15;45,056
27.12.2024;10:30;44,751999999999995
27.12.2024;10:45;44,448
27.12.2024;11:00;44,144
27.12.2024;11:15;44,14075
27.12.2024;11:30;44,1375
27.12.2024;11:45;44,13425
27.12.2024;12:00;44,131
27.12.2024;12:15;44,13425
27.12.2024;12:30;44,1375
27.12.2024;12:45;44,14075
27.12.2024;13:00;44,144
27.12.2024;13:15;44,48675
27.12.2024;13:30;44,829499999999996
27.12.2024;13:45;45,17225
27.12.2024;14:00;45,515
27.12.2024;14:15;45,88525
27.12.2024;14:30;46,2555
27.12.2024;14:45;46,625750000000004
27.12.2024;15:00;46,996
27.12.2024;15:15;47,240750000000006
27.12.2024;15:30;47,4855
27.12.2024;15:45;47,73025
27.12.2024;16:00;47,975
27.12.2024;16:15;48,11375
27.12.2024;16:30;48,2525
27.12.2024;16:45;48,39125
27.12.2024;17:00;48,53
27.12.2024;17:15;48,695
27.12.2024;17:30;48,86
27.12.2024;17:45;49,025
27.12.2024;18:00;49,19
27.12.2024;18:15;48,89075
27.12.2024;18:30;48,591499999999996
27.12.2024;18:45;48,29225
27.12.2024;19:00;47,993
27.12.2024;19:15;47,66075
27.12.2024;19:30;47,328500000000005
27.12.2024;19:45;46,99625
27.12.2024;20:00;46,664
27.12.2024;20:15;46,471000000000004
27.12.2024;20:30;46,278000000000006
27.12.2024;20:45;46,085
27.12.2024;21:00;45,892
27.12.2024;21:15;45,9255
27.12.2024;21:30;45,959
27.12.2024;21:45;45,99250000000001
27.12.2024;22:00;46,026
27.12.2024;22:15;45,707
27.12.2024;22:30;45,388000000000005
27.12.2024;22:45;45,069
27.12.2024;23:00;44,75
27.12.2024;23:15;45,06
27.12.2024;23:30;45,370000000000005
27.12.2024;23:45;45,68
28.12.2024;00:00;45,99
28.12.2024;00:15;45,74575
28.12.2024;00:30;45,5015
28.12.2024;00:45;45,25725
28.12.2024;01:00;45,013
28.12.2024;01:15;44,851
28.12.2024;01:30;44,689
28.12.2024;01:45;44,527
28.12.2024;02:00;44,365
28.12.2024;02:15;44,25925
28.12.2024;02:30;44,1535
28.12.2024;02:45;44,04775
28.12.2024;03:00;43,942
28.12.2024;03:15;43,86725
28.12.2024;03:30;43,792500000000004
28.12.2024;03:45;43,71775
28.12.2024;04:00;43,643
28.12.2024;04:15;43,70925
28.12.2024;04:30;43,7755
28.12.2024;04:45;43,841750000000005
28.12.2024;05:00;43,908
28.12.2024;05:15;44,011250000000004
28.12.2024;05:30;44,1145
28.12.2024;05:45;44,217749999999995
28.12.2024;06:00;44,321
28.12.2024;06:15;44,68425
28.12.2024;06:30;45,0475
28.12.2024;06:45;45,41075
28.12.2024;07:00;45,774
28.12.2024;07:15;45,868
28.12.2024;07:30;45,962
28.12.2024;07:45;46,056
28.12.2024;08:00;46,15
28.12.2024;08:15;46,1575
28.12.2024;08:30;46,165
28.12.2024;08:45;46,1725
28.12.2024;09:00;46,18
28.12.2024;09:15;46,04325
28.12.2024;09:30;45,9065
28.12.2024;09:45;45,76975
28.12.2024;10:00;45,633
28.12.2024;10:15;45,39725
28.12.2024;10:30;45,161500000000004
28.12.2024;10:45;44,92575
28.12.2024;11:00;44,69
28.12.2024;11:15;44,57925
28.12.2024;11:30;44,4685
28.12.2024;11:45;44,357749999999996
28.12.2024;12:00;44,247
28.12.2024;12:15;44,272999999999996
28.12.2024;12:30;44,299
28.12.2024;12:45;44,325
28.12.2024;13:00;44,351
28.12.2024;13:15;44,5465
28.12.2024;13:30;44,742000000000004
28.12.2024;13:45;44,9375
28.12.2024;14:00;45,133
28.12.2024;14:15;45,633250000000004
28.12.2024;14:30;46,1335
28.12.2024;14:45;46,63375
28.12.2024;15:00;47,134
28.12.2024;15:15;47,26925
28.12.2024;15:30;47,4045
28.12.2024;15:45;47,53975
28.12.2024;16:00;47,675
28.12.2024;16:15;47,89375
28.12.2024;16:30;48,1125
28.12.2024;16:45;48,33125
28.12.2024;17:00;48,55
28.12.2024;17:15;48,437749999999994
28.12.2024;17:30;48,3255
28.12.2024;17:45;48,21325
28.12.2024;18:00;48,101
28.12.2024;18:15;47,92525
28.12.2024;18:30;47,7495
28.12.2024;18:45;47,573750000000004
28.12.2024;19:00;47,398
28.12.2024;19:15;47,11750000000001
28.12.2024;19:30;46,837
28.12.2024;19:45;46,5565
28.12.2024;20:00;46,276
28.12.2024;20:15;46,192
28.12.2024;20:30;46,108000000000004
28.12.2024;20:45;46,024
28.12.2024;21:00;45,94
28.12.2024;21:15;45,82375
28.12.2024;21:30;45,707499999999996
28.12.2024;21:45;45,59125
28.12.2024;22:00;45,475
28.12.2024;22:15;45,317
28.12.2024;22:30;45,159000000000006
28.12.2024;22:45;45,001000000000005
28.12.2024;23:00;44,843
28.12.2024;23:15;45,1545
28.12.2024;23:30;45,466
28.12.2024;23:45;45,7775
29.12.2024;00:00;46,089
29.12.2024;00:15;45,7565
29.12.2024;00:30;45,424
29.12.2024;00:45;45,091499999999996
29.12.2024;01:00;44,759
29.12.2024;01:15;44,5995
29.12.2024;01:30;44,44
29.12.2024;01:45;44,2805
29.12.2024;02:00;44,121
29.12.2024;02:15;43,97075
29.12.2024;02:30;43,8205
29.12.2024;02:45;43,67025
29.12.2024;03:00;43,52
29.12.2024;03:15;43,42075
29.12.2024;03:30;43,3215
29.12.2024;03:45;43,22225
29.12.2024;04:00;43,123
29.12.2024;04:15;43,144999999999996
29.12.2024;04:30;43,167
29.12.2024;04:45;43,189
29.12.2024;05:00;43,211
29.12.2024;05:15;43,199749999999995
29.12.2024;05:30;43,1885
29.12.2024;05:45;43,17725
29.12.2024;06:00;43,166
29.12.2024;06:15;43,26425
29.12.2024;06:30;43,3625
29.12.2024;06:45;43,46075
29.12.2024;07:00;43,559
29.12.2024;07:15;43,774499999999996
29.12.2024;07:30;43,989999999999995
29.12.2024;07:45;44,2055
29.12.2024;08:00;44,421
29.12.2024;08:15;44,5195
29.12.2024;08:30;44,617999999999995
29.12.2024;08:45;44,716499999999996
29.12.2024;09:00;44,815
29.12.2024;09:15;44,5505
29.12.2024;09:30;44,286
29.12.2024;09:45;44,021499999999996
29.12.2024;10:00;43,757
29.12.2024;10:15;43,66
29.12.2024;10:30;43,563
29.12.2024;10:45;43,466
29.12.2024;11:00;43,369
29.12.2024;11:15;43,38225
29.12.2024;11:30;43,3955
29.12.2024;11:45;43,40875
29.12.2024;12:00;43,422
29.12.2024;12:15;43,39725
29.12.2024;12:30;43,3725
29.12.2024;12:45;43,34775
29.12.2024;13:00;43,323
29.12.2024;13:15;43,29075
29.12.2024;13:30;43,2585
29.12.2024;13:45;43,22625
29.12.2024;14:00;43,194
29.12.2024;14:15;43,33325
29.12.2024;14:30;43,4725
29.12.2024;14:45;43,61175
29.12.2024;15:00;43,751
29.12.2024;15:15;44,194
29.12.2024;15:30;44,637
29.12.2024;15:45;45,08
29.12.2024;16:00;45,523
29.12.2024;16:15;45,52975
29.12.2024;16:30;45,536500000000004
29.12.2024;16:45;45,54325
29.12.2024;17:00;45,55
29.12.2024;17:15;45,65275
29.12.2024;17:30;45,7555
29.12.2024;17:45;45,85825
29.12.2024;18:00;45,961
29.12.2024;18:15;45,84175
29.12.2024;18:30;45,7225
29.12.2024;18:45;45,60325
29.12.2024;19:00;45,484
29.12.2024;19:15;45,1985
29.12.2024;19:30;44,913
29.12.2024;19:45;44,6275
29.12.2024;20:00;44,342
29.12.2024;20:15;43,84925
29.12.2024;20:30;43,3565
29.12.2024;20:45;42,86375
29.12.2024;21:00;42,371
29.12.2024;21:15;42,2105
29.12.2024;21:30;42,05
29.12.2024;21:45;41,8895
29.12.2024;22:00;41,729
29.12.2024;22:15;41,425
29.12.2024;22:30;41,120999999999995
29.12.2024;22:45;40,817
29.12.2024;23:00;40,513
29.12.2024;23:15;40,5155
29.12.2024;23:30;40,518
29.12.2024;23:45;40,5205
30.12.2024;00:00;40,523
30.12.2024;00:15;40,44475
30.12.2024;00:30;40,3665
30.12.2024;00:45;40,288250000000005
30.12.2024;01:00;40,21
30.12.2024;01:15;40,21
30.12.2024;01:30;40,21
30.12.2024;01:45;40,21
30.12.2024;02:00;40,21
30.12.2024;02:15;40,11125
30.12.2024;02:30;40,0125
30.12.2024;02:45;39,91375
30.12.2024;03:00;39,815
30.12.2024;03:15;39,870999999999995
30.12.2024;03:30;39,927
30.12.2024;03:45;39,983000000000004
30.12.2024;04:00;40,039
30.12.2024;04:15;40,096000000000004
30.12.2024;04:30;40,153000000000006
30.12.2024;04:45;40,21
30.12.2024;05:00;40,267
30.12.2024;05:15;40,316250000000004
30.12.2024;05:30;40,3655
30.12.2024;05:45;40,41475
30.12.2024;06:00;40,464
30.12.2024;06:15;40,6905
30.12.2024;06:30;40,917
30.12.2024;06:45;41,143499999999996
30.12.2024;07:00;41,37
30.12.2024;07:15;41,522499999999994
30.12.2024;07:30;41,675
30.12.2024;07:45;41,8275
30.12.2024;08:00;41,98
30.12.2024;08:15;41,998999999999995
30.12.2024;08:30;42,018
30.12.2024;08:45;42,037
30.12.2024;09:00;42,056
30.12.2024;09:15;41,972249999999995
30.12.2024;09:30;41,88849999999999
30.12.2024;09:45;41,80475
30.12.2024;10:00;41,721
30.12.2024;10:15;41,600249999999996
30.12.2024;10:30;41,4795
30.12.2024;10:45;41,35875
30.12.2024;11:00;41,238
30.12.2024;11:15;41,3375
30.12.2024;11:30;41,437
30.12.2024;11:45;41,536500000000004
30.12.2024;12:00;41,636
30.12.2024;12:15;41,577
30.12.2024;12:30;41,518
30.12.2024;12:45;41,459
30.12.2024;13:00;41,4
30.12.2024;13:15;41,48
30.12.2024;13:30;41,56
30.12.2024;13:45;41,64
30.12.2024;14:00;41,72
30.12.2024;14:15;41,938
30.12.2024;14:30;42,156
30.12.2024;14:45;42,373999999999995
30.12.2024;15:00;42,592
30.12.2024;15:15;42,705749999999995
30.12.2024;15:30;42,8195
30.12.2024;15:45;42,93325
30.12.2024;16:00;43,047
30.12.2024;16:15;43,372
30.12.2024;16:30;43,697
30.12.2024;16:45;44,022
30.12.2024;17:00;44,347
30.12.2024;17:15;44,097750000000005
30.12.2024;17:30;43,8485
30.12.2024;17:45;43,59925
30.12.2024;18:00;43,35
30.12.2024;18:15;43,0155
30.12.2024;18:30;42,681
30.12.2024;18:45;42,3465
30.12.2024;19:00;42,012
30.12.2024;19:15;41,71725
30.12.2024;19:30;41,4225
30.12.2024;19:45;41,12775
30.12.2024;20:00;40,833
30.12.2024;20:15;40,66275
30.12.2024;20:30;40,4925
30.12.2024;20:45;40,32225
30.12.2024;21:00;40,152
30.12.2024;21:15;40,133
30.12.2024;21:30;40,114000000000004
30.12.2024;21:45;40,095
30.12.2024;22:00;40,076
30.12.2024;22:15;39,286
30.12.2024;22:30;38,495999999999995
30.12.2024;22:45;37,705999999999996
30.12.2024;23:00;36,916
30.12.2024;23:15;37,28675
30.12.2024;23:30;37,6575
30.12.2024;23:45;38,02825
31.12.2024;00:00;38,399
31.12.2024;00:15;38,28425
31.12.2024;00:30;38,1695
31.12.2024;00:45;38,05475
31.12.2024;01:00;37,94
31.12.2024;01:15;38,20325
31.12.2024;01:30;38,466499999999996
31.12.2024;01:45;38,72975
31.12.2024;02:00;38,993
31.12.2024;02:15;39,00875
31.12.2024;02:30;39,0245
31.12.2024;02:45;39,04025
31.12.2024;03:00;39,056
31.12.2024;03:15;39,2275
31.12.2024;03:30;39,399
31.12.2024;03:45;39,570499999999996
31.12.2024;04:00;39,742
31.12.2024;04:15;39,736999999999995
31.12.2024;04:30;39,732
31.12.2024;04:45;39,727000000000004
31.12.2024;05:00;39,722
31.12.2024;05:15;39,7215
31.12.2024;05:30;39,721000000000004
31.12.2024;05:45;39,7205
31.12.2024;06:00;39,72
31.12.2024;06:15;39,91825
31.12.2024;06:30;40,1165
31.12.2024;06:45;40,31475
31.12.2024;07:00;40,513
31.12.2024;07:15;40,683
31.12.2024;07:30;40,852999999999994
31.12.2024;07:45;41,022999999999996
31.12.2024;08:00;41,193
31.12.2024;08:15;41,318749999999994
31.12.2024;08:30;41,4445
31.12.2024;08:45;41,57025
31.12.2024;09:00;41,696
31.12.2024;09:15;41,67125
31.12.2024;09:30;41,6465
31.12.2024;09:45;41,62175
31.12.2024;10:00;41,597
31.12.2024;10:15;41,561
31.12.2024;10:30;41,525000000000006
31.12.2024;10:45;41,489000000000004
31.12.2024;11:00;41,453
31.12.2024;11:15;41,456500000000005
31.12.2024;11:30;41,46
31.12.2024;11:45;41,463499999999996
31.12.2024;12:00;41,467
31.12.2024;12:15;41,411
31.12.2024;12:30;41,355000000000004
31.12.2024;12:45;41,299
31.12.2024;13:00;41,243
31.12.2024;13:15;41,19075
31.12.2024;13:30;41,1385
31.12.2024;13:45;41,08625
31.12.2024;14:00;41,034
31.12.2024;14:15;41,16475
31.12.2024;14:30;41,295500000000004
31.12.2024;14:45;41,42625
31.12.2024;15:00;41,557
31.12.2024;15:15;41,597
31.12.2024;15:30;41,637
31.12.2024;15:45;41,677
31.12.2024;16:00;41,717
31.12.2024;16:15;41,7065
31.12.2024;16:30;41,696
31.12.2024;16:45;41,6855
31.12.2024;17:00;41,675
31.12.2024;17:15;41,53575
31.12.2024;17:30;41,3965
31.12.2024;17:45;41,25725
31.12.2024;18:00;41,118
31.12.2024;18:15;40,87025
31.12.2024;18:30;40,6225
31.12.2024;18:45;40,374750000000006
31.12.2024;19:00;40,127
31.12.2024;19:15;39,32175
31.12.2024;19:30;38,5165
31.12.2024;19:45;37,71125
31.12.2024;20:00;36,906
31.12.2024;20:15;36,4095
31.12.2024;20:30;35,913
31.12.2024;20:45;35,4165
31.12.2024;21:00;34,92
31.12.2024;21:15;34,754000000000005
31.12.2024;21:30;34,588
31.12.2024;21:45;34,422
31.12.2024;22:00;34,256
31.12.2024;22:15;34,042500000000004
31.12.2024;22:30;33,829
31.12.2024;22:45;33,6155
31.12.2024;23:00;33,402
31.12.2024;23:15;33,402
31.12.2024;23:30;33,402
31.12.2024;23:45;33,402