elektrische Last,Wärmelast
0.433394433,3.075630621
1.030247247,3.036576765
0.542903496,3.008365006
0.58444305,2.99539086
0.524573043,2.987550416
0.658664807,2.987402809
0.607273227,3.053126952
0.113535132,3.255432325
0.090420762,3.496874664
0.341978995,3.776418752
1.011301043,3.763460947
1.010401098,3.626746633
0.461103257,3.395655718
1.090306716,3.256367897
0.676900529,3.057357874
0.375324316,2.900552026
0.962561931,2.864204306
0.553039716,2.948906051
0.596189697,3.119113585
0.588327022,3.232600871
0.701009575,3.284906836
0.647912836,3.321976399
0.673348116,3.259106302
0.660843621,3.115611177
0.427947399,3.083310412
0.459587561,2.997375455
0.307260075,2.969163392
0.680074019,2.979710123
0.517610313,2.987550416
0.258568329,3.018763827
0.589321698,3.076647678
0.594626635,3.255432325
0.208266155,3.489033008
0.176294435,3.666653749
1.442942952,3.590974817
0.59827378,3.375856063
0.994628383,3.246688495
0.865415266,3.256367897
0.649949553,3.206325097
1.655329907,3.214163722
1.341675488,3.311101428
1.93274971,3.466367472
3.592721437,3.573850848
2.735926693,3.538370912
1.715531472,3.386830183
2.14243683,3.235733334
0.584727243,3.133661926
0.213476362,3.060835676
0.191593495,3.259156124
0.162795264,3.224498089
0.434531205,3.192989464
0.500511363,3.176718453
0.651796808,3.172174874
0.580890637,3.172027268
0.150574962,3.237751411
0.239195835,3.437858874
0.924195866,3.681499123
0.632329583,3.961043211
0.761447968,3.954679136
0.83339618,3.824558553
0.551855578,3.595665548
0.823544154,3.451981907
0.338284485,3.256268749
0.560760294,3.096166035
0.638202906,3.059818316
0.324264294,3.145619015
0.629819211,3.312529684
0.461529547,3.423819061
0.736249516,3.476125025
0.48587542,3.506600858
0.991312797,3.44373076
0.301434117,3.303532501
0.252837102,3.397221871
0.522678423,3.334753988
0.311617702,3.311192444
0.39891234,3.357496165
0.153274796,3.396590687
0.281303775,3.560982221
0.600689421,3.827109191
0.504016411,3.986916995
0.503495391,3.929327448
1.19380036,3.765272795
0.566538887,3.601152888
0.276756686,3.462240663
0.859210384,3.354394092
0.54835053,3.315930663
0.554602778,3.264789514
0.577717148,3.233428344
1.179353879,3.229540749
1.045404211,3.362381688
0.939684389,3.486793271
0.987760383,3.665202626
0.618309391,3.660282239
0.937126651,3.71852686
0.477918014,3.624442139
0.743070149,3.495635341
0.242558786,3.601627522
0.444620059,3.539159638
0.460961161,3.515598094
0.272730617,3.561901816
0.293903001,3.600996338
0.667758986,3.769783692
0.402322657,4.035910662
0.090468128,4.196817421
0.418900586,4.138128919
1.443937628,3.969678445
0.45622461,3.797865853
0.649475898,3.653458852
0.466502926,3.544513326
0.632661141,3.493961391
0.380581887,3.446117107
0.427568475,3.411459072
0.220533823,3.415264163
0.923438018,3.552500922
3.021919654,3.681308326
0.961188331,3.864113501
1.038157288,3.86468789
0.368408951,3.926229376
0.877872396,3.824451969
0.779399497,3.700040991
0.603910276,3.807132128
0.250705654,3.75235693
0.424821275,3.724399565
0.466739753,3.776198062
0.819707547,3.810896764
0.397254548,3.976387252
0.724313407,4.250206909
0.2980238,4.411113667
0.279503885,4.352425166
0.369072068,4.175183051
0.489048909,4.006667323
0.789867275,3.853468682
0.638629196,3.73463256
0.709156443,3.68298167
0.717161214,3.632939476
0.993965265,3.601578306
0.622761749,3.600987576
0.529025401,3.73492747
1.43631178,3.87582338
0.886966574,4.065222286
1.232924272,4.073489361
0.812365893,4.132832937
0.556118474,4.038748215
0.352446773,3.904446642
0.503826949,4.024725239
0.347426029,3.962257356
0.806397839,3.943091632
0.581269561,3.990494309
0.256105322,4.029588831
0.518368161,4.193980364
0.339989644,4.464503155
0.358367462,4.629805734
0.295087139,4.571117233
0.92500108,4.393875118
0.149059266,4.211072974
0.660654159,4.052379557
0.804313756,3.929147614
0.402038464,3.880793589
0.748754011,3.82965244
0.497716798,3.79389545
0.31881726,3.795502631
0.57051759,3.93273939
1.443842897,4.074734255
0.977576798,4.265232116
0.425294931,4.282290832
0.65335987,4.346030228
0.665011786,4.251945506
0.43543115,4.114347068
0.166679236,3.807132128
0.338331851,3.75235693
0.590979491,3.724399565
0.380676618,3.776198062
0.314459633,3.810896764
0.344820926,3.976387252
0.494543309,4.250206909
0.452766927,4.411113667
0.436141633,4.352425166
0.356709669,4.175183051
0.930400749,4.006667323
0.306881151,3.853468682
0.407959153,3.73463256
1.322208262,3.68298167
0.441493936,3.632939476
1.965195085,3.601578306
1.967610726,3.600987576
1.172296417,3.73492747
0.73662844,3.87582338
1.180822209,4.065222286
1.159034074,4.073489361
1.03877304,4.132832937
0.773005153,4.038748215
0.699920168,3.904446642
0.510789679,4.095448069
0.553939661,4.009513111
0.343731519,3.982400004
0.546124351,3.998441511
0.247295337,4.006281803
0.571370169,4.037495214
0.759127058,4.104170706
0.42666853,4.285153263
0.620061915,4.516556036
0.769121181,4.684286181
0.627356204,4.587727102
1.555767601,4.350629246
0.995670424,4.203878396
0.577764513,4.202568247
0.843579765,4.151426492
1.876147923,4.154869297
0.946931312,4.258400733
0.775468159,4.419161552
1.774264707,4.53763448
0.417479621,4.51644096
2.068688728,4.392374108
1.684933352,4.252266811
0.350457422,4.142502717
0.320332956,4.059785871
0.41411667,3.460264909
0.556876322,3.421211054
0.325732625,3.389702429
0.62929819,3.381124104
0.391381224,3.37328366
0.427852668,3.373136053
0.355999187,3.443256016
0.712993049,3.642264524
0.887392864,3.882607908
0.256863171,4.165448861
0.604573393,4.150293146
1.58712357,4.011380921
1.097316812,3.778092096
0.679884557,3.637705321
0.310812489,3.437596342
0.450256555,3.280790494
0.478723228,3.245541729
0.612436068,3.331342429
0.547355855,3.494956233
0.457977134,3.610641429
0.657764863,3.668442169
0.205045301,3.711006508
0.778167994,3.640443725
0.508610866,3.495849645
0.302476158,3.196113086
0.360309448,3.138041023
0.360688372,3.114479479
0.522536326,3.153090515
0.415348173,3.195481902
0.368503682,3.359873436
0.326822032,3.621604586
0.409427484,3.782511344
0.584679878,3.728218663
0.726681682,3.560867144
0.460629602,3.405538878
0.410185332,3.275418294
0.245874372,3.171967543
0.37854517,3.130207249
1.217909405,3.08346192
0.659896311,3.048803885
0.929500804,3.043817335
0.479291614,3.176658274
1.09385913,3.304366723
1.43725909,3.478380257
0.992354838,3.467965095
0.905012834,3.51412121
0.37897146,3.427729174
0.251084578,3.303318196
0.383897473,3.196113086
0.460155947,3.138041023
0.373334964,3.114479479
0.536414421,3.153090515
0.24663222,3.195481902
0.300818366,3.359873436
0.426715896,3.621604586
0.13792837,3.782511344
0.329000845,3.728218663
0.741459722,3.560867144
0.912401854,3.405538878
1.523416956,3.275418294
0.457124555,3.171967543
0.523957292,3.130207249
0.400996423,3.08346192
0.892697801,3.048803885
0.607462689,3.043817335
1.011348408,3.176658274
1.125073002,3.304366723
1.648840832,3.478380257
1.441711449,3.467965095
0.81165541,3.51412121
0.394981003,3.427729174
0.327011494,3.303318196
0.510126562,3.196113086
0.414779787,3.138041023
0.628256149,3.114479479
0.341315878,3.153090515
0.34984167,3.195481902
0.527935995,3.359873436
0.545319138,3.621604586
0.534046146,3.782511344
0.778452187,3.728218663
0.587758636,3.560867144
0.337763465,3.405538878
0.577527686,3.275418294
0.502453349,3.171967543
1.124220423,3.130207249
0.746764659,3.08346192
0.51689983,3.048803885
0.461766375,3.043817335
0.488906813,3.176658274
0.678416226,3.304366723
1.057103493,3.478380257
1.151645054,3.467965095
2.010808073,3.51412121
1.020632049,3.427729174
0.625035294,3.303318196
0.583401009,3.196113086
0.648765415,3.138041023
0.333263741,3.114479479
0.380108232,3.153090515
0.308917868,3.195481902
0.421458324,3.359873436
0.284808823,3.621604586
0.416863869,3.782511344
0.210208141,3.728218663
0.380723984,3.560867144
0.686799921,3.405538878
0.537740656,3.275418294
0.526799222,3.171967543
1.040715026,3.130207249
0.597705394,3.08346192
0.53167787,3.048803885
0.42752111,3.043817335
0.636545113,3.176658274
0.978097819,3.304366723
0.557776267,3.478380257
0.726255393,3.467965095
1.34840139,3.51412121
0.634603127,3.427729174
0.957256994,3.303318196
0.355951821,2.648833441
0.230291118,2.586365558
0.448882955,2.569397744
0.538593235,2.614602511
0.332316431,2.653697033
0.359125311,2.818088566
0.462571588,3.083116582
0.656722821,3.246221251
0.385318439,3.189730659
1.15960246,3.019082275
0.52196794,2.845071772
0.479717904,2.696268951
0.357514883,2.58842238
0.689973411,2.54116731
3.114282402,2.487828251
0.574070003,2.456467081
0.500037708,2.458074262
1.278631991,2.597508931
0.816297231,2.726316335
1.366589747,2.912418376
0.75287481,2.914091719
0.561044487,2.969039475
0.828375436,2.879350574
0.637160865,2.746147956
0.660938352,2.901982819
0.287556022,2.816047862
0.4484093,2.788934754
0.451488059,2.802778351
0.417479621,2.806222823
0.213571093,2.8407331
0.454045796,2.895320085
0.395407293,3.081797418
0.196993164,3.31100228
0.691441741,3.489721977
0.433157606,3.411845134
0.806871494,3.186835784
1.360384865,3.054371351
1.275363771,3.060753888
1.008364381,3.006315267
0.712377298,3.010857027
0.740275584,3.114388464
0.698025548,3.274050328
0.951573132,3.380434749
0.690968086,3.348251677
0.63995543,3.203304679
1.504612848,3.055504696
0.389818162,2.952334333
0.567817756,2.874013307
0.745438425,2.894303028
0.570422859,2.855249172
0.230670043,2.828136368
0.641234299,2.818459087
0.270078148,2.806222823
0.335347824,2.809372081
0.277467168,2.871799359
0.560428736,3.081797418
0.297976435,3.318843936
0.770257953,3.59948698
0.342831575,3.584331264
0.200166653,3.437726354
0.21655512,3.203338574
0.213476362,3.060753888
0.290918974,2.857348044
0.815918306,2.69724533
0.634176838,2.667491341
0.797966778,2.756588906
0.721708303,2.925697485
0.559102501,3.042481637
0.58117483,3.101381332
0.609594137,3.141747761
0.425484393,3.077778709
0.428799978,2.928788808
0.178378517,2.291673031
0.233701435,2.236897833
0.218307644,2.213336289
0.604526027,2.256343145
0.29106107,2.295437667
0.308870503,2.4598292
0.152801141,2.713867665
0.220154899,2.865982782
0.146122604,2.806195326
0.568528238,2.614666795
0.623756425,2.453843753
0.87180961,2.322624214
1.109726576,2.220272418
1.081875655,2.184006899
0.439978239,2.142756346
0.660796255,2.121285773
0.858594633,2.130585639
0.627166742,2.272218218
0.298592186,2.407619353
0.793514419,2.579434977
0.818665506,2.565722949
0.705083009,2.616274885
0.892839898,2.522190163
0.380487156,2.401076051
0.51173699,2.131225585
0.72227669,2.076450387
0.6931469,2.048493022
0.705840857,2.092598833
0.763437319,2.134990221
0.39057601,2.294985934
0.307923192,2.549024398
0.572317479,2.682457279
0.44376748,2.606185496
0.54233511,2.41575592
0.760879582,2.245042282
0.349225919,2.118218563
0.914438571,2.027955274
0.602584041,1.99278871
0.256105322,1.964725618
0.21518152,1.947650865
0.326348376,1.965742372
0.468587008,2.126057189
0.324595852,2.260359368
0.375419047,2.427779172
1.64633046,2.408572369
0.856178992,2.451431618
0.658759538,2.354050031
0.98051346,2.248321291
0.592826746,2.291673031
0.388918217,2.236897833
0.235596056,2.213336289
0.390481279,2.256343145
0.668564199,2.295437667
0.423542407,2.4598292
0.501316577,2.713867665
0.164547788,2.865982782
0.258899888,2.806195326
1.020347855,2.614666795
0.712235201,2.453843753
0.917233136,2.322624214
0.679600363,2.220272418
0.823117864,2.184006899
0.337337175,2.142756346
0.525851912,2.121285773
0.49738524,2.130585639
0.756948244,2.272218218
0.811276486,2.407619353
1.12857805,2.579434977
0.699114954,2.565722949
0.645781388,2.616274885
0.609404675,2.522190163
0.410043236,2.401076051
0.586432402,2.476297489
0.247863723,2.421522291
0.295939718,2.396861792
0.565260018,2.442066558
0.58074854,2.484457946
0.38730779,2.648849479
0.290445318,2.906184809
0.437420502,3.053904106
0.488243696,2.990819784
0.809950252,2.799291253
0.405590878,2.621983885
1.663713602,2.489665391
1.454073847,2.376324044
0.953799311,2.340058525
0.592116263,2.293313196
0.526751857,2.272941578
0.30403922,2.285538309
0.827617588,2.439259395
0.533004104,2.575759485
0.525046698,2.755267795
0.430220944,2.749248453
0.583543106,2.804196208
1.047014639,2.706814622
0.518889182,2.584601554
0.683247508,2.476297489
0.348989091,2.421522291
0.496722122,2.396861792
0.193535481,2.442066558
0.633845279,2.484457946
0.374992757,2.648849479
0.440357163,2.906184809
0.523625733,3.053904106
0.736249516,2.990819784
0.370540399,2.799291253
0.567817756,2.621983885
0.578996016,2.489665391
0.572933231,2.376324044
0.784088683,2.340058525
1.586128894,2.293313196
1.859948918,2.272941578
1.451231916,2.285538309
1.718562865,2.439259395
0.93608461,2.575759485
1.232592714,2.755267795
0.81714981,2.749248453
0.419989993,2.804196208
0.731323502,2.706814622
0.549013647,2.584601554
0.760642754,2.547020319
0.550434613,2.468778047
0.239006373,2.436170164
0.482986124,2.45001376
0.283387857,2.461150918
0.544419193,2.49236433
0.176247069,2.54585236
0.369498358,2.709251636
0.455182569,2.936258587
0.447130432,3.089702316
0.453619507,2.998638013
1.212699199,2.787915079
1.552878305,2.651054825
0.99297059,2.661833183
0.462808416,2.615087248
0.443672749,2.633915424
0.451345962,2.748436412
0.944515671,2.925681558
0.704325161,3.038659709
0.724408138,3.006476638
0.678132033,2.85933173
0.871525417,2.710432792
0.980418729,2.597371833
0.47194996,2.530040358
0.643365747,2.894303028
0.335063631,2.855249172
0.496390564,2.828136368
0.564170611,2.818459087
0.249616247,2.806222823
0.800808708,2.809372081
0.318959357,2.871799359
0.352494139,3.081797418
0.410043236,3.318843936
0.937789768,3.59948698
0.795882695,3.584331264
0.779446862,3.437726354
1.411539618,3.203338574
1.074581367,3.060753888
0.678084667,2.857348044
0.481044138,2.69724533
0.902976117,2.667491341
0.521589016,2.756588906
0.622524922,2.925697485
0.948589105,3.042481637
0.75794292,3.101381332
0.599742111,3.141747761
0.731228771,3.077778709
0.762868933,2.928788808
0.262594397,2.83125999
0.431120889,2.768792106
0.328716652,2.749626383
0.400333306,2.794831149
0.69272061,2.82952985
0.453098486,2.997218249
0.429889385,3.255652534
0.603720814,3.426449889
0.568528238,3.365563477
1.871079813,3.199310913
0.694425769,3.035191006
0.474034042,2.888586096
0.480002097,2.779640569
0.271688576,2.73897923
1.756028985,2.684541215
1.159318267,2.64988318
0.685142128,2.651490361
1.059471768,2.787628165
0.770447415,2.917534524
0.475691835,3.097042834
0.559765619,3.093221402
1.424849326,3.149268113
0.654828201,3.061777122
0.691489107,2.928574504
0.487817406,3.012587583
0.309912544,2.950119699
0.39564412,2.929855021
0.266004714,2.971762921
0.32019086,3.010857444
0.171036863,3.175248977
0.48630171,3.436980127
0.149532921,3.600084796
0.694662596,3.543594205
0.565970501,3.376242686
0.870767569,3.214320689
0.174399814,3.077606375
0.387686714,2.971957713
0.566633618,2.93459324
0.141386053,2.884551046
0.499800881,2.853189876
0.220107533,2.848203326
0.651891539,2.979945309
0.616793695,3.110950624
0.242416689,3.287162068
0.529499057,3.276746906
0.41506398,3.329496751
0.604005007,3.243104715
0.628824535,3.115396873
0.634176838,4.024725239
0.611204564,3.962257356
0.472707808,3.943091632
0.523909926,3.990494309
0.328242997,4.029588831
0.4497829,4.193980364
0.388491928,4.464503155
0.382855432,4.629805734
0.449735535,4.571117233
0.37897146,4.393875118
1.076997008,4.211072974
0.77461558,4.052379557
0.637681886,3.929147614
0.317206833,3.880793589
0.44926188,3.82965244
0.254068605,3.79389545
0.583969395,3.795502631
0.428231592,3.93273939
0.464418843,4.074734255
0.692152224,4.265232116
0.73894935,4.282290832
0.560712929,4.346030228
0.377171571,4.251945506
1.22714568,4.114347068
0.45579832,3.807132128
0.370161475,3.75235693
0.494495943,3.724399565
0.544561289,3.776198062
0.405827705,3.810896764
0.554271219,3.976387252
0.724881793,4.250206909
0.338189754,4.411113667
0.55943406,4.352425166
0.3568044,4.175183051
0.500274536,4.006667323
0.497053681,3.853468682
0.258805157,3.73463256
1.063924126,3.68298167
0.832022581,3.632939476
0.886635016,3.601578306
0.625319487,3.600987576
0.703141023,3.73492747
0.633182162,3.87582338
0.662738241,4.065222286
0.465460885,4.073489361
0.801282363,4.132832937
0.821838995,4.038748215
1.031810309,3.904446642
0.658854269,2.648833441
0.236259173,2.586365558
0.243079807,2.569397744
0.386928866,2.614602511
0.278035554,2.653697033
0.284524629,2.818088566
0.543756076,3.083116582
0.538451138,3.246221251
0.216365658,3.189730659
0.662785607,3.019082275
1.065439823,2.845071772
1.90361992,2.696268951
2.631438374,2.58842238
2.147315478,2.54116731
1.171064914,2.487828251
6.165331845,2.456467081
1.048388238,2.458074262
0.818949699,2.597508931
0.650849498,2.726316335
1.038583578,2.912418376
1.359248092,2.914091719
0.226643974,2.969039475
0.551002999,2.879350574
0.733265488,2.746147956
0.716877021,2.719556271
0.646776064,2.633621313
0.122960869,2.608706116
0.222475809,2.622549713
0.299492131,2.630390005
0.40810125,2.661603417
0.67510064,2.722784132
0.398580782,2.90156878
0.254826454,3.135169462
0.523720464,3.309493338
0.464987229,3.2217259
0.943426264,2.99451864
0.346857643,2.863153161
0.230622677,2.862941968
1.183427313,2.809602302
0.730991944,2.817440928
0.594389808,2.920972364
0.691441741,3.083931094
1.581771267,3.189216559
0.843248207,3.163627219
0.940915892,3.024174996
0.101741119,2.875276058
0.740465046,2.769907785
0.522110037,2.691586759
0.71308778,3.259156124
0.414685056,3.224498089
0.339326527,3.192989464
0.303044545,3.176718453
0.265767887,3.172174874
0.170800036,3.172027268
0.231712084,3.237751411
0.515620962,3.437858874
0.631477003,3.681499123
1.476998755,3.961043211
1.692227641,3.954679136
1.159934019,3.824558553
0.857789419,3.595665548
0.617125253,3.451981907
0.656438628,3.256268749
0.16653714,3.096166035
0.538924793,3.059818316
0.789677813,3.145619015
0.860394522,3.312529684
0.795124847,3.423819061
1.590344425,3.476125025
0.448551397,3.506600858
0.863662742,3.44373076
0.503258563,3.303532501
0.459824389,2.83125999
0.620819763,2.768792106
0.555502723,2.749626383
0.300628903,2.794831149
0.31048093,2.82952985
0.329569231,2.997218249
0.664064476,3.255652534
0.421742517,3.426449889
0.782099331,3.365563477
1.232971638,3.199310913
0.60523651,3.035191006
0.635834631,2.888586096
0.484407089,2.779640569
0.70939327,2.73897923
0.489948854,2.684541215
0.643128919,2.64988318
0.767558119,2.651490361
0.606846937,2.787628165
0.310812489,2.917534524
0.269178204,3.097042834
0.242653517,3.093221402
0.476118125,3.149268113
0.44746199,3.061777122
1.964768796,2.928574504
0.473276194,3.012587583
0.257905212,2.950119699
0.80881348,2.929855021
0.665011786,2.971762921
0.769310643,3.010857444
0.38456059,3.175248977
0.352541504,3.436980127
0.189130489,3.600084796
0.49369073,3.543594205
0.504632163,3.376242686
1.184421988,3.214320689
0.629629749,3.077606375
1.179259148,2.971957713
1.944685819,2.93459324
0.749275031,2.884551046
0.546124351,2.853189876
0.649523263,2.848203326
0.606278551,2.979945309
0.347236567,3.110950624
1.159555095,3.287162068
0.685615783,3.276746906
0.302523524,3.329496751
0.440262432,3.243104715
0.769405374,3.115396873
0.493595999,2.648833441
0.36651433,2.586365558
0.476118125,2.569397744
0.568622969,2.614602511
0.462003202,2.653697033
0.710198484,2.818088566
0.492506592,3.083116582
0.516520906,3.246221251
0.358035904,3.189730659
0.704040968,3.019082275
0.447367259,2.845071772
0.405069857,2.696268951
1.084622855,2.58842238
0.829322746,2.54116731
0.432020833,2.487828251
0.259278812,2.456467081
0.530872656,2.458074262
0.965261765,2.597508931
0.89260307,2.726316335
1.208104744,2.912418376
0.379160922,2.914091719
0.497764164,2.969039475
0.799908763,2.879350574
0.750695997,2.746147956
0.659754214,2.648833441
0.330042886,2.586365558
0.429605192,2.569397744
0.193061826,2.614602511
0.662075124,2.653697033
0.456887727,2.818088566
0.297029125,3.083116582
0.617883102,3.246221251
0.454614182,3.189730659
1.835981969,3.019082275
0.78295191,2.845071772
0.510694948,2.696268951
0.550387247,2.58842238
1.215920054,2.54116731
1.901251644,2.487828251
0.784183414,2.456467081
0.651323153,2.458074262
0.544182365,2.597508931
0.980418729,2.726316335
1.227050949,2.912418376
1.164291646,2.914091719
0.73989666,2.969039475
1.057671879,2.879350574
0.750601266,2.746147956
0.484549186,2.131225585
0.571749093,2.076450387
0.23597498,2.048493022
0.459824389,2.092598833
0.65800169,2.134990221
0.392470631,2.294985934
0.267662507,2.549024398
0.367272179,2.682457279
0.400191209,2.606185496
0.523294175,2.41575592
0.315075385,2.245042282
0.217312968,2.118218563
0.713798263,2.027955274
0.846895351,1.99278871
1.039388791,1.964725618
0.538309042,1.947650865
0.893645111,1.965742372
0.756427224,2.126057189
0.5455086,2.260359368
1.011869429,2.427779172
0.804645315,2.408572369
0.522678423,2.451431618
0.347473395,2.354050031
0.555644819,2.248321291
0.455940417,2.201948414
0.570375493,2.123706142
0.689168197,2.087801394
0.074458585,2.100546035
0.496722122,2.111683193
0.557255246,2.138500784
0.496437929,2.188691949
0.607510055,2.337804808
0.287934946,2.551624299
1.437495918,2.706166983
0.459682292,2.62169641
0.642986823,2.416468252
0.501032384,2.302686055
0.935326762,2.314563368
0.397538741,2.28649967
0.295750256,2.308624712
0.329285038,2.428640475
0.822028458,2.612479351
0.687747232,2.723259593
0.292576766,2.678988015
0.779494228,2.518655646
0.936274072,2.357668201
0.727392165,2.244607242
0.227496553,2.193760094
0.363388207,2.354716069
0.598700069,2.323354899
0.647533912,2.291846274
0.574448927,2.279971083
0.748327721,2.272130639
0.458071865,2.271983033
0.398438685,2.33001449
0.549960958,2.521330312
0.522252133,2.759475785
1.840150134,3.014842861
0.739328274,3.002984011
0.33781083,2.871764472
1.416465631,2.643970423
0.623898522,2.505781557
0.648670684,2.315563175
0.706977629,2.168647922
0.647486546,2.146586619
0.546740103,2.24117896
0.928648225,2.415782314
0.547166392,2.52487378
0.952899367,2.57388288
0.750932824,2.608754533
0.540251028,2.53819175
0.526846588,2.401290355
0.393275845,2.476297489
0.586574498,2.421522291
0.289924298,2.396861792
0.234032994,2.442066558
0.233843532,2.484457946
0.26562579,2.648849479
0.554223854,2.906184809
0.551429289,3.053904106
0.272162231,2.990819784
0.778831111,2.799291253
0.210208141,2.621983885
2.059784012,2.489665391
1.051088073,2.376324044
1.657840279,2.340058525
0.821175878,2.293313196
1.013100932,2.272941578
0.561707605,2.285538309
0.304939165,2.439259395
0.799482474,2.575759485
0.396449334,2.755267795
0.76206372,2.749248453
0.700346458,2.804196208
0.681589715,2.706814622
0.52566245,2.584601554
0.352636235,3.196113086
0.366656427,3.138041023
0.563318032,3.114479479
0.356946497,3.153090515
0.405401416,3.195481902
0.483459779,3.359873436
0.506526783,3.621604586
0.350078498,3.782511344
0.435952171,3.728218663
0.258284136,3.560867144
0.418284835,3.405538878
0.695609906,3.275418294
0.44514108,3.171967543
0.670695647,3.130207249
0.51732612,3.08346192
0.22489145,3.048803885
0.799056184,3.043817335
0.350457422,3.176658274
0.628066687,3.304366723
1.398372005,3.478380257
0.99761241,3.467965095
0.57790661,3.51412121
0.257999943,3.427729174
0.741033432,3.303318196
0.483033489,3.807132128
0.5413878,3.75235693
0.411985222,3.724399565
0.470007974,3.776198062
0.485922786,3.810896764
0.509368714,3.976387252
0.617030522,4.250206909
0.412979897,4.411113667
0.693052169,4.352425166
0.630577059,4.175183051
0.746006811,4.006667323
0.877493472,3.853468682
0.627640397,3.73463256
0.485212303,3.68298167
0.30446551,3.632939476
0.70517774,3.601578306
0.582832623,3.600987576
0.645165636,3.73492747
1.194795035,3.87582338
0.710009022,4.065222286
0.6603226,4.073489361
0.449498707,4.132832937
0.577717148,4.038748215
0.699588609,3.904446642
0.921353936,4.024725239
0.512068548,3.962257356
0.464987229,3.943091632
0.456650899,3.990494309
0.521683747,4.029588831
0.562275991,4.193980364
0.457835037,4.464503155
0.614804343,4.629805734
0.509084521,4.571117233
1.424091478,4.393875118
0.795787964,4.211072974
0.769500105,4.052379557
2.459643663,3.929147614
0.677563646,3.880793589
0.719576855,3.82965244
0.577669782,3.79389545
0.337100348,3.795502631
0.616509502,3.93273939
0.637018768,4.074734255
0.658949,4.265232116
0.688789273,4.282290832
0.599031628,4.346030228
0.834485587,4.251945506
0.529404326,4.114347068
0.607367958,3.601627522
0.743970094,3.539159638
0.249047861,3.515598094
0.805592625,3.561901816
0.645781388,3.600996338
0.487627944,3.769783692
0.565828404,4.035910662
0.56038137,4.196817421
2.134195231,4.138128919
0.630008673,3.969678445
0.622951211,3.797865853
0.546929565,3.653458852
1.093669668,3.544513326
0.56132868,3.493961391
0.769736932,3.446117107
0.661127814,3.411459072
0.351831022,3.415264163
0.210066045,3.552500922
0.507521459,3.681308326
0.569475549,3.864113501
0.829559574,3.86468789
0.590742663,3.926229376
0.661080448,3.824451969
0.563365398,3.700040991
0.345815602,3.672350351
0.520641706,3.586415394
0.406585553,3.554906466
0.530872656,3.569849018
0.324216928,3.57768931
0.799577205,3.613298542
0.548303165,3.675578213
0.381387101,3.85216495
0.317727853,4.083567722
0.814734169,4.260089509
0.673253385,4.174519981
0.583874664,3.951708541
3.549571455,3.819244107
0.168194932,3.815736048
0.912875509,3.767891158
0.585721919,3.772432918
0.396828258,3.878162265
0.402275292,4.038923084
0.357751711,4.14420855
0.501884963,4.115322344
0.865746825,3.974771166
0.753916852,3.832465959
0.654496642,3.71500918
0.356899132,3.645479794
0.361635683,3.66467056
0.562560184,3.625616704
0.302807717,3.59410808
0.257099998,3.585529754
0.236448635,3.57768931
0.619540895,3.581937524
0.64502354,3.652057487
0.663543455,3.85216495
0.549866227,4.091409379
1.118489196,4.369854512
0.406206629,4.347006111
0.588279657,4.202599111
0.587711271,3.96821133
0.498285184,3.815736048
0.179846848,3.618923935
0.622998577,3.458821222
0.646018216,3.431265143
0.536888076,3.521461663
1.655519369,3.689471287
0.632661141,3.809552304
3.381044964,3.87284782
0.889382215,3.918709024
0.735728495,3.840453555
0.421458324,3.700255295
0.338852872,3.397221871
0.21982334,3.334753988
0.305175993,3.311192444
0.675905854,3.357496165
0.553797564,3.396590687
0.882087926,3.560982221
0.34794705,3.827109191
0.719008469,3.986916995
0.51775241,3.929327448
0.68713148,3.765272795
1.573955958,3.601152888
2.649768827,3.462240663
2.747483878,3.354394092
1.19612127,3.315930663
0.255347474,3.264789514
0.462003202,3.233428344
0.912259758,3.229540749
1.118915486,3.362381688
0.57051759,3.486793271
1.053598445,3.665202626
0.747996163,3.660282239
0.791903992,3.71852686
0.702620002,3.624442139
0.555692185,3.495635341
0.565544211,3.397221871
0.642371071,3.334753988
0.690778624,3.311192444
0.423021386,3.357496165
0.354672952,3.396590687
0.202108639,3.560982221
0.462429492,3.827109191
0.203908528,3.986916995
0.474081408,3.929327448
1.1429298,3.765272795
0.782146697,3.601152888
0.248574206,3.462240663
0.709061712,3.354394092
0.756285127,3.315930663
0.576722472,3.264789514
0.468539643,3.233428344
0.756143031,3.229540749
0.672021882,3.362381688
1.603512037,3.486793271
0.799387743,3.665202626
0.6274983,3.660282239
0.508895059,3.71852686
0.567391466,3.624442139
0.534188242,3.495635341
0.616935791,3.012587583
0.468539643,2.950119699
0.562986473,2.929855021
0.58160112,2.971762921
0.616130578,3.010857444
0.387497252,3.175248977
0.457029823,3.436980127
0.45442472,3.600084796
0.406064533,3.543594205
1.2905681,3.376242686
0.434625936,3.214320689
0.633087431,3.077606375
0.378592536,2.971957713
0.374945392,2.93459324
0.586195574,2.884551046
0.360972566,2.853189876
0.497479971,2.848203326
0.844669172,2.979945309
0.699020223,3.110950624
0.785651744,3.287162068
0.767747581,3.276746906
0.852200289,3.329496751
0.904681276,3.243104715
0.759411251,3.115396873
0.277372437,3.012587583
0.609925696,2.950119699
0.519883858,2.929855021
0.209118735,2.971762921
0.73430753,3.010857444
0.632755872,3.175248977
0.484880744,3.436980127
0.498048357,3.600084796
0.499043032,3.543594205
1.733246174,3.376242686
0.465887174,3.214320689
0.49094353,3.077606375
0.303612931,2.971957713
0.916333192,2.93459324
0.675290102,2.884551046
0.551760847,2.853189876
0.745343694,2.848203326
0.413643015,2.979945309
0.723129269,3.110950624
0.817339272,3.287162068
0.872756921,3.276746906
0.162937361,3.329496751
0.74453848,3.243104715
0.463992554,3.115396873
0.141717611,2.131225585
0.10226214,2.076450387
0.188325275,2.048493022
0.304133951,2.092598833
0.560286639,2.134990221
0.176199704,2.294985934
0.083884321,2.549024398
0.134944343,2.682457279
0.141575515,2.606185496
0.30721271,2.41575592
0.337195079,2.245042282
0.410848449,2.118218563
0.758463941,2.027955274
1.139566849,1.99278871
0.252079254,1.964725618
1.2946889,1.947650865
0.421458324,1.965742372
0.44049926,2.126057189
0.661980393,2.260359368
0.976724219,2.427779172
0.621530246,2.408572369
0.560570832,2.451431618
0.275572548,2.354050031
0.365898579,2.248321291
0.376082164,2.36239586
0.366135406,2.284153588
0.346952374,2.252644661
0.343968347,2.264290347
0.23417509,2.272130639
0.159905968,2.303344051
0.458356058,2.353535215
1.082822966,2.521330312
0.671737689,2.751634129
0.254068605,2.905077858
0.146027873,2.830497881
0.304560241,2.620873902
0.674958543,2.4950032
0.520404878,2.505781557
0.583874664,2.464530398
0.234554014,2.482259619
1.054119465,2.593483741
0.394602079,2.758640381
0.837138056,2.870519578
0.495680081,2.830643821
0.794840654,2.675806226
1.895520417,2.522511468
0.655017663,2.412747374
0.462145299,2.346514854
0.342784209,2.711876479
0.484454455,2.672822624
0.302002503,2.64790773
0.553750199,2.638230449
0.426289606,2.630390005
0.337858196,2.630242398
0.430031482,2.699263407
0.73430753,2.90156878
0.310717757,3.143011119
0.414921883,3.419258342
1.342764894,3.39421203
1.025037041,3.24540921
1.429254319,3.012120384
0.766326616,2.862941968
0.603673448,2.660635079
0.677611012,2.503829231
0.844195517,2.474075242
0.710482677,2.566469672
0.876167238,2.734479296
0.398201858,2.857857179
0.65293358,2.922251649
0.691204914,2.961519123
0.379066191,2.89535216
0.201398156,2.74636226
0.696983506,2.476297489
0.578001341,2.421522291
0.204003259,2.396861792
0.726113296,2.442066558
0.31142824,2.484457946
0.516568272,2.648849479
0.189462047,2.906184809
0.20589788,3.053904106
0.029792907,2.990819784
0.337195079,2.799291253
0.722229324,2.621983885
0.442867535,2.489665391
3.066348504,2.376324044
0.409711677,2.340058525
0.486206979,2.293313196
0.377124205,2.272941578
0.663875014,2.285538309
0.628966631,2.439259395
0.426905358,2.575759485
0.331653314,2.755267795
0.827096567,2.749248453
0.624135349,2.804196208
0.69272061,2.706814622
0.781909869,2.584601554
0.471807863,1.819122333
0.320664515,1.76105027
0.521920575,1.740785591
0.533809318,1.769506031
0.546219082,1.826183835
0.26235757,1.982882683
0.434104916,2.222634731
0.54645591,2.331890599
0.767605484,2.239134489
0.792235551,2.021231035
0.787498999,1.838428891
0.553276543,1.728089499
0.35216258,1.643320985
0.648197029,1.625737703
0.342168457,1.608664163
0.247390068,1.619063287
0.785225455,1.64704539
1.012722008,1.833735129
1.093622302,1.984521636
0.704277795,2.139852933
0.506716245,2.101963893
0.666148558,2.137130457
0.469392222,2.038649915
0.622288094,1.943910725
0.437941522,1.819122333
0.455466762,1.76105027
0.608788923,1.740785591
0.227164995,1.769506031
0.365282827,1.826183835
0.55436595,1.982882683
0.360735738,2.222634731
0.195477467,2.331890599
0.109793256,2.239134489
0.432589219,2.021231035
1.012200987,1.838428891
0.573833176,1.728089499
0.478865324,1.643320985
0.476070759,1.625737703
0.495680081,1.608664163
0.613288647,1.619063287
1.164812667,1.64704539
0.781341483,1.833735129
0.218260278,1.984521636
1.095327461,2.139852933
1.001496382,2.101963893
0.68618417,2.137130457
0.643697306,2.038649915
0.757990286,1.943910725
0.516568272,1.513612813
0.326253645,1.463233435
0.697504527,1.438572936
0.440736087,1.470590241
0.308633675,1.52616909
0.604526027,1.682867938
0.325685259,1.909432524
0.18690431,1.995610335
0.098330803,1.892963629
0.203434873,1.640992567
0.335679382,1.452695648
0.343589423,1.354444762
0.194245964,1.285061619
0.696983506,1.275171023
0.322038115,1.274581809
0.408574905,1.300366305
0.43585744,1.344832735
0.805782087,1.560095307
0.471050015,1.713079724
1.216251612,1.866213111
0.807345149,1.814037654
0.820133837,1.834917801
0.654591373,1.733140394
1.038962502,1.655984486
0.489759392,1.352066411
0.365330193,1.297291214
0.632092755,1.277026535
0.401801637,1.307944885
0.382287046,1.363523733
0.467781795,1.516925716
0.334305782,1.743490303
0.179467924,1.830767069
0.03102441,1.735813048
0.927985107,1.494831537
0.399243899,1.320821034
0.366893255,1.226965969
0.65525449,1.164176557
0.712661491,1.150989096
0.422310903,1.150399882
0.171889442,1.166293782
1.349159238,1.203067526
1.323250304,1.404043681
0.577859244,1.551533322
0.837469614,1.698072979
1.588260342,1.642600657
0.807250418,1.665678714
0.798250971,1.565000262
0.746054177,1.49114122
0.36883524,1.584335642
0.537077538,1.510489191
0.27945652,1.477881308
0.56132868,1.478537443
0.406490822,1.502862062
0.211013355,1.526382788
0.362061972,1.549100075
1.540042251,1.650957864
1.730688436,1.838402432
1.132651484,1.93140363
0.165116174,1.829349776
0.588942774,1.65269445
1.745608572,1.559792401
1.230982287,1.596945681
1.609480091,1.596355861
0.503211198,1.661340152
0.428894709,1.807730838
0.740038757,2.04651747
0.428136861,2.175979948
0.520546975,2.117421954
0.464845133,1.924120931
0.367840565,1.741154385
0.398201858,1.623697605
0.532388353,1.60142329
0.922443343,1.729410611
0.745296328,1.698049441
0.59363196,1.665441861
0.267236218,1.642577119
0.252742371,1.649023092
0.349604843,1.637885934
0.423542407,1.681630975
0.598700069,1.816900086
0.326537838,2.018780041
0.53347776,2.229089957
0.394791541,2.19195514
0.591879436,2.089308434
1.858196394,1.887889307
3.35703065,1.771679544
0.761400602,1.61552877
0.60755742,1.507076946
0.540298393,1.509192655
0.534993456,1.665326482
1.139093194,1.854216253
0.738238867,1.945724437
0.875267293,1.967259659
0.566680983,1.972459524
0.5154315,1.898599876
0.620867129,1.794667134
0.399907016,1.666367573
0.47109738,1.611592375
0.363340841,1.586931876
0.385365804,1.618949181
0.694994155,1.672330119
0.463234706,1.825732102
0.34752076,2.06548415
0.382097584,2.161552557
1.239792272,2.065499581
1.074960291,1.828913891
0.42065311,1.642814882
0.712803587,1.540168176
1.9249344,1.464191302
0.869299238,1.449904886
0.519741761,1.442721941
0.434247012,1.459714796
0.518747085,1.493191675
0.97260342,1.696365741
1.133598794,1.846053292
0.705367202,2.000285634
0.260462949,1.959099729
0.319811936,1.979979876
0.484596551,1.882598289
0.295039773,1.79445283
0.495395888,2.131225585
0.638392368,2.076450387
0.472660442,2.048493022
0.433725992,2.092598833
0.47479189,2.134990221
0.376982109,2.294985934
0.323364349,2.549024398
0.129307847,2.682457279
0.234554014,2.606185496
0.521541651,2.41575592
0.589984815,2.245042282
0.41738489,2.118218563
1.485050892,2.027955274
2.435060962,1.99278871
0.555834281,1.964725618
0.529404326,1.947650865
0.463139975,1.965742372
0.787025344,2.126057189
0.447272528,2.260359368
0.743070149,2.427779172
0.488433158,2.408572369
0.651607346,2.451431618
0.264157459,2.354050031
0.284050974,2.248321291
0.372766578,2.476297489
0.728055282,2.421522291
0.214423672,2.396861792
0.600547324,2.442066558
0.52523616,2.484457946
0.405685609,2.648849479
0.297786973,2.906184809
0.374045447,3.053904106
0.595716042,2.990819784
0.362535627,2.799291253
0.359646331,2.621983885
0.521494285,2.489665391
0.39839132,2.376324044
0.281445871,2.340058525
0.341221147,2.293313196
0.261599722,2.272941578
0.270030783,2.285538309
0.63900812,2.439259395
0.24663222,2.575759485
1.758965647,2.755267795
1.085854358,2.749248453
0.471476305,2.804196208
0.623945887,2.706814622
0.887487595,2.584601554
0.796972102,2.648833441
0.294234559,2.586365558
0.478012745,2.569397744
0.480759945,2.614602511
0.431405082,2.653697033
0.682631756,2.818088566
0.27533572,3.083116582
0.143517501,3.246221251
0.24800582,3.189730659
0.331984872,3.019082275
0.660890986,2.845071772
0.323411715,2.696268951
0.799435108,2.58842238
0.332600624,2.54116731
0.384465859,2.487828251
0.652081001,2.456467081
0.68068977,2.458074262
0.307117979,2.597508931
0.686231535,2.726316335
0.34794705,2.912418376
0.89397667,2.914091719
0.295844987,2.969039475
0.222191616,2.879350574
0.476733876,2.746147956
0.610067792,2.648833441
0.387355156,2.586365558
0.190314626,2.569397744
0.42297402,2.614602511
0.493453902,2.653697033
0.507284632,2.818088566
0.261836549,3.083116582
0.119171628,3.246221251
0.159621775,3.189730659
0.494353847,3.019082275
0.302097234,2.845071772
0.55299235,2.696268951
0.63351372,2.58842238
0.901555152,2.54116731
0.423210848,2.487828251
0.687368307,2.456467081
0.816391962,2.458074262
0.59225836,2.597508931
0.810755466,2.726316335
0.825012485,2.912418376
1.321024124,2.914091719
0.426715896,2.969039475
0.761779526,2.879350574
0.264536383,2.746147956
0.503637487,2.901982819
0.411701029,2.816047862
0.522867885,2.788934754
0.300581538,2.802778351
0.098093975,2.806222823
0.597752759,2.8407331
0.424963372,2.895320085
0.332458527,3.081797418
0.76627925,3.31100228
0.692104859,3.489721977
0.620109281,3.411845134
0.781673041,3.186835784
0.781625676,3.054371351
1.062076871,3.060753888
1.099590357,3.006315267
0.409664312,3.010857027
0.699493878,3.114388464
0.55806046,3.274050328
0.643128919,3.380434749
0.972934978,3.348251677
0.652223098,3.203304679
0.664680227,3.055504696
0.650281112,2.952334333
0.28083012,2.874013307
0.655207125,3.075630621
0.534140877,3.036576765
0.581269561,3.008365006
0.427236917,2.99539086
0.52059434,2.987550416
0.219586513,2.987402809
0.267567776,3.053126952
0.253216026,3.255432325
0.291866284,3.496874664
1.392877606,3.776418752
0.789251523,3.763460947
0.43955195,3.626746633
0.866031018,3.395655718
0.378260977,3.256367897
1.09807466,3.057357874
2.519466304,2.900552026
1.717236631,2.864204306
0.769784298,2.948906051
2.178908274,3.119113585
2.247730363,3.232600871
1.154865909,3.284906836
0.598368511,3.321976399
1.042799108,3.259106302
0.252552909,3.115611177
0.617362081,3.397221871
0.332363796,3.334753988
0.125565972,3.311192444
0.426857992,3.357496165
0.507000438,3.396590687
0.472328884,3.560982221
0.184962324,3.827109191
0.407911788,3.986916995
0.08326857,3.929327448
0.337242444,3.765272795
0.439646681,3.601152888
0.289498008,3.462240663
1.186790264,3.354394092
0.536367056,3.315930663
0.393228479,3.264789514
0.705935588,3.233428344
0.499232495,3.229540749
0.553797564,3.362381688
0.413927208,3.486793271
0.60661011,3.665202626
0.674248061,3.660282239
0.767273926,3.71852686
0.544750751,3.624442139
0.260747143,3.495635341
0.84542702,3.397221871
0.286892905,3.334753988
0.570707052,3.311192444
0.422216172,3.357496165
0.371961364,3.396590687
0.249995171,3.560982221
0.311238778,3.827109191
0.116140235,3.986916995
3.505332067,3.929327448
1.523464322,3.765272795
0.223091561,3.601152888
0.235927614,3.462240663
0.087815659,3.354394092
0.35585709,3.315930663
0.940442237,3.264789514
2.108712586,3.233428344
0.263020687,3.229540749
0.207413576,3.362381688
0.198650957,3.486793271
0.454661548,3.665202626
0.835290801,3.660282239
0.764953016,3.71852686
0.385081611,3.624442139
0.517705044,3.495635341
0.777789069,3.196113086
0.415253442,3.138041023
0.416816504,3.114479479
0.162368974,3.153090515
0.47986,3.195481902
0.12495022,3.359873436
0.406206629,3.621604586
0.175489221,3.782511344
0.31142824,3.728218663
1.014000877,3.560867144
1.085617531,3.405538878
0.229580636,3.275418294
0.11471927,3.171967543
0.160000699,3.130207249
0.41094318,3.08346192
0.727107972,3.048803885
0.823354692,3.043817335
1.019068987,3.176658274
0.920548722,3.304366723
1.323013476,3.478380257
1.345417363,3.467965095
1.121804782,3.51412121
0.986244687,3.427729174
0.696983506,3.303318196
0.474507697,2.648833441
0.405117223,2.586365558
0.471381574,2.569397744
0.526988684,2.614602511
0.701435864,2.653697033
0.377361033,2.818088566
0.502453349,3.083116582
0.541103607,3.246221251
1.300846416,3.189730659
0.539019524,3.019082275
0.327864073,2.845071772
0.282866837,2.696268951
0.803650639,2.58842238
0.601542,2.54116731
0.836853863,2.487828251
0.24663222,2.456467081
1.074581367,2.458074262
0.61684106,2.597508931
0.259847198,2.726316335
0.364903903,2.912418376
2.029422719,2.914091719
2.204864575,2.969039475
2.774103296,2.879350574
0.697883451,2.746147956
0.13001833,3.012587583
0.130397254,2.950119699
0.411558932,2.929855021
0.314933288,2.971762921
0.581932678,3.010857444
0.335300458,3.175248977
0.403080506,3.436980127
0.261078701,3.600084796
0.437373136,3.543594205
0.944184112,3.376242686
0.893739842,3.214320689
1.053693176,3.077606375
1.071123684,2.971957713
0.931111231,2.93459324
0.452577465,2.884551046
0.726776413,2.853189876
0.209781852,2.848203326
1.176085658,2.979945309
0.696604582,3.110950624
0.214471037,3.287162068
0.210823893,3.276746906
0.836096015,3.329496751
0.64639714,3.243104715
0.411890491,3.115396873
0.310386199,2.039303058
0.360877835,1.964357651
0.554413316,1.932848723
0.324216928,1.937900679
0.107046057,1.949037837
0.396922989,1.982449159
0.606515379,2.021650772
0.423731869,2.165268856
0.737007364,2.368098795
1.100206108,2.501761333
0.880477499,2.418389715
0.183020338,2.220854242
0.213002707,2.104874135
0.373761254,2.131037865
0.602584041,2.106271032
0.485543862,2.139385625
0.941389547,2.262698253
0.888482271,2.463021456
0.546929565,2.588088114
0.70105694,2.535024896
1.398893026,2.368098795
1.074770829,2.1961218
0.403175237,2.089654572
0.231522622,2.038807423
0.100793809,2.194268622
0.338142389,2.162907453
0.234269821,2.127003008
0.755669375,2.116226772
0.30119729,2.111683193
0.697836086,2.107139766
0.240758897,2.165171223
0.702951561,2.337804808
0.480428386,2.559465955
0.337384541,2.815931986
0.74685939,2.79418254
0.528267553,2.667358822
0.340273837,2.451653278
0.655775511,2.314563368
1.825135267,2.137532447
0.277561899,1.995013015
0.552850254,1.981743353
0.815113093,2.09501793
2.198754424,2.26852233
0.470765822,2.373217975
1.133504063,2.416732299
1.667408112,2.443911266
0.684242184,2.370051618
1.037257343,2.248535595
0.219112858,1.968580228
0.229675367,1.917101896
0.270125514,1.893540352
0.387876176,1.929953477
0.422642462,1.972344864
0.342073726,2.138934308
0.193014461,2.381983221
0.108230194,2.509921327
0.848742606,2.422659992
0.91297024,2.211350269
0.618072564,2.041735587
0.046465567,1.922604554
0.848789972,1.830143354
0.3568044,1.809263207
0.204003259,1.78449698
0.415537635,1.778411778
0.617977833,1.799800151
0.614378054,1.976599294
0.58676396,2.12518789
0.952520443,2.283816053
0.549203109,2.258015519
0.989465542,2.289885217
0.965119669,2.199097361
0.90970202,2.09336862
0.329000845,1.968580228
0.591879436,1.917101896
0.368929972,1.893540352
0.531535774,1.929953477
0.446704142,1.972344864
0.471902594,2.138934308
0.495253792,2.381983221
0.124571296,2.509921327
0.083315935,2.422659992
0.313038668,2.211350269
0.264157459,2.041735587
1.01523238,1.922604554
1.146245386,1.830143354
0.623614329,1.809263207
0.498190453,1.78449698
0.36831422,1.778411778
0.320048763,1.799800151
0.556971053,1.976599294
0.323411715,2.12518789
0.562986473,2.283816053
0.648812781,2.258015519
0.433583895,2.289885217
0.46318734,2.199097361
0.572885865,2.09336862
0.231522622,1.968580228
0.479717904,1.917101896
0.326158914,1.893540352
0.139965087,1.929953477
0.439930874,1.972344864
0.314838557,2.138934308
0.47194996,2.381983221
0.49653266,2.509921327
0.446041025,2.422659992
0.582501064,2.211350269
0.502311253,2.041735587
0.39469681,1.922604554
0.382381777,1.830143354
0.733691778,1.809263207
0.46962905,1.78449698
0.303328738,1.778411778
0.767510753,1.799800151
0.768268602,1.976599294
0.498095722,2.12518789
1.195647615,2.283816053
0.428942075,2.258015519
0.810613369,2.289885217
2.255498307,2.199097361
0.805213701,2.09336862
0.495537985,1.513612813
0.287887581,1.463233435
0.587569174,1.438572936
0.456129879,1.470590241
0.602157752,1.52616909
0.549013647,1.682867938
0.656675456,1.909432524
0.061290972,1.995610335
0.200687674,1.892963629
0.20864508,1.640992567
0.316543715,1.452695648
0.410516891,1.354444762
1.552973036,1.285061619
0.634034741,1.275171023
0.600263131,1.274581809
0.448882955,1.300366305
0.351120539,1.344832735
0.62370906,1.560095307
0.579280209,1.713079724
0.676663702,1.866213111
1.113847376,1.814037654
0.564454804,1.834917801
1.148613661,1.733140394
0.554886971,1.655984486
0.322274942,1.028973609
0.130255157,0.985187962
0.537314366,0.963824329
0.452672196,0.994742678
0.302949814,1.050321527
0.435194323,1.200426644
0.304418144,1.430288096
0.108040732,1.514267997
1.091632951,1.431402483
1.445263862,1.211301119
0.742928053,1.055972853
0.41316936,0.979701069
0.454329989,0.934494939
0.686515728,0.921307478
0.850684592,0.907530802
1.828119294,0.912435151
0.336247768,0.930526659
0.337574003,1.110622667
0.217739258,1.240529026
0.94906276,1.376079132
0.816486693,1.312914124
1.614358739,1.332695316
0.283008933,1.238610594
0.17856798,1.168048417
0.365519655,0.645827978
0.376129529,0.577476302
0.374803295,0.561352746
0.439220391,0.557613061
0.558628846,0.572047084
0.260226122,0.592270944
0.563365398,0.611691366
0.498758839,0.722340796
0.90875471,0.946050883
0.268562452,1.098395657
0.277988189,1.063378064
0.116377063,0.931779898
0.436425826,0.877341277
0.91993297,0.914494558
0.240095779,0.883133994
0.505579473,0.907456946
0.55616584,1.007691518
0.804408487,1.183837708
1.462504908,1.260550341
1.796337036,1.160232053
0.329285038,0.959238344
0.336531961,0.768579112
0.199219343,0.665408749
0.192824999,0.662915626
0.201540253,0.610707239
0.096483548,0.581396373
0.371629806,0.569193145
0.290682146,0.55369299
0.329000845,0.55832658
0.303755027,0.555029714
0.473986677,0.5901306
0.431547178,0.687059556
0.395075734,0.875489615
0.596994911,1.055274124
0.427000089,1.106499597
0.312565012,1.065066839
1.732677788,0.943984748
0.314506998,0.820409836
0.534709263,0.675364957
0.609357309,0.558563706
0.927227259,0.541193892
0.89440296,0.619334532
0.484407089,0.727409548
0.310528295,0.783898624
0.694852058,0.786752214
0.562560184,0.788179616
0.350362691,0.728130937
0.334305782,0.670702721
0.259989294,1.190057154
0.360356814,1.135228456
0.471571036,1.123611726
0.238816911,1.151708884
0.378924095,1.203421087
0.365614386,1.324178343
0.166773967,1.506998192
0.152848507,1.567456458
0.277988189,1.496500883
0.22901225,1.288930391
0.111356318,1.138767544
0.315596405,1.050260103
0.792046089,1.006924497
0.435904805,0.994360241
0.553939661,0.993918027
0.592305725,1.006515062
0.530162174,1.047356786
0.625461583,1.190302242
2.483752708,1.331821206
0.708540691,1.443848919
0.607746882,1.442636651
0.644313057,1.443439181
0.458450789,1.372876397
0.153511624,1.295096981
0.196045853,1.34830669
0.264204825,1.293477992
0.224559892,1.282960217
0.372056095,1.30995842
0.32483268,1.361670623
0.382997529,1.485724744
0.351404732,1.665247728
0.249710978,1.729002859
0.3349689,1.653651464
0.204619011,1.436190376
0.173168311,1.273939023
0.37063513,1.17224412
0.1476383,1.121215829
0.607178496,1.111948438
0.526988684,1.11919891
0.826480816,1.13509281
1.115741996,1.18362722
0.544229731,1.337562227
0.996049348,1.488971787
0.842206166,1.611989051
1.08509651,1.607479918
0.553560737,1.614876178
0.434720667,1.537719664
0.414069304,1.459940248
0.616651598,1.34830669
0.362961917,1.293477992
0.35723069,1.282960217
0.431405082,1.30995842
0.390812838,1.361670623
0.410280063,1.485724744
0.243837655,1.665247728
0.131439295,1.729002859
0.122297752,1.653651464
0.205708418,1.436190376
0.618688315,1.273939023
0.348136512,1.17224412
1.473541073,1.121215829
1.107358301,1.111948438
0.21096599,1.11919891
0.383471184,1.13509281
0.372671847,1.18362722
0.192114516,1.337562227
0.67097984,1.488971787
0.324169563,1.611989051
0.458403423,1.607479918
0.434531205,1.614876178
0.735444302,1.537719664
0.550908268,1.459940248
0.803698004,0.723001233
0.537740656,0.67806313
0.43680475,0.673040131
0.502927004,0.696741469
1.089833061,0.741859941
0.659848945,0.865914062
0.315170116,1.048733911
0.174778739,1.110291132
0.369072068,1.060215705
0.112350994,0.881218045
0.189035758,0.755232211
0.116377063,0.690901782
0.218023451,0.668446323
0.881330078,0.659178932
0.594058249,0.645549257
0.42752111,0.630672414
0.371345613,0.650633991
0.387213059,0.76610557
0.245874372,0.880150656
1.273658613,0.977891952
2.343171869,0.962393268
0.251368771,0.966492663
0.294945042,0.90252361
0.336626692,0.83463479
0.28409834,0.396611565
0.382571239,0.351673463
0.423447676,0.336759867
0.386407845,0.353867474
0.653549332,0.395689081
0.179894214,0.523040067
0.345862967,0.715750513
0.061954089,0.803682656
0.352778332,0.779982151
0.162558437,0.633953145
0.09951494,0.54423283
0.19059882,0.493089862
0.410185332,0.48711873
0.337384541,0.487741935
0.337905561,0.464221664
0.451914348,0.43615736
0.99855972,0.43304088
0.337147713,0.522137535
0.371487709,0.613104564
0.447414625,0.687767803
1.741535138,0.662378523
0.57241221,0.653290456
0.198840419,0.589321404
0.421742517,0.514838853
0.24388502,1.396408448
0.630056038,1.322986051
0.661033083,1.306534564
0.308349482,1.306091729
0.397301913,1.330416348
0.544040269,1.358480607
0.736675805,1.404718771
0.969808854,1.493955193
0.719150566,1.626370866
0.193677578,1.659798831
0.071948212,1.552428768
1.18503774,1.403691201
3.223175713,1.317382882
1.363274161,1.343397641
2.484178998,1.338888508
1.116357748,1.382222749
0.680310846,1.493479498
0.658333249,1.698377088
0.65241256,1.849787558
0.458640251,1.851279304
0.78844631,1.725244199
0.388302466,1.587595579
1.007180243,1.471238058
0.47194996,1.428739731
0.306454861,1.387668502
0.107803905,1.34846704
0.048407553,1.324175305
0.079337232,1.311972016
0.412600973,1.326496202
0.421884614,1.323199336
0.454329989,1.361597087
0.443625384,1.450833358
0.654212449,1.610690584
0.482512469,1.742121068
1.365216147,1.740596695
1.269869372,1.658502599
0.535988132,1.505550809
0.861341832,1.378679032
0.332790086,1.264404896
0.507900383,1.178374389
0.384844783,1.199468002
0.769831663,1.325962668
0.510126562,1.481292753
0.81577621,1.572948393
1.081875655,1.580197804
0.356662304,1.591515801
1.050188128,1.518279661
0.148775073,1.444367118
0.051959966,1.34830669
0.133570743,1.293477992
0.362156703,1.282960217
0.621767074,1.30995842
0.339373892,1.361670623
0.482986124,1.485724744
0.251510868,1.665247728
0.185578075,1.729002859
0.175962876,1.653651464
0.332079603,1.436190376
0.066359082,1.273939023
0.172410463,1.17224412
0.139444067,1.121215829
0.276993513,1.111948438
0.240285241,1.11919891
0.152564314,1.13509281
0.347426029,1.18362722
1.675081325,1.337562227
1.249407471,1.488971787
2.316978741,1.611989051
1.086280648,1.607479918
1.76251806,1.614876178
2.912552687,1.537719664
1.133835622,1.459940248
0.290587415,1.025213888
0.051959966,0.981374741
0.254163336,0.96975801
0.268183528,0.996756214
0.36135149,1.048468417
0.29106107,1.169225672
0.39332321,1.352045521
0.330611272,1.412503787
0.841495683,1.349240899
0.595621311,1.152659957
0.499800881,1.009090841
0.054186146,0.92497922
2.516813836,0.891534211
0.948020719,0.88226682
0.423021386,0.87632983
0.726539586,0.881234179
0.332174334,0.911086353
0.724313407,1.044141213
1.382362462,1.177967491
0.370729861,1.289995203
0.197229991,1.277793385
0.697693989,1.281892779
0.23597498,1.211329996
0.107993367,1.136847446
0.17814169,1.025213888
0.160616451,0.981374741
0.415727097,0.96975801
0.527414974,0.996756214
0.197277357,1.048468417
0.311522971,1.169225672
0.186999041,1.352045521
0.170136918,1.412503787
0.228112305,1.349240899
0.281161678,1.152659957
0.236069711,1.009090841
0.57610672,0.92497922
0.340842223,0.891534211
0.658238518,0.88226682
0.330516541,0.87632983
0.773763001,0.881234179
0.862289143,0.911086353
0.736296881,1.044141213
0.499848246,1.177967491
0.482844027,1.289995203
0.86484688,1.277793385
0.867641445,1.281892779
0.383281722,1.211329996
0.438557274,1.136847446
0.225696664,1.662607852
0.084878997,1.607779154
0.257431557,1.592865558
0.49231713,1.620962716
0.214849962,1.670477009
0.42572122,1.79453113
0.476875973,1.987241575
0.480049462,2.059788347
0.100035961,1.983337997
0.318201508,1.770272729
0.193914405,1.59593287
0.391475955,1.485446326
0.352636235,1.421230574
0.298829014,1.410864228
0.259278812,1.411520969
0.484833379,1.428513824
0.639102851,1.473751369
0.62285648,1.629884286
0.329663962,1.783491757
1.258312187,1.914201706
0.613004454,1.923978989
0.692767976,1.929177339
0.611015102,1.855317691
0.835764456,1.763251858
0.382855432,2.004182318
0.373950716,1.968277722
0.439362488,1.940689122
0.734449626,1.933980609
0.347710222,1.935317333
0.692531148,1.945207929
0.473702484,2.000090006
0.300439441,2.129987616
0.229201712,2.297537528
0.450493383,2.4586398
0.308870503,2.461511247
1.22293015,2.354141184
0.781483579,2.171517606
0.464608305,2.036953143
0.620393474,1.898501995
0.480570483,1.790492385
0.472565711,1.796200627
0.615514826,1.898518281
0.619730357,2.054947321
0.581269561,2.158691466
0.939684389,2.195612665
0.50022717,2.215722304
0.604762855,2.15237676
0.201682349,2.046594519
0.247437434,1.710709609
0.293855635,1.637287213
0.191972419,1.616439905
0.547213758,1.617096025
0.387355156,1.639222734
0.728055282,1.667286993
0.289119084,1.726712618
0.502690177,1.824740682
0.676237412,1.956057399
0.509510811,1.993881185
0.078153094,1.874422615
0.225980857,1.716893407
0.512210645,1.617397627
0.282914202,1.642313431
0.186572751,1.631210567
0.467118678,1.675643764
0.102025312,1.783603648
0.757706092,1.990699148
0.495443254,2.144307527
0.324501121,2.153491959
0.709630098,2.04174327
0.27765663,1.901896741
0.765189843,1.788836085
0.290255856,1.732051341
0.226170319,1.387668502
0.079621425,1.34846704
0.212102762,1.324175305
0.245590179,1.311972016
0.337905561,1.326496202
0.236117076,1.323199336
0.558249922,1.361597087
0.11429298,1.450833358
0.788825234,1.610690584
0.479812635,1.742121068
0.494164385,1.740596695
0.144417446,1.658502599
0.298639552,1.505550809
0.297123856,1.378679032
0.332695355,1.264404896
0.17719438,1.178374389
0.154316837,1.199468002
0.388491928,1.325962668
0.398722878,1.481292753
0.930684942,1.572948393
0.796166888,1.580197804
0.700678016,1.591515801
0.805924183,1.518279661
0.202250735,1.444367118
0.221717961,1.549214903
0.452814293,1.514409261
0.316827909,1.485721706
0.572649038,1.474617373
0.555929012,1.489141558
0.23090687,1.489141558
0.320853977,1.527539309
0.167105526,1.615676624
0.124192372,1.767841165
0.538451138,1.888282098
0.195524833,1.872471308
0.222191616,1.785981392
0.269367666,1.626435871
0.340463299,1.50286096
0.351878387,1.388586824
0.623614329,1.312446912
0.631334907,1.341233212
0.283293126,1.482014294
0.741128163,1.642839154
0.775468159,1.741088524
0.501316577,1.751634801
0.772436767,1.760754888
0.533572491,1.686419793
0.377882053,1.609210385
0.150338134,1.662607852
0.081089756,1.607779154
0.201303425,1.592865558
0.246916413,1.620962716
0.473465656,1.670477009
0.189035758,1.79453113
0.274909431,1.987241575
0.328479824,2.059788347
0.111924704,1.983337997
0.926090487,1.770272729
0.4839808,1.59593287
0.378308343,1.485446326
1.421628472,1.421230574
0.384086935,1.410864228
0.292292573,1.411520969
0.502737542,1.428513824
0.32990079,1.473751369
0.391049666,1.629884286
0.440641356,1.783491757
0.59827378,1.914201706
0.601163076,1.923978989
0.950246898,1.929177339
0.362061972,1.855317691
0.366798523,1.763251858
0.100983271,1.190057154
0.219207589,1.135228456
0.20727148,1.123611726
0.459540196,1.151708884
0.340415933,1.203421087
0.42804213,1.324178343
0.483696607,1.506998192
0.249426785,1.567456458
0.285377209,1.496500883
0.212907976,1.288930391
0.105625091,1.138767544
0.129307847,1.050260103
0.244074482,1.006924497
0.900039455,0.994360241
0.287887581,0.993918027
0.466645022,1.006515062
0.626740452,1.047356786
0.507426728,1.190302242
0.303944489,1.331821206
0.52566245,1.443848919
0.648102298,1.442636651
0.51173699,1.443439181
0.636071458,1.372876397
0.460013851,1.295096981
0.142096535,0.571345427
0.260273487,0.526407325
0.326490473,0.527978056
0.381860756,0.551679394
0.439930874,0.593501001
0.492032937,0.717555122
0.344110443,0.89378124
0.411843125,0.965229057
0.16199005,0.918450495
0.374424371,0.749343432
0.093073231,0.639841924
0.193061826,0.57880836
0.516236713,0.559649767
0.62096186,0.553679242
0.287650753,0.530158971
0.238011697,0.515282128
0.465460885,0.525353109
0.347804953,0.630934091
0.263162784,0.735088581
0.495490619,0.822939282
1.852038877,0.814034328
1.130614767,0.811539992
0.811560679,0.74757094
0.997280851,0.68627585
0.133854936,1.190057154
0.178520614,1.135228456
0.179894214,1.123611726
0.809523962,1.151708884
0.315359578,1.203421087
0.117703297,1.324178343
0.514247362,1.506998192
0.529451691,1.567456458
0.127413227,1.496500883
1.702979612,1.288930391
0.297739607,1.138767544
0.257431557,1.050260103
0.113677228,1.006924497
0.179846848,0.994360241
0.600926248,0.993918027
0.818618141,1.006515062
0.76395834,1.047356786
0.734923281,1.190302242
0.810566004,1.331821206
0.872946383,1.443848919
0.474507697,1.442636651
1.270058834,1.443439181
0.251605599,1.372876397
0.225033547,1.295096981
0.279077596,1.396408448
0.254400164,1.322986051
0.471902594,1.306534564
0.485212303,1.306091729
0.254636992,1.330416348
0.332363796,1.358480607
0.231143698,1.404718771
0.51775241,1.493955193
0.565781039,1.626370866
1.71998383,1.659798831
0.245921737,1.552428768
0.099609671,1.403691201
0.231996277,1.317382882
0.263020687,1.343397641
0.46730814,1.338888508
0.508847693,1.382222749
0.465224057,1.493479498
0.959625269,1.698377088
0.480428386,1.849787558
0.802987522,1.851279304
0.794366999,1.725244199
1.078228511,1.587595579
0.431594544,1.471238058
0.467213409,1.428739731
0.203434873,1.549214903
0.208834542,1.514409261
0.268704549,1.485721706
0.495348523,1.474617373
0.79730366,1.489141558
0.448456666,1.489141558
0.261173432,1.527539309
0.396449334,1.615676624
0.905107565,1.767841165
0.901744614,1.888282098
1.433517215,1.872471308
0.43955195,1.785981392
0.980560826,1.626435871
1.208531034,1.50286096
0.521920575,1.388586824
0.70517774,1.312446912
0.545982255,1.341233212
0.863662742,1.482014294
0.687605135,1.642839154
0.705272471,1.741088524
0.953278291,1.751634801
0.885877167,1.760754888
0.589984815,1.686419793
0.226643974,1.609210385
0.114766635,1.964820507
0.089994472,1.913288674
0.289071719,1.899474033
0.432115564,1.931967013
0.146975183,1.970491754
0.316164791,2.107733336
0.377218936,2.303740647
1.160455039,2.408157117
0.282014257,2.340498408
0.078816212,2.152709107
0.085021094,1.994853575
0.22489145,1.867882705
0.531630505,1.787182625
0.356236014,1.770222549
0.322890694,1.753296008
0.620061915,1.747210806
0.523815195,1.780359845
0.516141982,1.91011784
0.410611622,2.062626354
0.424489717,2.197732124
0.782146697,2.222894779
0.310386199,2.23908268
0.263352246,2.171816762
0.110503739,2.062167648
0.133760205,1.662607852
0.429984116,1.607779154
0.284335167,1.592865558
0.497527336,1.620962716
0.346194526,1.670477009
0.293713539,1.79453113
0.179894214,1.987241575
0.175299759,2.059788347
0.128502634,1.983337997
0.024866894,1.770272729
0.131534026,1.59593287
0.442346515,1.485446326
0.594342442,1.421230574
0.289308546,1.410864228
0.281587968,1.411520969
0.425437027,1.428513824
0.251937157,1.473751369
0.465318788,1.629884286
0.46550825,1.783491757
0.392660093,1.914201706
0.268704549,1.923978989
0.384229032,1.929177339
0.08189497,1.855317691
0.157158768,1.763251858
0.320332956,1.025213888
0.165921388,0.981374741
0.297360683,0.96975801
0.261268163,0.996756214
0.189840971,1.048468417
0.530256905,1.169225672
0.18510442,1.352045521
0.355714994,1.412503787
0.099372844,1.349240899
0.119834745,1.152659957
0.039408106,1.009090841
0.301339386,0.92497922
0.318059412,0.891534211
0.200971867,0.88226682
0.387165694,0.87632983
0.164547788,0.881234179
0.485780689,0.911086353
1.030720903,1.044141213
0.54508231,1.177967491
0.535751304,1.289995203
0.40810125,1.277793385
0.632519045,1.281892779
0.171794711,1.211329996
0.188277909,1.136847446
0.232754125,1.34830669
0.476544414,1.293477992
0.48587542,1.282960217
0.431926102,1.30995842
0.436567922,1.361670623
0.354057201,1.485724744
0.406206629,1.665247728
0.335821479,1.729002859
0.160379623,1.653651464
0.079952984,1.436190376
0.115003463,1.273939023
0.182025662,1.17224412
0.368551047,1.121215829
0.276567223,1.111948438
0.159006023,1.11919891
0.437041577,1.13509281
0.485970151,1.18362722
0.434152281,1.337562227
0.58306945,1.488971787
0.408859098,1.611989051
0.770115857,1.607479918
0.364809172,1.614876178
0.337052982,1.537719664
0.320332956,1.459940248
0.566302059,1.34830669
0.534188242,1.293477992
0.496769488,1.282960217
0.454756279,1.30995842
0.396828258,1.361670623
0.723271365,1.485724744
0.361540952,1.665247728
0.424489717,1.729002859
0.151853831,1.653651464
0.118650607,1.436190376
0.31142824,1.273939023
0.412364146,1.17224412
0.197751012,1.121215829
0.310765123,1.111948438
0.512779031,1.11919891
0.475076083,1.13509281
0.259041984,1.18362722
0.301907772,1.337562227
0.58254843,1.488971787
0.409901139,1.611989051
0.425105469,1.607479918
0.403743623,1.614876178
0.145933142,1.537719664
0.134091764,1.459940248
0.177431207,1.710709609
0.219018127,1.637287213
0.410280063,1.616439905
0.500985018,1.617096025
0.529072767,1.639222734
0.501458674,1.667286993
0.547734779,1.726712618
0.524857236,1.824740682
0.400901692,1.956057399
0.414400863,1.993881185
0.055938669,1.874422615
0.325306335,1.716893407
0.356378111,1.617397627
0.34193163,1.642313431
0.269983417,1.631210567
0.404312009,1.675643764
0.206608363,1.783603648
0.562323356,1.990699148
0.459161272,2.144307527
0.519410203,2.153491959
0.273914755,2.04174327
0.187093772,1.901896741
0.591784705,1.788836085
0.064606558,1.732051341
0.187898985,1.549214903
0.509652907,1.514409261
0.61632004,1.485721706
0.332884817,1.474617373
0.349415381,1.489141558
0.403506795,1.489141558
0.75424841,1.527539309
0.289071719,1.615676624
0.286608712,1.767841165
0.488575254,1.888282098
0.152848507,1.872471308
0.149580286,1.785981392
0.464939864,1.626435871
0.642323706,1.50286096
0.389439238,1.388586824
0.343968347,1.312446912
0.390812838,1.341233212
0.605520703,1.482014294
0.411132643,1.642839154
0.513726341,1.741088524
0.300581538,1.751634801
0.453098486,1.760754888
0.342168457,1.686419793
0.167768643,1.609210385
0.202156004,0.871360173
0.678416226,0.829718936
0.374945392,0.82139907
0.320332956,0.845100409
0.375940067,0.896812611
0.346715546,1.014273002
0.371203516,1.200389716
0.159716506,1.261946937
0.154979955,1.200881959
0.108798581,1.015290568
0.294945042,0.886007869
0.657480669,0.808489978
0.330469176,0.776143924
0.377171571,0.766876533
0.560523467,0.759840589
0.209213466,0.754854342
0.360356814,0.778112784
0.383329087,0.906771824
0.698925492,1.027410641
0.524430947,1.126250892
0.312991302,1.120642804
0.72511862,1.124742199
0.379445115,1.054179415
0.188846296,0.986290595
0.413785111,1.509853092
0.367556372,1.459420214
0.57051759,1.444506618
0.355383435,1.472603777
0.520357513,1.524315979
0.24431131,1.651666966
0.653028311,1.831189949
0.339752816,1.893846125
0.183162434,1.810802045
0.741412356,1.582351405
0.53030427,1.405813636
0.27301481,1.299722913
0.340463299,1.242100891
0.9009394,1.236130365
1.338407267,1.243380837
0.732412909,1.269165333
0.300960462,1.325392429
0.735586398,1.493613853
0.382523873,1.650518188
0.874367348,1.780129183
0.295418697,1.778916915
0.549676765,1.784115265
2.778792482,1.705859796
1.307856512,1.624783514
0.192824999,1.34830669
0.11154578,1.293477992
0.254636992,1.282960217
0.237727504,1.30995842
0.217739258,1.361670623
0.358746386,1.485724744
0.30953362,1.665247728
0.452293272,1.729002859
0.222807368,1.653651464
1.021768821,1.436190376
0.273346369,1.273939023
0.420937303,1.17224412
0.648007567,1.121215829
0.698120279,1.111948438
0.448456666,1.11919891
0.416532311,1.13509281
0.551666116,1.18362722
0.436236364,1.337562227
0.802513867,1.488971787
0.573075327,1.611989051
0.397586106,1.607479918
0.505579473,1.614876178
0.358509559,1.537719664
0.527604436,1.459940248
0.287650753,1.815362612
0.482938758,1.757237049
0.49094353,1.746719273
0.479623173,1.771519566
0.407627595,1.824330724
0.422074076,1.951681711
0.579043382,2.144392156
0.342642112,2.230126389
0.114103518,2.156972904
0.518415527,1.962589873
2.448370671,1.79154688
2.097013304,1.67336765
1.43209625,1.600360257
1.144540227,1.586697045
0.512921127,1.577463191
0.423495041,1.587862315
0.511405431,1.627605084
0.521683747,1.767253675
0.32483268,1.9219601
0.724739696,2.053769005
1.080170497,2.066843154
0.585579823,2.08632792
0.643365747,2.011369316
0.534993456,1.912709753
0.159006023,1.964820507
0.361493586,1.913288674
0.335110996,1.899474033
0.640002796,1.931967013
0.470718456,1.970491754
0.368361585,2.107733336
0.422074076,2.303740647
0.330611272,2.408157117
0.29286096,2.340498408
0.284524629,2.152709107
0.560239274,1.994853575
0.398580782,1.867882705
0.669132585,1.787182625
0.338000292,1.770222549
0.59183207,1.753296008
0.705461933,1.747210806
0.424963372,1.780359845
0.361825145,1.91011784
0.367272179,2.062626354
0.480949407,2.197732124
1.220088219,2.222894779
0.32483268,2.23908268
0.231664718,2.171816762
0.294945042,2.062167648
0.276898782,1.396408448
0.142143901,1.322986051
0.152659045,1.306534564
0.512115914,1.306091729
0.471239477,1.330416348
0.341836899,1.358480607
0.306265399,1.404718771
0.236874925,1.493955193
0.574638389,1.626370866
0.848932068,1.659798831
0.223423119,1.552428768
0.086773618,1.403691201
0.463234706,1.317382882
0.420937303,1.343397641
0.574543658,1.338888508
0.233417242,1.382222749
0.649144339,1.493479498
0.602584041,1.698377088
0.38456059,1.849787558
1.128104395,1.851279304
0.918654102,1.725244199
0.705225105,1.587595579
0.625556315,1.471238058
0.652791484,1.428739731
0.038318699,0.910721984
0.209971314,0.884707983
0.029982369,0.862614159
0.321706556,0.847114005
0.461624278,0.86163819
0.201445522,0.851747594
0.251652964,0.896739075
0.687226211,0.983777436
0.598842166,1.157921079
1.629610434,1.321221261
0.270788631,1.352665541
1.055635162,1.294748457
1.477377679,1.160478905
2.412467613,1.033607128
1.263806586,0.905046575
0.437704695,0.79813592
0.769736932,0.793953567
0.275809375,0.895172265
0.336626692,1.019731607
0.180415234,1.087210234
0.559528791,1.09336069
1.806331159,1.101381822
1.204126041,1.034739413
0.406490822,0.970717466
0.057880655,0.235065164
0.058117483,0.180236466
0.139491432,0.158729139
0.493785461,0.169243016
0.310859854,0.211064623
0.18742533,0.338415609
0.288029677,0.534422919
0.256389515,0.652026851
0.286608712,0.638216942
0.31512275,0.515265993
0.196708971,0.435436274
0.255347474,0.400777633
0.319622474,0.404697097
0.318059412,0.405320302
0.32440639,0.371909435
0.405496147,0.350438861
0.812839548,0.33413492
0.372387654,0.406747249
0.713845629,0.484526816
0.772057843,0.552596325
0.629866576,0.517316449
0.217833989,0.501634651
0.660606793,0.431071868
0.35585709,0.356589317
0.158058713,0.871360173
0.066738006,0.829718936
0.104535685,0.82139907
0.286750809,0.845100409
0.524857236,0.896812611
0.672400806,1.014273002
0.564123246,1.200389716
0.56819668,1.261946937
0.126797475,1.200881959
0.331937507,1.015290568
0.18742533,0.886007869
0.299918421,0.808489978
0.249474151,0.776143924
0.973977019,0.766876533
0.169142243,0.759840589
0.218070816,0.754854342
0.574117369,0.778112784
0.245211255,0.906771824
0.328006169,1.027410641
0.382902797,1.126250892
0.301244655,1.120642804
0.175441856,1.124742199
0.171794711,1.054179415
0.25728946,0.986290595
0.033818975,0.871360173
0.07123773,0.829718936
0.131107737,0.82139907
0.496437929,0.845100409
0.636971403,0.896812611
0.39607041,1.014273002
0.628540342,1.200389716
0.478439035,1.261946937
0.195051178,1.200881959
0.339942278,1.015290568
0.033582148,0.886007869
0.183967648,0.808489978
0.137454715,0.776143924
0.564691632,0.766876533
0.462903147,0.759840589
0.336768789,0.754854342
0.883414161,0.778112784
0.240522069,0.906771824
0.524241485,1.027410641
0.441778129,1.126250892
0.724834427,1.120642804
0.302239331,1.124742199
0.368598413,1.054179415
0.467544967,0.986290595
0.188135813,0.396611565
0.194151233,0.351673463
0.124997586,0.336759867
0.482133545,0.353867474
0.363009283,0.395689081
0.742075474,0.523040067
0.340226471,0.715750513
0.436425826,0.803682656
1.484293044,0.779982151
0.078958308,0.633953145
0.069201013,0.54423283
0.2077925,0.493089862
0.465745078,0.48711873
0.344442002,0.487741935
0.397491375,0.464221664
0.40947485,0.43615736
0.639339678,0.43304088
0.56080766,0.522137535
0.197372088,0.613104564
0.248716303,0.687767803
0.679505632,0.662378523
0.702998926,0.653290456
0.381955487,0.589321404
0.390907569,0.514838853
0.209971314,0.235065164
0.154458934,0.180236466
0.189509413,0.158729139
0.091983824,0.169243016
0.272825348,0.211064623
0.467971257,0.338415609
0.602868234,0.534422919
0.196424777,0.652026851
0.036376713,0.638216942
0.29200838,0.515265993
0.136365309,0.435436274
1.070792126,0.400777633
0.121160979,0.404697097
0.312517647,0.405320302
0.573264789,0.371909435
0.679410901,0.350438861
0.751311748,0.33413492
0.837422249,0.406747249
0.813076376,0.484526816
0.839174773,0.552596325
1.81296233,0.517316449
1.763986391,0.501634651
2.708786255,0.431071868
0.424584448,0.356589317
0.298071166,0.435973376
0.193772309,0.40666251
0.048928574,0.377974955
0.219065492,0.355881071
0.126986937,0.36051466
0.20864508,0.36051466
0.318769895,0.412099872
0.921401301,0.525513155
0.676000585,0.737021271
0.695941465,0.939883838
2.121074984,1.010890502
3.149617074,0.979348341
0.367272179,0.871453711
0.226596609,0.75447253
0.441067646,0.60942765
0.14806459,0.479438939
0.327390418,0.448881662
0.616746329,0.510537977
0.410327429,0.60542553
0.927179894,0.648727145
0.633750548,0.635096409
0.894639787,0.62993008
0.555881647,0.569881401
0.442346515,0.499265724
0.249521516,0.910721984
0.052007332,0.884707983
0.099704402,0.862614159
0.108609119,0.847114005
0.118461145,0.86163819
0.188514737,0.851747594
0.371629806,0.896739075
1.030910365,0.983777436
0.559102501,1.157921079
0.835669725,1.321221261
1.222551225,1.352665541
1.493576684,1.294748457
0.121397807,1.160478905
0.492601323,1.033607128
0.28315103,0.905046575
0.419658435,0.79813592
0.477681187,0.793953567
0.583827299,0.895172265
0.84774793,1.019731607
1.780374858,1.087210234
1.03972035,1.09336069
2.080056451,1.101381822
0.671121937,1.034739413
0.161232202,0.970717466
0.055843938,1.190057154
0.055986035,1.135228456
0.097572954,1.123611726
0.157537692,1.151708884
0.239764221,1.203421087
0.331179659,1.324178343
0.292482035,1.506998192
0.227354457,1.567456458
1.395340613,1.496500883
0.256815805,1.288930391
0.409001195,1.138767544
0.277940823,1.050260103
0.166252946,1.006924497
1.161591812,0.994360241
0.301481483,0.993918027
0.391523321,1.006515062
0.447604087,1.047356786
0.847511103,1.190302242
0.766137154,1.331821206
0.308207385,1.443848919
0.18140991,1.442636651
1.236334589,1.443439181
0.731370868,1.372876397
0.193061826,1.295096981
0.140059818,1.662607852
0.201113963,1.607779154
0.033534782,1.592865558
0.486964827,1.620962716
0.345341947,1.670477009
0.228301767,1.79453113
0.489380468,1.987241575
0.314791192,2.059788347
0.15734823,1.983337997
0.455324665,1.770272729
0.716640194,1.59593287
1.348069832,1.485446326
0.635171513,1.421230574
0.171605249,1.410864228
0.240048414,1.411520969
0.353157256,1.428513824
0.578096072,1.473751369
0.501506039,1.629884286
1.564814414,1.783491757
0.601068345,1.914201706
0.834817146,1.923978989
0.175583952,1.929177339
0.375940067,1.855317691
0.31512275,1.763251858
0.097762416,1.509853092
0.065080213,1.459420214
0.0300771,1.444506618
0.321043439,1.472603777
0.555029067,1.524315979
0.507379363,1.651666966
0.699020223,1.831189949
0.201066598,1.893846125
0.248858399,1.810802045
0.165495098,1.582351405
0.280119637,1.405813636
0.220628554,1.299722913
0.449025052,1.242100891
0.256910536,1.236130365
0.169710629,1.243380837
0.215892003,1.269165333
0.391286493,1.325392429
0.368645778,1.493613853
0.310859854,1.650518188
0.433394433,1.780129183
0.341694802,1.778916915
0.646444505,1.784115265
0.531393677,1.705859796
0.244832331,1.624783514
0.125708068,1.509853092
0.12262931,1.459420214
0.078721481,1.444506618
0.233275146,1.472603777
0.351736291,1.524315979
0.500463998,1.651666966
0.386028921,1.831189949
0.13878095,1.893846125
0.149059266,1.810802045
0.345484043,1.582351405
0.259563005,1.405813636
0.753111638,1.299722913
1.048198776,1.242100891
3.088468198,1.236130365
0.801234998,1.243380837
2.692113595,1.269165333
0.342547381,1.325392429
1.731919939,1.493613853
0.344205174,1.650518188
0.64322365,1.780129183
0.571701728,1.778916915
0.466266098,1.784115265
0.640665913,1.705859796
0.457977134,1.624783514
0.247011144,1.815362612
0.047318146,1.757237049
0.310765123,1.746719273
0.466550291,1.771519566
0.360972566,1.824330724
0.450824941,1.951681711
0.161753223,2.144392156
0.428657882,2.230126389
0.13466015,2.156972904
0.464087285,1.962589873
0.16284263,1.79154688
0.261836549,1.67336765
1.122373168,1.600360257
0.457077189,1.586697045
1.435269739,1.577463191
0.679174074,1.587862315
0.51457892,1.627605084
0.591358415,1.767253675
1.090685641,1.9219601
0.725876469,2.053769005
0.340747492,2.066843154
0.378308343,2.08632792
0.473513022,2.011369316
0.492127668,1.912709753
0.188041082,2.012922264
0.331937507,1.942796734
0.102877892,1.923048381
0.138638853,1.928100321
0.056791249,1.939237479
0.136270577,1.980489199
0.654022987,2.04321169
0.599126359,2.173109452
1.580018743,2.313217809
0.321801287,2.376317563
0.317822584,2.27334332
0.271830672,2.099329786
0.122155655,1.983349679
0.242085131,2.001671752
0.255300109,1.972985606
0.85281604,1.994340745
0.264583749,2.090212123
0.611867682,2.270932701
0.539872104,2.423442125
0.215797272,2.437022377
0.075405895,2.34065906
0.097999244,2.211802082
0.210255507,2.105335157
0.28367205,2.030967131
0.387781445,1.549214903
0.576675106,1.514409261
0.058354311,1.485721706
0.0615278,1.474617373
0.187093772,1.489141558
0.338379216,1.489141558
0.460487506,1.527539309
0.41179576,1.615676624
0.364098689,1.767841165
0.433915454,1.888282098
1.804436538,1.872471308
0.415111346,1.785981392
0.415774463,1.626435871
0.696273024,1.50286096
0.408243346,1.388586824
1.001543747,1.312446912
0.562607549,1.341233212
0.720287338,1.482014294
0.479102152,1.642839154
0.542998227,1.741088524
0.929784997,1.751634801
0.463329437,1.760754888
0.597610663,1.686419793
0.238248524,1.609210385
0.111877339,1.190057154
0.086773618,1.135228456
0.103162085,1.123611726
0.330800735,1.151708884
0.282440547,1.203421087
0.394981003,1.324178343
0.586527133,1.506998192
0.10458305,1.567456458
0.192540806,1.496500883
0.295323966,1.288930391
0.119124262,1.138767544
0.134849612,1.050260103
0.149627652,1.006924497
0.377266302,0.994360241
0.429984116,0.993918027
0.468587008,1.006515062
0.708019671,1.047356786
0.532672546,1.190302242
0.396922989,1.331821206
0.643507843,1.443848919
0.335726748,1.442636651
0.749227666,1.443439181
0.34287894,1.372876397
0.154411569,1.295096981
0.125187048,1.34830669
0.428894709,1.293477992
0.815113093,1.282960217
0.373619157,1.30995842
0.245353351,1.361670623
0.217407699,1.485724744
0.518747085,1.665247728
0.237301214,1.729002859
0.227164995,1.653651464
0.902976117,1.436190376
1.400503453,1.273939023
1.111668562,1.17224412
1.199768414,1.121215829
0.578569727,1.111948438
0.188325275,1.11919891
0.088052486,1.13509281
0.47427087,1.18362722
0.482275641,1.337562227
0.329616597,1.488971787
0.645213002,1.611989051
0.683957991,1.607479918
0.719245297,1.614876178
0.390386548,1.537719664
0.331890141,1.459940248
0.300439441,1.662607852
0.493027612,1.607779154
0.47796538,1.592865558
0.429226268,1.620962716
0.306407496,1.670477009
0.490564606,1.79453113
0.191167206,1.987241575
0.355193973,2.059788347
0.325306335,1.983337997
0.101930581,1.770272729
0.064653924,1.59593287
0.294660849,1.485446326
0.45485101,1.421230574
0.298071166,1.410864228
0.217881354,1.411520969
0.575822527,1.428513824
0.160758547,1.473751369
1.626436945,1.629884286
0.951336305,1.783491757
1.295494114,1.914201706
1.269632544,1.923978989
0.732270813,1.929177339
0.366987986,1.855317691
0.300107883,1.763251858
0.40862227,1.854724424
0.08928399,1.812226096
0.311380875,1.787934362
0.219349685,1.773533163
0.291345263,1.789156303
0.650849498,1.789156303
0.500842922,1.840741515
0.407011843,1.951956888
0.221291671,2.114012024
0.538924793,2.268520566
0.189083123,2.258204552
0.312849206,2.159626129
0.540772048,1.984695237
0.450493383,1.85342764
0.396733527,1.722669177
0.43121562,1.631143894
1.0198742,1.643445867
0.962372469,1.755654116
0.33411632,1.914281067
0.500558729,2.014728347
1.184848278,2.03956104
0.217881354,2.062967544
0.432778681,1.991929313
0.511026507,1.897136624
0.257052633,1.662607852
0.146027873,1.607779154
0.213902651,1.592865558
0.150243403,1.620962716
0.207034652,1.670477009
0.415916559,1.79453113
0.568291411,1.987241575
0.197656281,2.059788347
0.183825551,1.983337997
0.58254843,1.770272729
0.705272471,1.59593287
0.253831778,1.485446326
0.159811237,1.421230574
0.656912283,1.410864228
0.336105672,1.411520969
0.224938816,1.428513824
1.10778459,1.473751369
0.455466762,1.629884286
0.757374534,1.783491757
0.568528238,1.914201706
0.235075035,1.923978989
0.597942221,1.929177339
0.231001601,1.855317691
0.377787322,1.763251858
0.179988945,1.531574056
0.131013006,1.467367355
0.144938466,1.458280622
0.163647843,1.458936727
0.098520265,1.483261346
0.36461971,1.522462869
0.224228333,1.59222191
0.297408049,1.666639056
0.737812578,1.72864046
0.5687177,1.680516092
0.17487347,1.539256986
0.925332639,1.409645537
0.656201801,1.316743488
0.439836143,1.338213455
0.433725992,1.329785009
0.368693144,1.371250393
0.547308489,1.462758578
0.696888775,1.662339959
0.652744118,1.84668797
0.456840361,1.921416917
0.758463941,1.869241461
0.301102559,1.772514948
0.283624685,1.655058775
0.510837045,1.585742705
0.203055949,1.360227554
0.125044951,1.3131858
0.075737453,1.29281409
0.098188706,1.29237121
0.069674668,1.312775698
0.270551803,1.317319125
0.434199647,1.363557046
0.349462746,1.415552118
0.32019086,1.53228766
0.35164156,1.589234533
0.166963429,1.611232098
0.210066045,1.540898971
0.266715197,1.423227057
1.82267226,1.284594311
0.309770447,1.205603082
0.659185828,1.143092845
0.539635276,1.179867499
0.496769488,1.278920914
0.766658174,1.402889223
0.60523651,1.502385003
0.383281722,1.50963502
0.559055136,1.52487324
0.20589788,1.455557473
0.214281575,1.397378713
0.117324373,1.021454167
0.127318496,0.977561519
0.132102412,0.975691692
0.210492334,0.998769749
0.414779787,1.046615306
0.702620002,1.1380247
0.440925549,1.273802946
0.208881907,1.310739577
0.430694599,1.267079314
0.227496553,1.094018795
0.041444823,0.96220883
0.205045301,0.870257371
0.218355009,0.848573482
0.480949407,0.843226162
0.244169213,0.845128859
0.526420298,0.850033208
0.45991912,0.891646047
0.706977629,0.977659759
0.463376802,1.115405955
0.450540748,1.203911275
0.258189405,1.242672645
0.437278405,1.231090243
0.56639679,1.184049398
0.299586862,1.105646474
0.3882551,1.344546969
0.284571995,1.289664771
0.617456812,1.288893898
0.8736095,1.311971956
0.596994911,1.359817513
0.351546829,1.454523772
0.519078644,1.587005153
0.49515906,1.627238649
0.384939515,1.57148988
0.987428825,1.377549214
0.078674115,1.227057011
0.122487214,1.117522271
0.685899977,1.0782551
0.500132439,1.07290778
0.52102063,1.087997938
0.671264033,1.103891838
0.683058046,1.164186914
0.429036806,1.271080773
0.399670189,1.426410252
0.395738851,1.525905123
0.581553754,1.572359179
0.423731869,1.564073641
0.32715359,1.510439065
0.421837248,1.428739276
0.11429298,1.186297433
0.284761457,1.131415235
0.29570289,1.129545407
0.230338484,1.15372242
0.457882403,1.201567977
0.300581538,1.292977371
0.531298946,1.428755617
0.253642316,1.465692248
0.270220245,1.414339299
0.41231678,1.230289229
0.58254843,1.091885533
2.036432815,0.995538254
3.581590541,0.963963769
0.276519858,0.955319583
2.3173103,0.962717055
1.725146671,0.97531409
0.304560241,1.02791648
0.418000642,1.123820788
0.510979141,1.269259671
0.721471476,1.357764991
0.283861512,1.407515912
0.28641925,1.392636644
0.579422306,1.345595799
0.316306888,1.263896009
0.212481686,1.021454167
0.16199005,0.977561519
0.454187893,0.975691692
0.297123856,0.998769749
0.557918364,1.046615306
0.446609411,1.1380247
0.405875071,1.273802946
0.478202207,1.310739577
0.098425534,1.267079314
0.193819674,1.094018795
0.153606355,0.96220883
1.299567548,0.870257371
0.19154613,0.848573482
0.473749849,0.843226162
0.653596698,0.845128859
0.624182715,0.850033208
0.510505486,0.891646047
0.433015509,0.977659759
0.665059151,1.115405955
0.384229032,1.203911275
0.6644434,1.242672645
0.645213002,1.231090243
0.605899627,1.184049398
0.217786623,1.105646474
0.160142795,0.567585706
0.233369877,0.522594104
0.470671091,0.533911738
0.38910768,0.55369293
0.298639552,0.591647891
0.552708157,0.68635415
0.452909024,0.815538666
0.52566245,0.863464847
0.084594804,0.836288911
0.832969891,0.69070227
0.104677781,0.592959913
0.4169586,0.524086511
0.4784864,0.516689039
0.568907162,0.514638584
0.576580375,0.498957999
0.704372526,0.484081156
0.500274536,0.505912803
0.447556721,0.564452637
0.38593419,0.672527046
0.582595795,0.736855353
0.289734836,0.778913589
0.437894157,0.760737456
0.103162085,0.720290341
0.29982369,0.655074878
0.136744233,0.418332529
0.225223009,0.359620604
0.514247362,0.350533871
0.44324646,0.340200425
0.356236014,0.354634448
0.148964535,0.393835971
0.610541447,0.476782474
0.523815195,0.576475586
0.854379102,0.697820567
0.206513632,0.732117832
0.672211344,0.67767618
0.237017021,0.603012486
0.194861716,0.561761327
0.606089089,0.589825025
0.311144047,0.550625836
0.610446716,0.53824242
0.559765619,0.570407028
0.367035351,0.690863641
0.358841117,0.809274346
0.356472842,0.829055538
0.492269764,0.752703069
0.941579009,0.64169014
0.303186641,0.538520383
0.266525735,0.475798044
0.153606355,0.408532429
0.028656135,0.37138127
0.119171628,0.34661374
0.270930728,0.336280264
0.307023248,0.346794156
0.328432459,0.354634448
0.210871259,0.414059831
0.425531758,0.490231915
0.743970094,0.658618347
1.003296271,0.786997302
0.26562579,0.881525904
0.668895758,0.861744712
0.919175122,0.789129958
1.096416867,0.660387808
1.21975666,0.550625836
0.498569377,0.444157395
0.518557623,0.429281159
0.536840711,0.463496222
0.425768586,0.527022
0.663306627,0.578163755
0.336721423,0.564533626
0.427757937,0.563287519
0.907002186,0.507159213
0.147543569,0.452277318
0.345247216,0.246986027
0.097999244,0.199944273
0.045234064,0.168583012
0.334684706,0.151655805
0.420747841,0.162169697
0.073321812,0.17000999
0.291203167,0.232732238
0.173641966,0.33857611
0.186430654,0.516853138
0.47479189,0.66831015
0.09487312,0.772729349
0.336010941,0.769432483
1.040857122,0.706708325
0.350031132,0.577966175
0.209829217,0.458313607
0.196235315,0.358438897
0.672590268,0.330375199
0.847890027,0.348105935
1.380041552,0.398444252
0.300534172,0.442992277
0.337195079,0.419471551
0.348941726,0.411631714
0.609309944,0.348909677
0.221481133,0.294027782
0.243506096,0.231305443
0.170089553,0.176423244
0.213855286,0.164662821
0.179089,0.171256551
0.289971663,0.209211512
0.434815398,0.307214637
0.241611476,0.456180344
0.906244338,0.550262641
0.350646884,0.556055358
0.088431411,0.456624832
0.040165954,0.388554262
0.227828112,0.346055783
0.259373543,0.361736368
1.031431385,0.366279644
0.24990044,0.340708463
0.41549027,0.319237889
0.592826746,0.314694614
0.508184576,0.340265795
0.538545869,0.421965281
0.401280616,0.466512396
0.690210238,0.482195709
0.265294232,0.450832115
0.28135114,0.40379127
0.094731024,0.325388345
0.21148701,0.231305443
0.11988211,0.176423244
0.145601583,0.164662821
0.305128627,0.171256551
0.311475606,0.209211512
0.471381574,0.307214637
0.379824039,0.456180344
0.500558729,0.550262641
0.256389515,0.556055358
0.391760148,0.456624832
0.058875331,0.388554262
0.247295337,0.346055783
0.118508511,0.361736368
0.11059847,0.366279644
0.543661345,0.340708463
1.175469907,0.319237889
0.765000381,0.314694614
2.016491934,0.340265795
1.374120863,0.421965281
0.630861252,0.466512396
0.148917169,0.482195709
0.839458966,0.450832115
0.561186584,0.40379127
0.466408195,0.325388345
0.366466965,1.021454167
0.117608566,0.977561519
0.113061477,0.975691692
0.181362545,0.998769749
0.386928866,1.046615306
0.406206629,1.1380247
0.339089699,1.273802946
0.438983563,1.310739577
0.36135149,1.267079314
0.598700069,1.094018795
1.42934905,0.96220883
0.182972972,0.870257371
0.203055949,0.848573482
0.164974078,0.843226162
0.391996976,0.845128859
0.372861309,0.850033208
0.473039366,0.891646047
0.705746126,0.977659759
0.127413227,1.115405955
1.256133373,1.203911275
0.70517774,1.242672645
0.813407934,1.231090243
0.454235258,1.184049398
0.400570133,1.105646474
0.07630584,0.867600451
0.094210003,0.825905714
0.138212563,0.827332752
0.199977191,0.847113944
0.602252483,0.894959501
0.285424574,0.98307203
0.53906689,1.122147141
0.345057754,1.160182727
0.778215359,1.118720374
0.36187251,0.956649407
0.604147103,0.839125858
0.471144746,0.753768129
0.243174538,0.733183196
0.432210295,0.727835875
0.249853075,0.728639617
0.562749646,0.72365337
0.448314569,0.758672478
0.18974624,0.84029037
0.501553405,0.964849105
0.171321056,1.040166964
0.556639495,1.085522065
0.825959795,1.073939662
0.518604989,1.026898817
0.36694062,0.955089623
0.130302523,0.593066391
0.245874372,0.534354467
0.116803352,0.54175206
0.334211051,0.538012345
0.16241634,0.552446368
0.503732218,0.588351025
0.457645575,0.654813201
0.294092463,0.738021987
0.217597161,0.836288911
0.402322657,0.847508118
0.569475549,0.773285274
1.551315243,0.688730985
0.329190307,0.634292364
0.348941726,0.655762332
0.58117483,0.616563143
0.555786916,0.617367188
0.271878038,0.662719258
0.268988742,0.799660197
0.391665417,0.931258363
0.247011144,0.964227016
0.102356871,0.904358874
0.399196534,0.799939676
0.843627131,0.696769919
0.8093345,0.647235041
0.411227374,0.583266291
0.167294988,0.546115133
0.178331152,0.537831929
0.172789387,0.534092184
0.239148469,0.544606076
0.31237555,0.549149503
0.240048414,0.592090559
0.286371884,0.651778316
0.480096828,0.797086691
0.403885719,0.902387589
0.22119694,0.977134999
0.482086179,0.947463211
1.765644184,0.861660996
0.534567166,0.726325115
0.386123652,0.616563143
0.272920079,0.523282163
0.90273929,0.521593388
0.652033636,0.572292778
0.652223098,0.649006017
0.466266098,0.713335234
0.640239623,0.716189431
0.667616889,0.721537055
0.314743826,0.665408749
0.27533572,0.623714315
0.202345466,0.867600451
0.18278351,0.825905714
0.063232958,0.827332752
0.070243054,0.847113944
0.226028222,0.894959501
0.2693203,0.98307203
0.274009486,1.122147141
0.12675011,1.160182727
0.267473045,1.118720374
0.232233104,0.956649407
0.234743477,0.839125858
0.238485352,0.753768129
1.10821088,0.733183196
1.375399732,0.727835875
0.284145705,0.728639617
0.219491782,0.72365337
0.348373339,0.758672478
0.542950862,0.84029037
0.602584041,0.964849105
0.628256149,1.040166964
0.54508231,1.085522065
1.075623408,1.073939662
0.249758344,1.026898817
0.289450643,0.955089623
0.487864772,1.021454167
0.186004365,0.977561519
0.166489774,0.975691692
0.230006925,0.998769749
0.653880891,1.046615306
0.479433711,1.1380247
0.28874016,1.273802946
0.170231649,1.310739577
0.32156446,1.267079314
0.792946033,1.094018795
0.112019435,0.96220883
0.178046959,0.870257371
0.415679732,0.848573482
0.256436881,0.843226162
0.442535977,0.845128859
0.239432662,0.850033208
1.035173261,0.891646047
0.594910828,0.977659759
0.505532108,1.115405955
0.333737396,1.203911275
0.586053478,1.242672645
3.46118741,1.231090243
0.431405082,1.184049398
0.271688576,1.105646474
0.08558948,0.567585706
0.058638504,0.522594104
0.294992408,0.533911738
0.268941376,0.55369293
0.50434797,0.591647891
0.585295629,0.68635415
0.533430394,0.815538666
0.520168051,0.863464847
0.186951675,0.836288911
0.534235608,0.69070227
0.207887231,0.592959913
0.148538245,0.524086511
0.29148736,0.516689039
0.192540806,0.514638584
0.754343141,0.498957999
0.450635479,0.484081156
0.425815951,0.505912803
0.553466006,0.564452637
0.669179951,0.672527046
0.306407496,0.736855353
0.602252483,0.778913589
0.626361528,0.760737456
0.470481629,0.720290341
0.268751914,0.655074878
0.070574613,0.392851844
0.077537343,0.347860241
0.371913999,0.342693549
0.338000292,0.35588101
0.396212506,0.393835971
0.384750052,0.491839096
0.457503479,0.637507938
0.326064183,0.701918446
0.240379972,0.697820567
0.316970005,0.575311983
0.308965234,0.497350818
0.23365407,0.438368013
0.895445001,0.444158002
0.617077888,0.448701277
0.628635073,0.433020692
3.599399974,0.404956388
1.219851391,0.413600574
0.045755084,0.455656081
0.186288558,0.550543029
0.261220798,0.601683875
0.367224813,0.627257784
0.689736583,0.60248792
0.659564752,0.562040805
0.345105119,0.483637881
0.320285591,0.231305443
0.100320154,0.176423244
0.249000496,0.164662821
0.502879639,0.171256551
0.296176545,0.209211512
0.343021037,0.307214637
0.469392222,0.456180344
0.273109541,0.550262641
0.206703094,0.556055358
0.521731113,0.456624832
0.533667222,0.388554262
2.118327785,0.346055783
0.103588374,0.361736368
0.194245964,0.366279644
0.145127928,0.340708463
0.624940563,0.319237889
0.520310147,0.314694614
0.755953569,0.340265795
0.07175875,0.421965281
0.463803092,0.466512396
0.408906463,0.482195709
0.857742053,0.450832115
0.424726544,0.40379127
0.226738705,0.325388345
0.226833436,0.256786128
0.154601031,0.188183607
0.208692445,0.172503143
0.192019785,0.155575967
0.066501179,0.17000999
0.232043642,0.209211512
0.484738648,0.29545488
0.415916559,0.424819781
0.488148965,0.556055358
0.204382183,0.61343068
0.112161532,0.568879624
0.272351693,0.510700257
0.383992204,0.479339694
0.129213116,0.507403392
0.353867739,0.458313607
0.344868292,0.452523921
0.634508396,0.471501068
0.394933637,0.575473355
0.336531961,0.680696598
0.277419803,0.693884059
0.342736843,0.607640994
0.16937907,0.490034335
0.228917519,0.380270847
0.360451545,0.317548508
0.204145356,0.246986027
0.075974281,0.199944273
0.081516046,0.168583012
0.070906171,0.151655805
0.085968404,0.162169697
0.21750243,0.17000999
0.395312562,0.232732238
0.0629014,0.33857611
0.215986734,0.516853138
1.126446602,0.66831015
0.141812342,0.772729349
0.105198802,0.769432483
0.196377412,0.706708325
0.318106777,0.577966175
0.59415298,0.458313607
1.092390799,0.358438897
0.409616946,0.330375199
0.360356814,0.348105935
0.530493732,0.398444252
0.49653266,0.442992277
0.574448927,0.419471551
0.643507843,0.411631714
0.451251231,0.348909677
0.259563005,0.294027782
0.044997236,0.231305443
0.063801344,0.176423244
0.156969306,0.164662821
0.162463706,0.171256551
0.147543569,0.209211512
0.335063631,0.307214637
0.273393734,0.456180344
0.192209247,0.550262641
0.092504845,0.556055358
0.320427687,0.456624832
0.311475606,0.388554262
0.237727504,0.346055783
1.073539325,0.361736368
0.292292573,0.366279644
0.31142824,0.340708463
0.033250589,0.319237889
0.137691543,0.314694614
0.283624685,0.340265795
0.541577262,0.421965281
0.138828315,0.466512396
0.187520061,0.482195709
0.293713539,0.450832115
0.22299683,0.40379127
0.205045301,0.325388345
0.122960869,0.231305443
0.163647843,0.176423244
0.065269675,0.164662821
0.043434174,0.171256551
0.164500423,0.209211512
0.385744728,0.307214637
0.426715896,0.456180344
0.269272935,0.550262641
1.157565743,0.556055358
0.149248728,0.456624832
0.093688982,0.388554262
0.09065759,0.346055783
0.070906171,0.361736368
1.435885491,0.366279644
0.161563761,0.340708463
0.041207995,0.319237889
0.193488116,0.314694614
0.375466412,0.340265795
0.735823226,0.421965281
0.580795906,0.466512396
0.570186031,0.482195709
0.470197436,0.450832115
0.409380119,0.40379127
0.285424574,0.325388345
0.132528702,0.231305443
0.125708068,0.176423244
0.075074336,0.164662821
0.034908382,0.171256551
0.41643758,0.209211512
0.379445115,0.307214637
0.407201305,0.456180344
0.61262553,0.550262641
0.153037969,0.556055358
1.30809334,0.456624832
0.052102063,0.388554262
0.245305986,0.346055783
0.380155598,0.361736368
0.176578628,0.366279644
0.106051381,0.340708463
0.521304823,0.319237889
0.170042187,0.314694614
0.312280819,0.340265795
0.576296182,0.421965281
0.268704549,0.466512396
1.229656052,0.482195709
0.874177886,0.450832115
0.237916966,0.40379127
0.349273284,0.325388345
0.074316488,0.231305443
0.232517297,0.176423244
0.154411569,0.164662821
0.143564866,0.171256551
0.152611679,0.209211512
0.492601323,0.307214637
0.237774869,0.456180344
0.025151087,0.550262641
0.114814001,0.556055358
0.302002503,0.456624832
0.333074279,0.388554262
0.213239534,0.346055783
0.738096771,0.361736368
0.26974659,0.366279644
0.229106981,0.340708463
0.104961974,0.319237889
0.730423558,0.314694614
1.824661612,0.340265795
3.13910193,0.421965281
2.10212878,0.466512396
0.247105875,0.482195709
0.149675017,0.450832115
0.292671497,0.40379127
0.157016672,0.325388345
0.083126473,0.231305443
0.073321812,0.176423244
0.169331705,0.164662821
0.070764075,0.171256551
0.351120539,0.209211512
0.168289663,0.307214637
0.207839866,0.456180344
0.102830526,0.550262641
0.493738095,0.556055358
0.516994561,0.456624832
0.479291614,0.388554262
0.139349336,0.346055783
0.22669134,0.361736368
0.302334062,0.366279644
0.188230544,0.340708463
0.143849059,0.319237889
0.896913332,0.314694614
1.825751018,0.340265795
0.188135813,0.421965281
0.453856334,0.466512396
0.398201858,0.482195709
0.399622823,0.450832115
0.183399262,0.40379127
0.058543773,0.325388345
0.063753979,0.256786128
0.046418202,0.188183607
0.296271276,0.172503143
0.21286061,0.155575967
0.139349336,0.17000999
0.045897181,0.209211512
0.295039773,0.29545488
0.188514737,0.424819781
0.31237555,0.556055358
0.440641356,0.61343068
0.275240989,0.568879624
0.519978589,0.510700257
0.574117369,0.479339694
0.747238314,0.507403392
0.212955341,0.458313607
0.204429549,0.452523921
0.496201102,0.471501068
1.653151093,0.575473355
0.523673099,0.680696598
0.473513022,0.693884059
0.253973874,0.607640994
0.420700476,0.490034335
0.380392425,0.380270847
0.146596259,0.317548508
0.190219895,0.583266291
0.069058916,0.546115133
0.065838061,0.537831929
0.082937011,0.534092184
0.057928021,0.544606076
0.129307847,0.549149503
0.307591634,0.592090559
0.400806961,0.651778316
0.707167091,0.797086691
0.281114313,0.902387589
0.09899392,0.977134999
0.101172733,0.947463211
0.259799832,0.861660996
0.330090252,0.726325115
0.202582294,0.616563143
0.519457568,0.523282163
0.471855229,0.521593388
0.525188795,0.572292778
0.674058599,0.649006017
0.435573247,0.713335234
0.591216318,0.716189431
0.57189119,0.721537055
0.370350937,0.665408749
0.253263392,0.623714315
0.166916064,0.719241512
0.055701842,0.674249909
0.100035961,0.678973812
0.115571849,0.698755004
0.171842077,0.740006831
0.305081262,0.83471309
0.19988246,0.970491336
0.196330046,1.008526922
0.407864422,0.97805412
0.090041838,0.822576883
0.094920486,0.708350199
0.103967298,0.636179933
0.046797126,0.625485595
0.254163336,0.620138274
0.357183325,0.614348285
0.198129936,0.599471442
0.363530303,0.631193686
0.512305376,0.699624116
0.517136658,0.817589121
0.292482035,0.891808024
0.267141487,0.927272529
0.641660589,0.915690126
0.359504235,0.875243012
0.115713945,0.803433818
0.123529255,0.231305443
0.154458934,0.176423244
0.064559193,0.164662821
0.157632423,0.171256551
0.331842776,0.209211512
0.580795906,0.307214637
0.546361179,0.456180344
0.44144657,0.550262641
0.076021646,0.556055358
0.796972102,0.456624832
0.026856245,0.388554262
0.204855839,0.346055783
0.063611882,0.361736368
0.167342353,0.366279644
0.206797825,0.340708463
0.171984173,0.319237889
0.492459226,0.314694614
0.809997618,0.340265795
0.276567223,0.421965281
0.422926655,0.466512396
0.425389662,0.482195709
0.214755231,0.450832115
0.27301481,0.40379127
0.358130635,0.325388345
0.177952228,0.392851844
0.122250386,0.347860241
0.167721277,0.342693549
0.053759856,0.35588101
0.25075302,0.393835971
0.555502723,0.491839096
0.303376103,0.637507938
0.144985832,0.701918446
0.239337931,0.697820567
0.106809229,0.575311983
0.172410463,0.497350818
0.188941027,0.438368013
0.14024928,0.444158002
0.106572402,0.448701277
0.062285648,0.433020692
0.126892206,0.404956388
0.343684154,0.413600574
0.327106225,0.455656081
0.375845336,0.550543029
0.46224003,0.601683875
1.597970272,0.627257784
0.801187632,0.60248792
0.13423386,0.562040805
0.286040326,0.483637881
0.071048268,0.231305443
0.050112711,0.176423244
0.059254255,0.164662821
0.217597161,0.171256551
0.245495448,0.209211512
0.505768935,0.307214637
0.24156411,0.456180344
0.043860464,0.550262641
0.252031888,0.556055358
1.082680869,0.456624832
0.383897473,0.388554262
0.150480231,0.346055783
0.094257369,0.361736368
0.359125311,0.366279644
0.211392279,0.340708463
0.423021386,0.319237889
1.079838938,0.314694614
0.471144746,0.340265795
0.58022752,0.421965281
0.079337232,0.466512396
0.322464404,0.482195709
0.114340346,0.450832115
0.338000292,0.40379127
0.344631464,0.325388345
0.277940823,0.231305443
0.171273691,0.176423244
0.146833087,0.164662821
0.060769952,0.171256551
0.35448349,0.209211512
0.549913592,0.307214637
0.6274983,0.456180344
0.339326527,0.550262641
0.44187286,0.556055358
0.410848449,0.456624832
0.20727148,0.388554262
0.50065346,0.346055783
0.697693989,0.361736368
2.30760037,0.366279644
0.26278386,0.340708463
0.118697973,0.319237889
0.356709669,0.314694614
0.227496553,0.340265795
0.105909284,0.421965281
0.382523873,0.466512396
0.373334964,0.482195709
0.259752467,0.450832115
0.176625994,0.40379127
0.342736843,0.325388345
0.428231592,0.744722197
0.172884118,0.686010272
0.080237177,0.686814135
0.073700736,0.683074419
0.131723488,0.700805308
0.139112508,0.736709965
0.416627042,0.809765872
0.384513225,0.883084062
0.454661548,0.97805412
0.344631464,0.979382732
0.0929785,0.888675561
0.312328185,0.800824406
0.152185389,0.74308892
0.893739842,0.761262022
0.234459283,0.731953429
0.061433069,0.732757474
0.181883565,0.78800014
0.470244801,0.934831676
0.279219692,1.076320437
0.733502316,1.119179687
1.874632227,1.052717814
0.355951821,0.954892346
0.663543455,0.851722589
0.36281982,0.795593981
0.032540107,1.037134752
0.110693201,1.001082548
0.102404237,0.979611884
0.120261034,0.979169003
0.068395799,0.999573491
0.370019378,1.000820053
0.313559688,1.05035484
0.244927062,1.099053046
0.639244947,1.227877094
0.64871805,1.305704114
0.164974078,1.346383916
0.371014054,1.293634071
0.408859098,1.193545439
0.250184633,1.054912693
0.112350994,0.962734003
0.173736697,0.889234215
0.658617442,0.907326631
0.657480669,0.985499899
0.340084375,1.091884927
0.250231999,1.180391156
0.791430337,1.179948487
0.347141836,1.191889842
0.330895466,1.129167806
0.126371186,1.07428591
0.102877892,1.021454167
0.072942888,0.977561519
0.094162637,0.975691692
0.098709727,0.998769749
0.233748801,1.046615306
0.457266651,1.1380247
0.495206426,1.273802946
0.151711734,1.310739577
0.130397254,1.267079314
0.956688608,1.094018795
0.277182975,0.96220883
0.116850718,0.870257371
0.292624132,0.848573482
0.181504641,0.843226162
0.173878794,0.845128859
0.10268843,0.850033208
0.097241396,0.891646047
0.260226122,0.977659759
0.252837102,1.115405955
0.263920632,1.203911275
0.425437027,1.242672645
0.775231332,1.231090243
0.386076287,1.184049398
0.227970208,1.105646474
0.086205231,0.867600451
0.083458032,0.825905714
0.076211109,0.827332752
0.663638186,0.847113944
0.534046146,0.894959501
0.200782405,0.98307203
0.308207385,1.122147141
0.17719438,1.160182727
0.135654826,1.118720374
0.292387304,0.956649407
0.564360073,0.839125858
1.199436856,0.753768129
1.018784794,0.733183196
0.417905911,0.727835875
0.711240525,0.728639617
0.660701524,0.72365337
0.425484393,0.758672478
0.167910739,0.84029037
0.042392133,0.964849105
0.119692648,1.040166964
0.374282274,1.085522065
0.404548836,1.073939662
0.25307393,1.026898817
0.343731519,0.955089623
0.124808124,0.392851844
0.095867796,0.347860241
0.110882663,0.342693549
0.310575661,0.35588101
0.488575254,0.393835971
0.490090951,0.491839096
0.304986531,0.637507938
0.287461291,0.701918446
0.145980507,0.697820567
0.197040529,0.575311983
0.090847052,0.497350818
0.200971867,0.438368013
1.84630765,0.444158002
0.224417795,0.448701277
0.104062029,0.433020692
0.230291118,0.404956388
0.318296239,0.413600574
0.526325567,0.455656081
0.441209743,0.550543029
0.606752206,0.601683875
0.95972,0.627257784
0.513157955,0.60248792
0.196377412,0.562040805
0.332553258,0.483637881
0.094683658,0.231305443
0.094115272,0.176423244
0.035050479,0.164662821
0.025577376,0.171256551
0.482038814,0.209211512
0.618688315,0.307214637
0.521352189,0.456180344
0.337526637,0.550262641
0.290303222,0.556055358
0.116708621,0.456624832
0.066738006,0.388554262
1.827787735,0.346055783
0.547308489,0.361736368
0.21750243,0.366279644
0.544750751,0.340708463
0.513394783,0.319237889
0.757421899,0.314694614
0.320427687,0.340265795
0.116424428,0.421965281
0.139586163,0.466512396
0.064369731,0.482195709
0.269509762,0.450832115
0.22024963,0.40379127
0.218923396,0.325388345
0.141196591,0.231305443
0.055607111,0.176423244
0.143706963,0.164662821
0.073416543,0.171256551
0.172742022,0.209211512
0.431831371,0.307214637
0.499421957,0.456180344
0.087578831,0.550262641
0.11429298,0.556055358
0.09667301,0.456624832
0.026098397,0.388554262
0.132433971,0.346055783
0.117466469,0.361736368
1.146055924,0.366279644
1.571303489,0.340708463
0.343068402,0.319237889
0.383565915,0.314694614
0.328290362,0.340265795
0.491227723,0.421965281
0.359456869,0.466512396
0.213002707,0.482195709
0.277467168,0.450832115
0.297218587,0.40379127
0.362156703,0.325388345
0.25127404,0.256786128
0.0888577,0.188183607
0.113819325,0.172503143
0.028229845,0.155575967
0.163837305,0.17000999
0.054612435,0.209211512
0.421647786,0.29545488
0.241232552,0.424819781
0.386313114,0.556055358
0.149911845,0.61343068
0.137881005,0.568879624
0.10553036,0.510700257
0.186146461,0.479339694
0.21612883,0.507403392
0.325590528,0.458313607
0.029319252,0.452523921
0.157821885,0.471501068
1.361474272,0.575473355
0.46825545,0.680696598
0.807866169,0.693884059
0.940300141,0.607640994
0.421553055,0.490034335
0.254731723,0.380270847
0.361114662,0.317548508
0.163742574,0.246986027
0.123292427,0.199944273
0.099846499,0.168583012
0.107661808,0.151655805
0.095867796,0.162169697
0.151238079,0.17000999
0.352494139,0.232732238
0.316638446,0.33857611
0.319006722,0.516853138
0.404027816,0.66831015
0.375466412,0.772729349
0.830648981,0.769432483
0.283008933,0.706708325
0.161563761,0.577966175
1.116310382,0.458313607
0.211439645,0.358438897
0.138023101,0.330375199
0.374377005,0.348105935
0.471713132,0.398444252
0.627072011,0.442992277
0.166063484,0.419471551
0.308775772,0.411631714
0.143280673,0.348909677
0.881803733,0.294027782
0.352873063,0.231305443
0.168147567,0.176423244
0.11798749,0.164662821
0.074411219,0.171256551
0.118034855,0.209211512
0.151143348,0.307214637
0.165116174,0.456180344
0.074979605,0.550262641
0.076732129,0.556055358
0.526657126,0.456624832
0.261315529,0.388554262
0.274246313,0.346055783
0.024724797,0.361736368
0.102025312,0.366279644
0.215418348,0.340708463
0.192824999,0.319237889
0.366893255,0.314694614
0.591642608,0.340265795
0.607273227,0.421965281
0.215797272,0.466512396
0.226738705,0.482195709
0.190788282,0.450832115
1.427549161,0.40379127
0.14437008,0.325388345
0.067022199,0.231305443
0.241848303,0.176423244
0.122108289,0.164662821
0.09117861,0.171256551
0.503637487,0.209211512
0.659043731,0.307214637
0.559955081,0.456180344
0.455087837,0.550262641
0.170279015,0.556055358
0.806397839,0.456624832
0.097809782,0.388554262
0.2419904,0.346055783
0.087626197,0.361736368
0.282108988,0.366279644
0.182215124,0.340708463
0.082273894,0.319237889
0.197608915,0.314694614
0.377787322,0.340265795
0.574638389,0.421965281
0.253689681,0.466512396
0.296887028,0.482195709
0.211155452,0.450832115
0.083126473,0.40379127
0.217312968,0.325388345
0.076400571,0.231305443
0.129923599,0.176423244
0.047507608,0.164662821
0.043244712,0.171256551
0.204571646,0.209211512
0.311901895,0.307214637
0.477681187,0.456180344
0.116377063,0.550262641
0.231427891,0.556055358
0.235264497,0.456624832
0.313607054,0.388554262
0.320380322,0.346055783
1.074912925,0.361736368
0.227117629,0.366279644
0.313607054,0.340708463
1.910251091,0.319237889
2.082993113,0.314694614
0.452482734,0.340265795
0.190456723,0.421965281
0.348373339,0.466512396
0.251889792,0.482195709
0.536224959,0.450832115
0.399196534,0.40379127
0.278272382,0.325388345
0.12907102,0.231305443
0.128360537,0.176423244
0.21887603,0.164662821
0.029366617,0.171256551
0.653644063,0.209211512
0.174684008,0.307214637
0.262310204,0.456180344
0.207697769,0.550262641
0.084736901,0.556055358
0.145554218,0.456624832
0.126702744,0.388554262
0.200356115,0.346055783
0.336721423,0.361736368
0.348515436,0.366279644
0.368882606,0.340708463
0.086252597,0.319237889
0.142759653,0.314694614
0.314506998,0.340265795
0.210302872,0.421965281
0.211629107,0.466512396
0.162132147,0.482195709
0.21982334,0.450832115
0.146454163,0.40379127
0.149580286,0.325388345
0.059064793,0.231305443
0.04622874,0.176423244
0.122771407,0.164662821
0.153511624,0.171256551
0.09212592,0.209211512
0.362204069,0.307214637
0.395738851,0.456180344
0.071806116,0.550262641
0.099136016,0.556055358
0.207603038,0.456624832
0.591926801,0.388554262
0.287461291,0.346055783
0.470671091,0.361736368
3.946162886,0.366279644
1.940801847,0.340708463
0.26330488,0.319237889
0.398770244,0.314694614
0.48914364,0.340265795
0.410374794,0.421965281
0.313607054,0.466512396
0.380013501,0.482195709
0.257431557,0.450832115
0.24293771,0.40379127
0.294187194,0.325388345
0.132291874,0.256786128
0.197040529,0.188183607
0.095630968,0.172503143
0.087057811,0.155575967
0.032966396,0.17000999
0.155643072,0.209211512
0.409711677,0.29545488
0.198461494,0.424819781
0.127839516,0.556055358
0.063043496,0.61343068
0.125565972,0.568879624
0.152043293,0.510700257
0.107282884,0.479339694
1.526637811,0.507403392
0.272872714,0.458313607
1.98688849,0.452523921
0.437278405,0.471501068
0.455324665,0.575473355
0.48587542,0.680696598
0.164121498,0.693884059
0.173736697,0.607640994
1.145013883,0.490034335
0.272209596,0.380270847
0.21750243,0.317548508
0.141338687,0.246986027
0.116234966,0.199944273
0.2406168,0.168583012
0.096815106,0.151655805
0.113961421,0.162169697
0.107946001,0.17000999
0.349557477,0.232732238
0.484122896,0.33857611
0.213950017,0.516853138
0.514389458,0.66831015
0.110787932,0.772729349
0.054849263,0.769432483
0.1462647,0.706708325
0.236448635,0.577966175
0.22953327,0.458313607
0.581269561,0.358438897
0.474318235,0.330375199
0.503779584,0.348105935
0.425342296,0.398444252
0.134991709,0.442992277
0.302428793,0.419471551
0.162795264,0.411631714
0.24156411,0.348909677
0.330942831,0.294027782
0.339326527,0.231305443
0.055228187,0.176423244
0.035950423,0.164662821
0.118840069,0.171256551
0.303612931,0.209211512
0.406869746,0.307214637
0.156685113,0.456180344
0.128549999,0.550262641
0.432968143,0.556055358
0.529830615,0.456624832
0.753395831,0.388554262
0.199171977,0.346055783
0.118034855,0.361736368
0.176389166,0.366279644
0.092457479,0.340708463
0.044523581,0.319237889
0.221244306,0.314694614
0.169331705,0.340265795
0.145980507,0.421965281
0.097572954,0.466512396
0.16800547,0.482195709
0.192730268,0.450832115
0.15408001,0.40379127
0.220439092,0.325388345
0.128549999,0.231305443
0.154032644,0.176423244
0.113724594,0.164662821
0.113535132,0.171256551
0.310859854,0.209211512
0.297786973,0.307214637
0.20495057,0.456180344
0.035855692,0.550262641
0.246916413,0.556055358
0.725829103,0.456624832
0.028798231,0.388554262
0.100651713,0.346055783
0.083884321,0.361736368
0.080189811,0.366279644
0.031308603,0.340708463
0.126560648,0.319237889
0.216365658,0.314694614
0.804266391,0.340265795
0.322653866,0.421965281
0.205329494,0.466512396
2.121785467,0.482195709
0.296176545,0.450832115
0.267094121,0.40379127
0.411937856,0.325388345
0.270030783,0.231305443
0.098614996,0.176423244
0.11154578,0.164662821
0.082368625,0.171256551
0.484359724,0.209211512
0.260368218,0.307214637
0.059254255,0.456180344
0.25961037,0.550262641
0.354720318,0.556055358
0.488717351,0.456624832
0.074884874,0.388554262
0.043102616,0.346055783
0.107756539,0.361736368
0.676284778,0.366279644
1.116594575,0.340708463
2.974696238,0.319237889
0.375750605,0.314694614
0.253358123,0.340265795
0.173263042,0.421965281
0.291297898,0.466512396
0.286229788,0.482195709
0.340368568,0.450832115
0.111403684,0.40379127
0.284571995,0.325388345
0.224323064,0.231305443
0.06479602,0.176423244
0.151617003,0.164662821
0.087010445,0.171256551
0.298829014,0.209211512
0.446656776,0.307214637
0.327532514,0.456180344
0.077300515,0.550262641
0.451914348,0.556055358
1.139377387,0.456624832
1.084291296,0.388554262
0.065601234,0.346055783
0.077632074,0.361736368
0.179894214,0.366279644
0.266478369,0.340708463
0.093073231,0.319237889
0.270504438,0.314694614
0.658664807,0.340265795
0.115903407,0.421965281
0.507758287,0.466512396
0.227733381,0.482195709
0.700488554,0.450832115
0.310102006,0.40379127
0.133665474,0.325388345
0.269272935,0.231305443
0.136270577,0.176423244
0.152469583,0.164662821
0.139349336,0.171256551
0.214471037,0.209211512
0.246158565,0.307214637
0.080805563,0.456180344
0.193630212,0.550262641
0.111829973,0.556055358
1.036641592,0.456624832
0.23872218,0.388554262
0.322180211,0.346055783
0.592826746,0.361736368
0.54233511,0.366279644
0.107235519,0.340708463
0.261504991,0.319237889
0.552092406,0.314694614
0.251889792,0.340265795
0.101456926,0.421965281
0.181457276,0.466512396
0.133333916,0.482195709
0.51363161,0.450832115
3.191772379,0.40379127
1.682233518,0.325388345
0.264346921,0.256786128
0.077584708,0.188183607
0.132576068,0.172503143
0.241232552,0.155575967
0.117798028,0.17000999
0.159527044,0.209211512
0.365519655,0.29545488
0.229722732,0.424819781
0.384323763,0.556055358
0.17444718,0.61343068
0.250989847,0.568879624
0.277703996,0.510700257
1.417839231,0.479339694
0.750885459,0.507403392
0.615372729,0.458313607
0.215465713,0.452523921
0.205661052,0.471501068
1.072260456,0.575473355
0.660227869,0.680696598
0.475549739,0.693884059
0.414827152,0.607640994
0.275004162,0.490034335
0.135560095,0.380270847
0.128265806,0.317548508
0.267662507,0.246986027
0.097288761,0.199944273
0.106051381,0.168583012
0.094731024,0.151655805
0.096625644,0.162169697
0.150574962,0.17000999
0.199266708,0.232732238
0.125187048,0.33857611
0.180699428,0.516853138
0.306928517,0.66831015
0.096578279,0.772729349
0.119266359,0.769432483
0.088668238,0.706708325
0.10965116,0.577966175
0.177099649,0.458313607
0.048833843,0.358438897
0.133523378,0.330375199
0.378308343,0.348105935
0.220912747,0.398444252
0.163695209,0.442992277
0.088194583,0.419471551
0.04622874,0.411631714
0.121682,0.348909677
0.099183382,0.294027782
0.094683658,0.231305443
0.13423386,0.176423244
0.025103721,0.164662821
0.172363097,0.171256551
0.399243899,0.209211512
0.231664718,0.307214637
0.105909284,0.456180344
0.024866894,0.550262641
0.154932589,0.556055358
0.126986937,0.456624832
0.068016875,0.388554262
0.076495302,0.346055783
0.025198452,0.361736368
0.053617759,0.366279644
0.183257165,0.340708463
0.057075442,0.319237889
0.164358326,0.314694614
0.466218733,0.340265795
0.323790639,0.421965281
0.087626197,0.466512396
0.119692648,0.482195709
0.170989498,0.450832115
0.121066248,0.40379127
0.058543773,0.325388345
0.050254808,0.231305443
0.162179512,0.176423244
0.075690088,0.164662821
0.180415234,0.171256551
0.207176749,0.209211512
0.224275698,0.307214637
0.109366967,0.456180344
0.04305525,0.550262641
0.15872183,0.556055358
0.109461698,0.456624832
0.028750866,0.388554262
0.104014664,0.346055783
0.144180618,0.361736368
0.084689535,0.366279644
0.099041285,0.340708463
0.091083879,0.319237889
0.149769748,0.314694614
0.820702223,0.340265795
0.20082977,0.421965281
0.106098746,0.466512396
0.141717611,0.482195709
0.066122254,0.450832115
0.141338687,0.40379127
0.138686219,0.325388345
0.121492538,0.231305443
0.156732479,0.176423244
0.134849612,0.164662821
0.114624539,0.171256551
0.214186844,0.209211512
0.463376802,0.307214637
0.22763865,0.456180344
0.072279771,0.550262641
0.046323471,0.556055358
0.141291322,0.456624832
0.084073783,0.388554262
0.073606005,0.346055783
0.175536587,0.361736368
0.027045707,0.366279644
0.07450595,0.340708463
0.10827756,0.319237889
0.129260482,0.314694614
0.652886215,0.340265795
0.106477671,0.421965281
0.143612232,0.466512396
0.111451049,0.482195709
0.065127579,0.450832115
0.059491083,0.40379127
0.111119491,0.325388345
0.097051934,0.231305443
0.146548894,0.176423244
0.060296297,0.164662821
0.040023857,0.171256551
0.522773154,0.209211512
0.690068142,0.307214637
0.084405342,0.456180344
0.078437288,0.550262641
0.059064793,0.556055358
0.162463706,0.456624832
0.084405342,0.388554262
0.091036514,0.346055783
0.095204679,0.361736368
0.061196241,0.366279644
0.167863374,0.340708463
0.116850718,0.319237889
0.127460592,0.314694614
0.699588609,0.340265795
0.256389515,0.421965281
0.044476216,0.466512396
0.182546683,0.482195709
0.389012949,0.450832115
0.392517996,0.40379127
0.354436125,0.325388345
0.125139682,0.231305443
0.029366617,0.176423244
0.150006576,0.164662821
0.099183382,0.171256551
0.222807368,0.209211512
0.268515086,0.307214637
0.109745891,0.456180344
0.109082774,0.550262641
0.169094877,0.556055358
0.308017923,0.456624832
0.13466015,0.388554262
0.246395392,0.346055783
0.260794508,0.361736368
0.260605046,0.366279644
0.415679732,0.340708463
0.466076636,0.319237889
0.529735884,0.314694614
0.556592129,0.340265795
0.203055949,0.421965281
0.339942278,0.466512396
0.335063631,0.482195709
0.31839097,0.450832115
0.441493936,0.40379127
0.417195428,0.325388345
0.469865877,0.256786128
0.189651509,0.188183607
0.074884874,0.172503143
0.203719066,0.155575967
0.070764075,0.17000999
0.189509413,0.209211512
0.262026011,0.29545488
0.100935906,0.424819781
0.148348783,0.556055358
1.025794889,0.61343068
0.259326177,0.568879624
0.412411511,0.510700257
0.835006608,0.479339694
0.130918275,0.507403392
0.189698875,0.458313607
0.336342499,0.452523921
0.379729308,0.471501068
0.583732568,0.575473355
0.417858545,0.680696598
0.404027816,0.693884059
0.335537286,0.607640994
0.426952723,0.490034335
0.514484189,0.380270847
0.449498707,0.317548508
0.24895313,0.246986027
0.05920689,0.199944273
0.097999244,0.168583012
0.244784965,0.151655805
0.043102616,0.162169697
0.118224317,0.17000999
0.143517501,0.232732238
0.196424777,0.33857611
0.31005464,0.516853138
0.342689478,0.66831015
0.614188592,0.772729349
0.107093422,0.769432483
0.566775714,0.706708325
1.135635511,0.577966175
0.428089496,0.458313607
0.199408805,0.358438897
0.506953073,0.330375199
0.237064387,0.348105935
0.276946148,0.398444252
0.083126473,0.442992277
0.104014664,0.419471551
0.241185186,0.411631714
0.44926188,0.348909677
0.715977077,0.294027782
0.118697973,0.231305443
0.190125164,0.176423244
0.031213872,0.164662821
0.062806669,0.171256551
0.183872917,0.209211512
0.301386752,0.307214637
0.11197207,0.456180344
0.072942888,0.550262641
0.205045301,0.556055358
0.859684039,0.456624832
0.126986937,0.388554262
0.110645836,0.346055783
0.132244509,0.361736368
0.485117572,0.366279644
1.314203491,0.340708463
0.142617556,0.319237889
2.962191743,0.314694614
1.158749881,0.340265795
0.675574295,0.421965281
1.026600103,0.466512396
2.662036495,0.482195709
0.517041927,0.450832115
0.317917315,0.40379127
0.453003755,0.325388345
0.223375754,0.231305443
0.393986327,0.176423244
0.069579937,0.164662821
0.065364406,0.171256551
0.267330949,0.209211512
0.388207735,0.307214637
0.186335923,0.456180344
0.12769742,0.550262641
0.436141633,0.556055358
0.801471825,0.456624832
0.245874372,0.388554262
0.137265253,0.346055783
0.403412064,0.361736368
0.468823836,0.366279644
0.166442409,0.340708463
0.326395742,0.319237889
0.086773618,0.314694614
0.466029271,0.340265795
0.26742568,0.421965281
0.135465364,0.466512396
0.107709174,0.482195709
0.200640308,0.450832115
0.348941726,0.40379127
0.223612581,0.325388345
0.090704955,0.231305443
0.225128278,0.176423244
0.129970964,0.164662821
0.065695965,0.171256551
0.31469646,0.209211512
0.432636585,0.307214637
0.103493643,0.456180344
0.126276454,0.550262641
0.151048617,0.556055358
0.244216579,0.456624832
0.134186495,0.388554262
0.403554161,0.346055783
0.334211051,0.361736368
0.776131277,0.366279644
0.177289111,0.340708463
0.274672603,0.319237889
0.377739957,0.314694614
0.746669928,0.340265795
0.144133252,0.421965281
0.314885923,0.466512396
0.301149924,0.482195709
0.072374502,0.450832115
0.160332257,0.40379127
0.333926858,0.325388345
0.10733025,0.231305443
0.135891653,0.176423244
0.099136016,0.164662821
0.115808676,0.171256551
0.501742867,0.209211512
0.357704345,0.307214637
0.194056502,0.456180344
0.760974313,0.550262641
0.147733031,0.556055358
0.11936109,0.456624832
0.057264904,0.388554262
0.074458585,0.346055783
0.405306685,0.361736368
0.131202468,0.366279644
0.290066394,0.340708463
0.466266098,0.319237889
1.522090722,0.314694614
2.55148539,0.340265795
3.376639972,0.421965281
1.250686339,0.466512396
0.313038668,0.482195709
0.216886679,0.450832115
0.232990953,0.40379127
0.171605249,0.325388345
0.037229292,0.231305443
0.13328655,0.176423244
0.122439848,0.164662821
0.174162987,0.171256551
0.129686771,0.209211512
0.32895348,0.307214637
0.150669693,0.456180344
0.102167409,0.550262641
0.081089756,0.556055358
0.148254052,0.456624832
0.306123303,0.388554262
0.090326031,0.346055783
0.111829973,0.361736368
1.693648606,0.366279644
0.327674611,0.340708463
0.157490327,0.319237889
0.637492423,0.314694614
0.275051527,0.340265795
0.09349952,0.421965281
0.103351547,0.466512396
0.144749004,0.482195709
0.104298857,0.450832115
0.103114719,0.40379127
0.189509413,0.325388345
0.183399262,0.256786128
0.082747549,0.188183607
0.122866138,0.172503143
0.141670246,0.155575967
0.060438393,0.17000999
0.146880452,0.209211512
0.480570483,0.29545488
0.255347474,0.424819781
0.089947107,0.556055358
2.743931465,0.61343068
0.503590122,0.568879624
0.383423818,0.510700257
0.560476101,0.479339694
0.183636089,0.507403392
0.132149778,0.458313607
0.413074629,0.452523921
0.351452098,0.471501068
0.536177594,0.575473355
0.575633065,0.680696598
0.376982109,0.693884059
0.324974777,0.607640994
0.36461971,0.490034335
0.365093365,0.380270847
0.224180967,0.317548508
0.077821536,0.246986027
0.055749207,0.199944273
0.029556079,0.168583012
0.131439295,0.151655805
0.114861366,0.162169697
0.028229845,0.17000999
0.348562801,0.232732238
0.607273227,0.33857611
0.571180707,0.516853138
0.538687966,0.66831015
0.2119133,0.772729349
0.927274625,0.769432483
0.162795264,0.706708325
1.846212919,0.577966175
0.23365407,0.458313607
0.152564314,0.358438897
0.286892905,0.330375199
0.551334558,0.348105935
0.086394694,0.398444252
0.238959007,0.442992277
0.08653679,0.419471551
0.145459487,0.411631714
0.311759799,0.348909677
0.204713742,0.294027782
0.073274447,0.231305443
0.095725699,0.176423244
0.139680894,0.164662821
0.119929476,0.171256551
0.06574333,0.209211512
0.331937507,0.307214637
0.280498561,0.456180344
0.322606501,0.550262641
0.196851067,0.556055358
0.132197143,0.456624832
0.211771203,0.388554262
0.182641414,0.346055783
0.19713526,0.361736368
0.175015566,0.366279644
0.219775975,0.340708463
0.149769748,0.319237889
0.220770651,0.314694614
0.448267204,0.340265795
0.473228829,0.421965281
0.0943521,0.466512396
0.159905968,0.482195709
0.150148672,0.450832115
0.162179512,0.40379127
0.210255507,0.325388345
0.04537616,0.231305443
0.061006779,0.176423244
0.116755987,0.164662821
0.036471444,0.171256551
0.149817114,0.209211512
0.322795963,0.307214637
0.623993253,0.456180344
0.188514737,0.550262641
0.123860813,0.556055358
0.277893458,0.456624832
0.252931833,0.388554262
0.068395799,0.346055783
0.120213669,0.361736368
0.642465802,0.366279644
1.223593267,0.340708463
0.980655557,0.319237889
0.826101892,0.314694614
0.455750955,0.340265795
0.499043032,0.421965281
0.219349685,0.466512396
0.074363854,0.482195709
0.171368422,0.450832115
0.337147713,0.40379127
1.985041235,0.325388345
0.230291118,0.231305443
0.085636845,0.176423244
0.059396352,0.164662821
0.237490676,0.171256551
0.340747492,0.209211512
0.356709669,0.307214637
0.175347125,0.456180344
0.040971168,0.550262641
0.196945798,0.556055358
0.096720375,0.456624832
0.076921591,0.388554262
0.167863374,0.346055783
1.018311138,0.361736368
0.928458763,0.366279644
0.229059615,0.340708463
0.108845946,0.319237889
0.235596056,0.314694614
0.955978125,0.340265795
0.298686917,0.421965281
0.355904456,0.466512396
0.10870385,0.482195709
0.193630212,0.450832115
0.232138373,0.40379127
0.43353653,0.325388345
0.133239185,0.231305443
0.023730121,0.176423244
0.102072678,0.164662821
0.021882866,0.171256551
0.420226821,0.209211512
0.45347741,0.307214637
0.447746183,0.456180344
0.521257458,0.550262641
0.408006519,0.556055358
0.861057639,0.456624832
0.13276553,0.388554262
0.047981263,0.346055783
0.078958308,0.361736368
0.10226214,0.366279644
0.117371738,0.340708463
0.043339443,0.319237889
0.062333014,0.314694614
0.775183966,0.340265795
0.271735941,0.421965281
0.442109687,0.466512396
0.788635772,0.482195709
0.257384191,0.450832115
0.357183325,0.40379127
0.459161272,0.325388345
0.087010445,0.392851844
0.169426436,0.347860241
0.091794362,0.342693549
0.173310408,0.35588101
0.13328655,0.393835971
0.216176196,0.491839096
0.330327079,0.637507938
0.074742778,0.701918446
0.427757937,0.697820567
0.091036514,0.575311983
0.04073434,0.497350818
0.162747899,0.438368013
0.382381777,0.444158002
0.107614443,0.448701277
0.124997586,0.433020692
0.23597498,0.404956388
0.985250011,0.413600574
0.086205231,0.455656081
0.078579384,0.550543029
0.373287599,0.601683875
0.230859505,0.627257784
0.350457422,0.60248792
0.471855229,0.562040805
0.322227577,0.483637881
0.202013908,0.256786128
0.093783713,0.188183607
0.155500975,0.172503143
0.025387914,0.155575967
0.090326031,0.17000999
0.09349952,0.209211512
0.421931979,0.29545488
2.792765308,0.424819781
0.97544535,0.556055358
0.630813886,0.61343068
0.271783307,0.568879624
0.37252975,0.510700257
0.293666173,0.479339694
0.098851823,0.507403392
0.159195485,0.458313607
0.247153241,0.452523921
0.606373282,0.471501068
0.866409942,0.575473355
0.321753922,0.680696598
0.214755231,0.693884059
0.315359578,0.607640994
0.262736494,0.490034335
0.314838557,0.380270847
0.115571849,0.317548508
0.459350734,0.246986027
0.268988742,0.199944273
0.086915714,0.168583012
0.167294988,0.151655805
0.080900294,0.162169697
0.219160223,0.17000999
0.478723228,0.232732238
0.500748191,0.33857611
0.381197639,0.516853138
0.247768992,0.66831015
0.094825755,0.772729349
0.100746444,0.769432483
0.024724797,0.706708325
0.263920632,0.577966175
0.243790289,0.458313607
0.090183934,0.358438897
0.207650404,0.330375199
0.255773764,0.348105935
0.398059761,0.398444252
0.416342849,0.442992277
0.123860813,0.419471551
0.581269561,0.411631714
0.702904195,0.348909677
0.200592943,0.294027782
0.218591837,0.231305443
0.029792907,0.176423244
0.146169969,0.164662821
0.131486661,0.171256551
0.165968753,0.209211512
0.482465103,0.307214637
0.443909577,0.456180344
0.220344361,0.550262641
0.079384598,0.556055358
0.839932621,0.456624832
0.314933288,0.388554262
0.165968753,0.346055783
0.096625644,0.361736368
0.651275787,0.366279644
0.27396212,0.340708463
0.503969046,0.319237889
0.750364438,0.314694614
0.420274186,0.340265795
0.339468623,0.421965281
0.139254605,0.466512396
0.078768846,0.482195709
0.398059761,0.450832115
0.605946993,0.40379127
0.320569784,0.325388345
0.097004568,0.231305443
0.06342242,0.176423244
0.074316488,0.164662821
0.245969103,0.171256551
0.148111955,0.209211512
0.377882053,0.307214637
0.438415177,0.456180344
0.253452854,0.550262641
0.382760701,0.556055358
0.176531263,0.456624832
0.519836492,0.388554262
0.170515843,0.346055783
1.15633424,0.361736368
0.464466209,0.366279644
0.242464055,0.340708463
0.200592943,0.319237889
0.079952984,0.314694614
0.249663613,0.340265795
0.294660849,0.421965281
0.260605046,0.466512396
0.405401416,0.482195709
0.382902797,0.450832115
0.370919323,0.40379127
0.234127725,0.325388345
0.067780047,0.231305443
0.223186292,0.176423244
0.074884874,0.164662821
0.146359432,0.171256551
0.249237323,0.209211512
0.253642316,0.307214637
0.49653266,0.456180344
0.341647437,0.550262641
0.669179951,0.556055358
0.112161532,0.456624832
0.068253703,0.388554262
0.056980711,0.346055783
0.41274307,0.361736368
0.392707458,0.366279644
0.250895116,0.340708463
1.016274421,0.319237889
0.988423501,0.314694614
0.361493586,0.340265795
0.653123042,0.421965281
0.403412064,0.466512396
2.169387807,0.482195709
0.290445318,0.450832115
0.844953365,0.40379127
0.454661548,0.325388345
0.125471241,0.231305443
0.097762416,0.176423244
0.102167409,0.164662821
0.051060022,0.171256551
0.389060314,0.209211512
0.751974866,0.307214637
0.290540049,0.456180344
0.186856944,0.550262641
0.1476383,0.556055358
0.18510442,0.456624832
0.147069914,0.388554262
0.408859098,0.346055783
1.173717383,0.361736368
2.986348154,0.366279644
2.432740052,0.340708463
0.303139276,0.319237889
0.128549999,0.314694614
0.569238721,0.340265795
0.314080709,0.421965281
0.305697013,0.466512396
0.234696111,0.482195709
0.194293329,0.450832115
1.336417916,0.40379127
0.265246866,0.325388345
0.153558989,0.231305443
0.048265457,0.176423244
0.174684008,0.164662821
0.122060924,0.171256551
0.106998691,0.209211512
0.540156297,0.307214637
0.437183674,0.456180344
0.161942685,0.550262641
0.551902944,0.556055358
0.249474151,0.456624832
1.37056845,0.388554262
0.656012339,0.346055783
0.325590528,0.361736368
0.24568491,0.366279644
0.232517297,0.340708463
0.215655175,0.319237889
1.227761432,0.314694614
0.482701931,0.340265795
0.253310757,0.421965281
0.559339329,0.466512396
0.375608509,0.482195709
1.102148094,0.450832115
1.702932246,0.40379127
1.592096949,0.325388345
0.124855489,0.256786128
0.165731926,0.188183607
0.105861919,0.172503143
0.121018883,0.155575967
0.155879899,0.17000999
0.055465014,0.209211512
0.584206223,0.29545488
0.096909837,0.424819781
0.224228333,0.556055358
0.183778186,0.61343068
0.074174391,0.568879624
0.063801344,0.510700257
0.073653371,0.479339694
0.068679992,0.507403392
0.085447383,0.458313607
0.046181374,0.452523921
0.170705305,0.471501068
0.489048909,0.575473355
0.189319951,0.680696598
0.110835298,0.693884059
0.066359082,0.607640994
0.123671351,0.490034335
0.141907073,0.380270847
0.030550755,0.317548508
0.240143145,0.246986027
0.153085334,0.199944273
0.026003666,0.168583012
0.195572198,0.151655805
0.091036514,0.162169697
0.078295191,0.17000999
0.472186787,0.232732238
0.337384541,0.33857611
0.892413608,0.516853138
1.171870128,0.66831015
0.145222659,0.772729349
0.148680342,0.769432483
0.232801491,0.706708325
0.185578075,0.577966175
0.337479272,0.458313607
0.094304734,0.358438897
0.075026971,0.330375199
0.372387654,0.348105935
0.436994212,0.398444252
0.407343402,0.442992277
0.310386199,0.419471551
0.239101104,0.411631714
0.194482792,0.348909677
0.210302872,0.294027782
0.110361643,0.231305443
0.05224416,0.176423244
0.189556778,0.164662821
0.028608769,0.171256551
0.428231592,0.209211512
0.432494488,0.307214637
0.371440344,0.456180344
0.17582078,0.550262641
0.274767334,0.556055358
0.705888223,0.456624832
0.338710775,0.388554262
0.387449887,0.346055783
0.923864308,0.361736368
0.778594283,0.366279644
0.172742022,0.340708463
0.182830876,0.319237889
0.206892556,0.314694614
0.573691079,0.340265795
0.518131334,0.421965281
0.573691079,0.466512396
0.472992001,0.482195709
1.032473427,0.450832115
0.399196534,0.40379127
0.198840419,0.325388345
0.189935702,0.231305443
0.143328039,0.176423244
0.028940328,0.164662821
0.102356871,0.171256551
0.242700883,0.209211512
0.333358472,0.307214637
0.26699939,0.456180344
0.079242501,0.550262641
0.235880249,0.556055358
0.598842166,0.456624832
0.026335225,0.388554262
0.126608013,0.346055783
0.150764424,0.361736368
0.442630708,0.366279644
0.320332956,0.340708463
0.121303076,0.319237889
0.33823712,0.314694614
0.417195428,0.340265795
0.197656281,0.421965281
0.317964681,0.466512396
0.041207995,0.482195709
0.404217278,0.450832115
0.371250882,0.40379127
0.166868698,0.325388345
0.186525386,0.231305443
0.083126473,0.176423244
0.262594397,0.164662821
0.059064793,0.171256551
0.50340066,0.209211512
0.717634869,0.307214637
0.558960405,0.456180344
0.386028921,0.550262641
0.195809026,0.556055358
0.059775276,0.456624832
1.096464233,0.388554262
0.8162025,0.346055783
0.666432751,0.361736368
0.181504641,0.366279644
0.244216579,0.340708463
0.355288704,0.319237889
0.411701029,0.314694614
0.586195574,0.340265795
0.32440639,0.421965281
0.51320532,0.466512396
1.955295693,0.482195709
0.197324722,0.450832115
0.562512818,0.40379127
1.015706035,0.325388345
0.115903407,0.231305443
0.037845044,0.176423244
0.120971517,0.164662821
0.036660906,0.171256551
0.11429298,0.209211512
0.313464957,0.307214637
0.546361179,0.456180344
0.365424924,0.550262641
0.085921038,0.556055358
0.241090455,0.456624832
0.22024963,0.388554262
1.965479278,0.346055783
1.858859511,0.361736368
0.840453642,0.366279644
0.531393677,0.340708463
0.310765123,0.319237889
0.505674204,0.314694614
0.812129066,0.340265795
0.776604932,0.421965281
0.559623522,0.466512396
0.199645632,0.482195709
0.662975069,0.450832115
1.030673537,0.40379127
0.21423421,0.325388345
0.16653714,0.231305443
0.112966746,0.176423244
0.063327689,0.164662821
0.142759653,0.171256551
0.235169766,0.209211512
0.427852668,0.307214637
0.328906114,0.456180344
0.184441303,0.550262641
0.154553665,0.556055358
0.269699224,0.456624832
0.11566658,0.388554262
0.225791395,0.346055783
0.065553868,0.361736368
0.573975272,0.366279644
0.33179541,0.340708463
0.301149924,0.319237889
0.306454861,0.314694614
0.282866837,0.340265795
0.288408601,0.421965281
0.165874022,0.466512396
0.072942888,0.482195709
0.037892409,0.450832115
0.062806669,0.40379127
0.427710572,0.325388345
0.238816911,0.256786128
0.090326031,0.188183607
0.202013908,0.172503143
0.080142446,0.155575967
0.040165954,0.17000999
0.114624539,0.209211512
0.286561346,0.29545488
0.393986327,0.424819781
0.39744401,0.556055358
0.373666523,0.61343068
0.12400291,0.568879624
0.100841175,0.510700257
0.426194875,0.479339694
0.613714937,0.507403392
0.131107737,0.458313607
0.102214774,0.452523921
0.500369267,0.471501068
0.528078091,0.575473355
0.40904856,0.680696598
0.183304531,0.693884059
0.047744436,0.607640994
0.207745135,0.490034335
0.172173635,0.380270847
0.671690323,0.317548508
0.377882053,0.246986027
0.180841524,0.199944273
0.086820983,0.168583012
0.131155102,0.151655805
0.092789038,0.162169697
0.151522272,0.17000999
0.391097031,0.232732238
0.565828404,0.33857611
0.333784762,0.516853138
0.289734836,0.66831015
0.409948505,0.772729349
0.880619596,0.769432483
0.735870592,0.706708325
0.325495797,0.577966175
0.244453406,0.458313607
0.677184722,0.358438897
0.474602428,0.330375199
0.497574702,0.348105935
0.280498561,0.398444252
0.560334005,0.442992277
1.910440553,0.419471551
0.505958397,0.411631714
0.256863171,0.348909677
0.210302872,0.294027782
0.108324926,0.231305443
0.184393937,0.176423244
0.030834948,0.164662821
0.103446278,0.171256551
0.162368974,0.209211512
0.45949283,0.307214637
0.357941173,0.456180344
0.069295744,0.550262641
0.136744233,0.556055358
0.274862065,0.456624832
0.210871259,0.388554262
1.002822616,0.346055783
0.278888134,0.361736368
0.405685609,0.366279644
0.084926363,0.340708463
0.082226529,0.319237889
0.247721627,0.314694614
0.37759786,0.340265795
0.482275641,0.421965281
0.361588317,0.466512396
0.277798727,0.482195709
0.202013908,0.450832115
0.294187194,0.40379127
0.400333306,0.325388345
0.239385297,0.231305443
0.056317594,0.176423244
0.119976841,0.164662821
0.178283786,0.171256551
0.203387508,0.209211512
0.293239884,0.307214637
0.330563907,0.456180344
0.236590732,0.550262641
0.157632423,0.556055358
0.196045853,0.456624832
0.283861512,0.388554262
0.506147859,0.346055783
0.523483637,0.361736368
0.18278351,0.366279644
0.256057957,0.340708463
0.110456374,0.319237889
0.184820227,0.314694614
0.403601526,0.340265795
0.434247012,0.421965281
0.523673099,0.466512396
0.583779933,0.482195709
0.54508231,0.450832115
0.331179659,0.40379127
0.206087342,0.325388345
0.113914056,0.392851844
0.118603242,0.347860241
0.055180821,0.342693549
0.070574613,0.35588101
0.310765123,0.393835971
0.590932125,0.491839096
0.341173782,0.637507938
0.268325624,0.701918446
0.085068459,0.697820567
0.486917461,0.575311983
0.528599112,0.497350818
0.880382768,0.438368013
0.528551746,0.444158002
0.510552852,0.448701277
0.103493643,0.433020692
0.043197347,0.404956388
0.3021446,0.413600574
0.523673099,0.455656081
0.234222456,0.550543029
0.236590732,0.601683875
0.180841524,0.627257784
0.259420908,0.60248792
0.553939661,0.562040805
0.392754824,0.483637881
0.093878444,0.231305443
0.078910943,0.176423244
0.060533124,0.164662821
0.133902302,0.171256551
0.347141836,0.209211512
0.557586805,0.307214637
0.258852522,0.456180344
0.311333509,0.550262641
0.095062582,0.556055358
0.933953162,0.456624832
0.126513282,0.388554262
0.071853481,0.346055783
0.136933695,0.361736368
0.11566658,0.366279644
0.262594397,0.340708463
0.140722936,0.319237889
0.480523117,0.314694614
0.522157402,0.340265795
0.281445871,0.421965281
0.835669725,0.466512396
0.26742568,0.482195709
0.173641966,0.450832115
0.160426989,0.40379127
0.358462193,0.325388345
0.095109948,0.231305443
0.067637951,0.176423244
0.127886882,0.164662821
0.03798714,0.171256551
0.269415031,0.209211512
0.378308343,0.307214637
0.05224416,0.456180344
0.26974659,0.550262641
0.593158304,0.556055358
0.104630416,0.456624832
0.10268843,0.388554262
0.116282332,0.346055783
0.137881005,0.361736368
0.143280673,0.366279644
0.243979751,0.340708463
0.165637195,0.319237889
0.301576214,0.314694614
0.527604436,0.340265795
0.260368218,0.421965281
0.265294232,0.466512396
0.359883159,0.482195709
0.200024556,0.450832115
0.151522272,0.40379127
0.138970412,0.325388345
0.071616654,0.256786128
0.05319147,0.188183607
0.123292427,0.172503143
0.225175643,0.155575967
0.025198452,0.17000999
0.144843735,0.209211512
0.307781096,0.29545488
0.36281982,0.424819781
0.386928866,0.556055358
0.151617003,0.61343068
1.309656402,0.568879624
0.735728495,0.510700257
0.41463769,0.479339694
0.669132585,0.507403392
1.03792046,0.458313607
0.68807879,0.452523921
0.22067592,0.471501068
0.569949204,0.575473355
0.35258887,0.680696598
0.71308778,0.693884059
0.4197058,0.607640994
0.17169998,0.490034335
0.192351343,0.380270847
0.213997382,0.317548508
0.148727707,0.246986027
0.069674668,0.199944273
0.080805563,0.168583012
0.089615548,0.151655805
0.080237177,0.162169697
0.065174944,0.17000999
0.388160369,0.232732238
0.385697363,0.33857611
0.177336476,0.516853138
0.243032441,0.66831015
0.216602486,0.772729349
0.149106631,0.769432483
1.279958226,0.706708325
0.250374095,0.577966175
0.117182276,0.458313607
0.317254198,0.358438897
0.359693697,0.330375199
0.197703646,0.348105935
0.492601323,0.398444252
0.218260278,0.442992277
0.178757442,0.419471551
0.283482588,0.411631714
0.284950919,0.348909677
1.300183299,0.294027782
0.072421868,0.231305443
0.059917372,0.176423244
0.180652062,0.164662821
0.220486457,0.171256551
0.177241745,0.209211512
0.614756978,0.307214637
0.51036339,0.456180344
0.142428094,0.550262641
0.088715604,0.556055358
0.207082018,0.456624832
0.33875814,0.388554262
0.46962905,0.346055783
0.663448724,0.361736368
0.337005617,0.366279644
0.400664864,0.340708463
0.305933841,0.319237889
0.24104309,0.314694614
0.295513428,0.340265795
0.302381427,0.421965281
0.650896863,0.466512396
0.165968753,0.482195709
0.072137674,0.450832115
0.442914901,0.40379127
0.215986734,0.325388345
0.253405488,0.231305443
0.12959204,0.176423244
0.095157313,0.164662821
0.205992611,0.171256551
0.221765326,0.209211512
0.498143088,0.307214637
0.339563354,0.456180344
0.072327137,0.550262641
0.635029417,0.556055358
0.460061216,0.456624832
0.080331908,0.388554262
0.214755231,0.346055783
0.174494546,0.361736368
0.123292427,0.366279644
0.329616597,0.340708463
0.414306132,0.319237889
0.512163279,0.314694614
1.261722504,0.340265795
0.154885224,0.421965281
0.11059847,0.466512396
0.104014664,0.482195709
0.144322714,0.450832115
0.109130139,0.40379127
0.094920486,0.325388345
0.216839313,0.231305443
0.092315383,0.176423244
0.116045504,0.164662821
0.215986734,0.171256551
0.279409154,0.209211512
0.300202614,0.307214637
0.400854326,0.456180344
0.081847604,0.550262641
0.106619767,0.556055358
0.156921941,0.456624832
0.106619767,0.388554262
0.101646388,0.346055783
0.222096885,0.361736368
0.391049666,0.366279644
0.168384394,0.340708463
0.239811586,0.319237889
0.308017923,0.314694614
0.669985165,0.340265795
0.793940709,0.421965281
0.563602225,0.466512396
0.227922843,0.482195709
0.763247857,0.450832115
0.385507901,0.40379127
0.407532864,0.325388345
0.109082774,0.231305443
0.121966193,0.176423244
0.147543569,0.164662821
0.064890751,0.171256551
0.252173985,0.209211512
0.368030027,0.307214637
0.101693754,0.456180344
0.084831632,0.550262641
0.026856245,0.556055358
0.361162028,0.456624832
0.224844085,0.388554262
0.289592739,0.346055783
0.517894506,0.361736368
0.145554218,0.366279644
0.398343954,0.340708463
0.513252686,0.319237889
0.207839866,0.314694614
0.708493326,0.340265795
0.618167295,0.421965281
0.347094471,0.466512396
0.250468826,0.482195709
0.270978093,0.450832115
0.314270171,0.40379127
0.276188299,0.325388345
0.085257921,0.231305443
0.128455268,0.176423244
0.045849815,0.164662821
0.129544675,0.171256551
0.159337582,0.209211512
0.5455086,0.307214637
0.216413023,0.456180344
0.181788834,0.550262641
0.104014664,0.556055358
0.760074368,0.456624832
0.078674115,0.388554262
0.995717789,0.346055783
0.151853831,0.361736368
0.097857147,0.366279644
0.044807774,0.340708463
0.17117896,0.319237889
0.397159817,0.314694614
0.138070467,0.340265795
0.164547788,0.421965281
0.02965081,0.466512396
0.164926712,0.482195709
0.16199005,0.450832115
0.025056356,0.40379127
0.076021646,0.325388345
0.036660906,0.256786128
0.057596462,0.188183607
0.227022898,0.172503143
0.034671555,0.155575967
0.087957755,0.17000999
0.106525036,0.209211512
0.295276601,0.29545488
0.182404586,0.424819781
0.073700736,0.556055358
0.107424981,0.61343068
0.164121498,0.568879624
0.057217538,0.510700257
0.164784616,0.479339694
0.151853831,0.507403392
0.052054697,0.458313607
0.122818772,0.452523921
0.030787583,0.471501068
0.436520557,0.575473355
0.235406594,0.680696598
0.277798727,0.693884059
0.173736697,0.607640994
0.068632627,0.490034335
0.101930581,0.380270847
0.16473725,0.317548508
0.092694307,0.734922096
0.04622874,0.697770938
0.084168514,0.682894004
0.109082774,0.679154258
0.115003463,0.692965015
0.138307294,0.697508442
0.614330688,0.74704323
0.445946294,0.796840391
0.585864016,0.9388519
0.422405634,1.034262202
0.060959414,1.092525286
0.111829973,1.059556632
0.153227431,0.970457552
0.027945652,0.831824805
0.125187048,0.731953429
0.351878387,0.63867245
0.210776528,0.64687427
0.404122547,0.707464257
0.716119173,0.794068092
0.559149867,0.868287905
0.386076287,0.864548371
0.492080302,0.876489725
0.283056299,0.82036142
0.179278462,0.772073255
0.048786477,0.867600451
0.095252044,0.825905714
0.049544325,0.827332752
0.160853278,0.847113944
0.311238778,0.894959501
0.300392076,0.98307203
0.27860394,1.122147141
0.181030986,1.160182727
0.084736901,1.118720374
0.563460129,0.956649407
0.178473249,0.839125858
0.257005267,0.753768129
0.333784762,0.733183196
0.791667164,0.727835875
0.32440639,0.728639617
0.113203573,0.72365337
0.281445871,0.758672478
0.262168108,0.84029037
0.563081204,0.964849105
0.534614532,1.040166964
0.362677724,1.085522065
0.930779673,1.073939662
0.291250532,1.026898817
0.065364406,0.955089623
0.145175294,0.867600451
0.027093073,0.825905714
0.119124262,0.827332752
0.190693551,0.847113944
0.494495943,0.894959501
0.458782347,0.98307203
0.329663962,1.122147141
0.226407146,1.160182727
0.122581945,1.118720374
0.320569784,0.956649407
0.241422014,0.839125858
0.147164645,0.753768129
0.676000585,0.733183196
0.161184837,0.727835875
0.435667978,0.728639617
0.850353034,0.72365337
0.24156411,0.758672478
0.193630212,0.84029037
0.224228333,0.964849105
0.282630009,1.040166964
1.129335898,1.085522065
0.690920721,1.073939662
0.096151989,1.026898817
0.159384947,0.955089623
0.086820983,0.567585706
0.162747899,0.522594104
0.136886329,0.533911738
0.402133195,0.55369293
0.3896287,0.591647891
0.381766025,0.68635415
0.453998431,0.815538666
0.34330523,0.863464847
0.193914405,0.836288911
0.209450293,0.69070227
0.125944896,0.592959913
0.051154753,0.524086511
0.279077596,0.516689039
0.205661052,0.514638584
0.846753255,0.498957999
0.87730401,0.484081156
0.710577408,0.505912803
0.304607606,0.564452637
0.238390621,0.672527046
0.3595516,0.736855353
0.341647437,0.778913589
0.20125606,0.760737456
0.05371249,0.720290341
0.246584854,0.655074878
0.106951326,0.719241512
0.075642722,0.674249909
0.163268919,0.678973812
0.073511274,0.698755004
0.522204768,0.740006831
0.29063478,0.83471309
0.335868844,0.970491336
0.291961015,1.008526922
0.109556429,0.97805412
0.219965437,0.822576883
0.147022549,0.708350199
0.110551105,0.636179933
0.096767741,0.625485595
0.263068053,0.620138274
1.492960932,0.614348285
0.772863056,0.599471442
0.494874867,0.631193686
0.344915657,0.699624116
0.36281982,0.817589121
0.464418843,0.891808024
0.434199647,0.927272529
0.5071899,0.915690126
0.353820373,0.875243012
0.211108086,0.803433818
0.028466673,0.719241512
0.065695965,0.674249909
0.258710426,0.678973812
0.047839167,0.698755004
0.319148819,0.740006831
0.370540399,0.83471309
0.42941573,0.970491336
0.244548137,1.008526922
0.103162085,0.97805412
0.389770797,0.822576883
0.029319252,0.708350199
0.198414129,0.636179933
0.032966396,0.625485595
3.360867256,0.620138274
0.849974109,0.614348285
0.173973525,0.599471442
2.134337328,0.631193686
0.975540081,0.699624116
0.194672254,0.817589121
0.186430654,0.891808024
0.198556226,0.927272529
0.2665731,0.915690126
0.41411667,0.875243012
0.315880598,0.803433818
0.13930197,0.593066391
0.039550202,0.534354467
0.106998691,0.54175206
0.078768846,0.538012345
0.258378867,0.552446368
0.551239826,0.588351025
0.441920225,0.654813201
0.55109773,0.738021987
0.34245265,0.836288911
2.11880144,0.847508118
1.687348993,0.773285274
0.400617499,0.688730985
0.523578368,0.634292364
1.606780257,0.655762332
0.419374242,0.616563143
0.816960348,0.617367188
0.493880192,0.662719258
0.27628303,0.799660197
0.6630698,0.931258363
0.567391466,0.964227016
0.875646217,0.904358874
3.628435032,0.799939676
2.411378206,0.696769919
0.217644527,0.647235041
0.130160426,0.734922096
0.024819528,0.697770938
0.16378994,0.682894004
0.087105176,0.679154258
0.174920835,0.692965015
0.111829973,0.697508442
0.155406244,0.74704323
0.581364292,0.796840391
0.379445115,0.9388519
0.578190803,1.034262202
1.190911064,1.092525286
0.240948359,1.059556632
0.248432109,0.970457552
0.435667978,0.831824805
0.06891682,0.731953429
0.332932183,0.63867245
0.578948651,0.64687427
0.336674058,0.707464257
0.893124091,0.794068092
0.766989733,0.868287905
0.787451634,0.864548371
0.670695647,0.876489725
0.31322813,0.82036142
0.249474151,0.772073255
0.079763522,0.719241512
0.09582043,0.674249909
0.57842763,0.678973812
0.327911438,0.698755004
0.178615345,0.740006831
0.443151729,0.83471309
0.306312765,0.970491336
0.055607111,1.008526922
0.297929069,0.97805412
0.477633821,0.822576883
0.16241634,0.708350199
0.073937564,0.636179933
0.192730268,0.625485595
0.81440261,0.620138274
1.04066766,0.614348285
0.487533213,0.599471442
0.391665417,0.631193686
0.677800474,0.699624116
0.460013851,0.817589121
0.772768325,0.891808024
0.736249516,0.927272529
1.025605427,0.915690126
0.447651452,0.875243012
0.214802596,0.803433818
0.064038172,0.567585706
0.157253499,0.522594104
0.04305525,0.533911738
0.30953362,0.55369293
0.35216258,0.591647891
0.476875973,0.68635415
0.577622417,0.815538666
0.319954032,0.863464847
0.107519712,0.836288911
0.322322308,0.69070227
0.078532019,0.592959913
0.285424574,0.524086511
0.052102063,0.516689039
0.599363186,0.514638584
0.554602778,0.498957999
0.524525678,0.484081156
0.454519451,0.505912803
0.287745484,0.564452637
0.6056628,0.672527046
1.039530888,0.736855353
0.90558122,0.778913589
0.293855635,0.760737456
0.572459576,0.720290341
0.25307393,0.655074878
0.169473801,0.719241512
0.189319951,0.674249909
0.280024906,0.678973812
0.530541098,0.698755004
0.25127404,0.740006831
0.468160719,0.83471309
0.357041228,0.970491336
0.215513079,1.008526922
0.379966136,0.97805412
0.120071572,0.822576883
0.108798581,0.708350199
0.048502284,0.636179933
0.076400571,0.625485595
0.083979052,0.620138274
0.186004365,0.614348285
0.588327022,0.599471442
0.410895815,0.631193686
0.499469322,0.699624116
0.369829916,0.817589121
0.993207417,0.891808024
0.795977426,0.927272529
0.551381923,0.915690126
0.353820373,0.875243012
0.058022752,0.803433818
0.094967851,0.392851844
0.037276658,0.347860241
0.026524687,0.342693549
0.122866138,0.35588101
0.270930728,0.393835971
0.561802336,0.491839096
0.58719025,0.637507938
0.416200752,0.701918446
0.029840272,0.697820567
0.223707312,0.575311983
0.359267407,0.497350818
0.184299206,0.438368013
0.785083358,0.444158002
0.408527539,0.448701277
0.306170668,0.433020692
0.502500715,0.404956388
1.099400895,0.413600574
0.502832273,0.455656081
0.316212157,0.550543029
0.35490978,0.601683875
0.522820519,0.627257784
0.474839256,0.60248792
0.268515086,0.562040805
0.045991912,0.483637881
0.12262931,0.392851844
0.067022199,0.347860241
0.061433069,0.342693549
0.195335371,0.35588101
0.324785315,0.393835971
0.236638097,0.491839096
0.509747638,0.637507938
0.179467924,0.701918446
0.226643974,0.697820567
0.31976457,0.575311983
0.152659045,0.497350818
0.516094617,0.438368013
1.354511541,0.444158002
0.638202906,0.448701277
0.548729454,0.433020692
0.460298044,0.404956388
0.696936141,0.413600574
0.548208434,0.455656081
0.553181812,0.550543029
0.570943879,0.601683875
1.666981823,0.627257784
0.924669522,0.60248792
0.090704955,0.562040805
0.300960462,0.483637881
0.354009835,0.418332529
0.051249484,0.359620604
0.06806424,0.350533871
0.139112508,0.340200425
0.032445376,0.354634448
0.443199094,0.393835971
0.20821879,0.476782474
0.341742168,0.576475586
0.846705889,0.697820567
0.650754767,0.732117832
0.79498275,0.67767618
0.037702947,0.603012486
1.247749678,0.561761327
2.486926198,0.589825025
0.130634082,0.550625836
0.286466615,0.53824242
0.283198395,0.570407028
0.44746199,0.690863641
0.342215823,0.809274346
0.259468274,0.829055538
0.767605484,0.752703069
0.515478865,0.64169014
0.299350035,0.538520383
0.340084375,0.475798044
0.399575458,0.246986027
0.114245614,0.199944273
0.171889442,0.168583012
0.064701289,0.151655805
0.0587806,0.162169697
0.25823677,0.17000999
0.595716042,0.232732238
0.518368161,0.33857611
0.242795614,0.516853138
0.532814642,0.66831015
0.314980654,0.772729349
0.319906667,0.769432483
0.254447529,0.706708325
0.379208288,0.577966175
0.142901749,0.458313607
0.080710832,0.358438897
0.262310204,0.330375199
0.70749865,0.348105935
0.580606444,0.398444252
0.817812927,0.442992277
0.317491026,0.419471551
0.823970443,0.411631714
0.517799775,0.348909677
0.49558535,0.294027782
0.13930197,0.392851844
0.063990806,0.347860241
0.135370633,0.342693549
0.150953886,0.35588101
0.457740306,0.393835971
0.445330542,0.491839096
0.07450595,0.637507938
0.06891682,0.701918446
0.190740916,0.697820567
0.687368307,0.575311983
0.362677724,0.497350818
0.193582847,0.438368013
0.056507056,0.444158002
0.34519985,0.448701277
0.19344075,0.433020692
0.32071188,0.404956388
0.854805392,0.413600574
0.566065232,0.455656081
0.670316723,0.550543029
0.730660385,0.601683875
0.293903001,0.627257784
1.343806936,0.60248792
0.30721271,0.562040805
0.413216725,0.483637881
0.048786477,0.567585706
0.131202468,0.522594104
0.119834745,0.533911738
0.044192023,0.55369293
0.224370429,0.591647891
0.249047861,0.68635415
0.631240176,0.815538666
0.258757791,0.863464847
0.06986413,0.836288911
0.88753496,0.69070227
0.751027555,0.592959913
0.29338198,0.524086511
0.682442294,0.516689039
0.166442409,0.514638584
0.707119726,0.498957999
0.771631553,0.484081156
0.407343402,0.505912803
0.62697728,0.564452637
0.640855375,0.672527046
0.271735941,0.736855353
0.415016615,0.778913589
0.35448349,0.760737456
0.424726544,0.720290341
0.328574555,0.655074878
0.154032644,0.235065164
0.138259929,0.180236466
0.127129034,0.158729139
0.392565362,0.169243016
0.317301564,0.211064623
0.275525182,0.338415609
0.491227723,0.534422919
0.230670043,0.652026851
0.484075531,0.638216942
0.290208491,0.515265993
0.212197493,0.435436274
0.148348783,0.400777633
0.074316488,0.404697097
0.100130692,0.405320302
0.326774666,0.371909435
0.225223009,0.350438861
0.377550495,0.33413492
0.33179541,0.406747249
0.265957349,0.484526816
1.471409624,0.552596325
0.543756076,0.517316449
0.693952114,0.501634651
0.50340066,0.431071868
0.892981994,0.356589317
0.696936141,0.571345427
0.203387508,0.526407325
0.073416543,0.527978056
0.229770098,0.551679394
0.319433012,0.593501001
0.585864016,0.717555122
0.397207182,0.89378124
0.354057201,0.965229057
0.1462647,0.918450495
0.58993745,0.749343432
0.211960665,0.639841924
0.322985425,0.57880836
0.150669693,0.559649767
0.300486807,0.553679242
0.131818219,0.530158971
0.245069158,0.515282128
0.48819633,0.525353109
0.644739347,0.630934091
0.758748134,0.735088581
0.432589219,0.822939282
0.938547617,0.814034328
0.581222195,0.811539992
0.210918624,0.74757094
0.104535685,0.68627585
0.060675221,0.723001233
0.053380932,0.67806313
0.046086643,0.673040131
0.084405342,0.696741469
0.452624831,0.741859941
0.35997789,0.865914062
0.349415381,1.048733911
0.320427687,1.110291132
0.027708824,1.060215705
0.4169586,0.881218045
0.047981263,0.755232211
0.058922697,0.690901782
0.751785403,0.668446323
0.348136512,0.659178932
0.285329843,0.645549257
0.557302612,0.630672414
0.315927964,0.650633991
0.35490978,0.76610557
0.358935849,0.880150656
0.57842763,0.977891952
1.036262667,0.962393268
0.49421175,0.966492663
0.363861862,0.90252361
0.486538537,0.83463479
0.183636089,1.073315645
0.05508609,1.0108828
0.11988211,0.993332358
0.083931687,0.992889522
0.097004568,1.017214141
0.527320243,1.041981535
0.716545463,1.091516565
0.268183528,1.177456122
0.312754475,1.3219603
0.418379566,1.376268413
0.426952723,1.287580586
0.789819909,1.156426301
0.183778186,1.087701264
0.738996715,1.113716023
0.144133252,1.096019428
0.333263741,1.128364119
0.608267903,1.220938631
0.784041317,1.404956074
0.497622067,1.538783261
0.632234852,1.529285457
0.646633967,1.395557666
0.839080042,1.254612181
2.588809414,1.14484839
0.239764221,1.105646928
0.057122807,1.229418966
0.129260482,1.190217504
0.426573799,1.164826814
0.432968143,1.15372248
0.462145299,1.168246666
0.406680284,1.161652935
0.435999536,1.203347551
0.508610866,1.289286957
0.519789127,1.453540003
0.244216579,1.594861083
0.052954642,1.605425217
0.40947485,1.536518582
2.056421061,1.391259478
0.609215213,1.261090835
0.489664661,1.139124014
0.394175789,1.049796641
0.586195574,1.063197569
0.829038553,1.178702684
0.638250272,1.324142172
0.447651452,1.404808261
0.511926452,1.415354537
0.679126708,1.420078804
0.836759132,1.353436394
0.166631871,1.279523852
0.188230544,1.025213888
0.423116117,0.981374741
0.390197086,0.96975801
0.398438685,0.996756214
0.368645778,1.048468417
0.202866487,1.169225672
0.137786274,1.352045521
0.181504641,1.412503787
0.206087342,1.349240899
0.112208897,1.152659957
0.229912194,1.009090841
1.67872847,0.92497922
0.208455617,0.891534211
3.275514604,0.88226682
1.321355683,0.87632983
0.241611476,0.881234179
0.700393823,0.911086353
0.532435718,1.044141213
0.68575788,1.177967491
0.365661751,1.289995203
0.41738489,1.277793385
1.019542642,1.281892779
0.193535481,1.211329996
0.196093219,1.136847446
0.173168311,0.571345427
0.037655582,0.526407325
0.477633821,0.527978056
0.463282071,0.551679394
0.43817835,0.593501001
0.229628001,0.717555122
0.401422713,0.89378124
0.149343459,0.965229057
0.390007624,0.918450495
0.110740567,0.749343432
0.399717554,0.639841924
0.175726049,0.57880836
0.275240989,0.559649767
1.471172797,0.553679242
0.232185739,0.530158971
0.243837655,0.515282128
0.256484246,0.525353109
0.459019175,0.630934091
0.623898522,0.735088581
0.606562744,0.822939282
0.597894856,0.814034328
0.537456463,0.811539992
0.349273284,0.74757094
0.190456723,0.68627585
0.101504292,0.571345427
0.115098194,0.526407325
0.38868139,0.527978056
0.273677927,0.551679394
0.370587764,0.593501001
0.394602079,0.717555122
0.157632423,0.89378124
0.148775073,0.965229057
0.152801141,0.918450495
0.330753369,0.749343432
0.202061273,0.639841924
0.09856763,0.57880836
0.640002796,0.559649767
0.260320853,0.553679242
0.398533416,0.530158971
0.233322511,0.515282128
0.463566264,0.525353109
0.486112248,0.630934091
0.37897146,0.735088581
0.403269968,0.822939282
0.403175237,0.814034328
0.595716042,0.811539992
0.336153037,0.74757094
0.225365105,0.68627585
0.313370226,0.235065164
0.130302523,0.180236466
0.219349685,0.158729139
0.533430394,0.169243016
0.771252629,0.211064623
0.388870852,0.338415609
0.34055803,0.534422919
0.350078498,0.652026851
0.024630066,0.638216942
0.719624221,0.515265993
0.137691543,0.435436274
0.191167206,0.400777633
0.211202817,0.404697097
0.456887727,0.405320302
0.868399294,0.371909435
0.256484246,0.350438861
0.31417544,0.33413492
0.269699224,0.406747249
0.264489018,0.484526816
0.434341743,0.552596325
0.500037708,0.517316449
0.373713888,0.501634651
0.255205378,0.431071868
0.166489774,0.356589317
0.152090658,0.235065164
0.10870385,0.180236466
0.024677432,0.158729139
0.198319398,0.169243016
0.440262432,0.211064623
0.381245005,0.338415609
0.805924183,0.534422919
0.159006023,0.652026851
0.476828607,0.638216942
0.614614881,0.515265993
0.062569841,0.435436274
0.97724524,0.400777633
0.208739811,0.404697097
0.346810277,0.405320302
0.488669985,0.371909435
0.435241688,0.350438861
0.419232145,0.33413492
0.329616597,0.406747249
0.613904399,0.484526816
0.700156996,0.552596325
0.128549999,0.517316449
0.350504787,0.501634651
0.19661424,0.431071868
0.163316285,0.356589317
0.221907423,0.619447185
0.24251142,0.555915385
0.02543528,0.551552403
0.213571093,0.547812703
0.558676212,0.562246726
0.234222456,0.590310985
0.375940067,0.633252284
0.331179659,0.730181392
0.393417941,0.891169897
2.363018019,0.972951888
0.252979199,0.918331669
0.857221033,0.810255442
0.789440985,0.755816821
0.859163019,0.785128445
0.47015007,0.749848569
1.061082196,0.762412067
0.916617385,0.835205388
0.445709466,0.991748953
0.483080855,1.095904352
0.89028216,1.062229535
0.774236656,0.931798609
0.410895815,0.784259394
0.710861601,0.681089334
0.532577815,0.655075333
0.116045504,1.064575699
0.072848157,1.036363788
0.060248931,1.010973099
0.064606558,0.99876981
0.087768293,1.013293995
0.257526288,1.006700265
0.714414015,1.048394881
0.223659947,1.134334286
0.489806758,1.306280018
0.835385532,1.45859065
0.583164181,1.475748514
0.578711823,1.411237699
1.700279778,1.275869191
0.498995667,1.148997414
0.329095576,1.021535817
0.305981206,0.924515758
0.481565159,0.926927135
0.658996366,1.032541654
0.727344799,1.170288457
0.519078644,1.250954545
0.945747174,1.250511271
2.272076236,1.258532403
0.964503917,1.191889993
0.403412064,1.121274316
0.20220337,1.190057154
0.209402928,1.135228456
0.043671002,1.123611726
0.108940677,1.151708884
0.307023248,1.203421087
0.325448432,1.324178343
0.144133252,1.506998192
0.056554421,1.567456458
0.210208141,1.496500883
0.798535164,1.288930391
0.252742371,1.138767544
0.494922233,1.050260103
0.535230283,1.006924497
0.526372933,0.994360241
0.06943784,0.993918027
0.17719438,1.006515062
0.860536619,1.047356786
0.522015306,1.190302242
0.640192258,1.331821206
0.273914755,1.443848919
0.382902797,1.442636651
0.436188998,1.443439181
0.410232698,1.372876397
0.296318642,1.295096981
0.198035205,1.34830669
0.116566525,1.293477992
0.184062379,1.282960217
0.140201915,1.30995842
0.424158158,1.361670623
0.391239128,1.485724744
0.141812342,1.665247728
0.350599518,1.729002859
0.07587955,1.653651464
0.533335663,1.436190376
0.258378867,1.273939023
0.193156557,1.17224412
0.501837598,1.121215829
0.344157809,1.111948438
0.151001252,1.11919891
0.596284428,1.13509281
0.435952171,1.18362722
0.611772951,1.337562227
0.611915047,1.488971787
1.150555647,1.611989051
0.959530538,1.607479918
0.986481515,1.614876178
0.181599372,1.537719664
0.275477817,1.459940248
0.320285591,1.025213888
0.113061477,0.981374741
0.131060371,0.96975801
0.256484246,0.996756214
0.525946643,1.048468417
0.258331501,1.169225672
0.482986124,1.352045521
0.454472086,1.412503787
0.290066394,1.349240899
0.468729105,1.152659957
1.257175415,1.009090841
0.431452447,0.92497922
0.324548487,0.891534211
0.163505747,0.88226682
0.662406683,0.87632983
0.256484246,0.881234179
0.243648193,0.911086353
1.023852903,1.044141213
0.53494609,1.177967491
0.447651452,1.289995203
0.214328941,1.277793385
0.399196534,1.281892779
0.481186235,1.211329996
0.444383232,1.136847446
0.14437008,1.025213888
0.216365658,0.981374741
0.484359724,0.96975801
0.351831022,0.996756214
0.379681943,1.048468417
0.444241135,1.169225672
0.582974719,1.352045521
0.267141487,1.412503787
0.129213116,1.349240899
0.784372876,1.152659957
0.274009486,1.009090841
0.257431557,0.92497922
0.946836581,0.891534211
0.855847433,0.88226682
0.401185885,0.87632983
0.442488611,0.881234179
0.607510055,0.911086353
0.601636731,1.044141213
0.240332607,1.177967491
0.447177797,1.289995203
0.824491464,1.277793385
0.700630651,1.281892779
0.397822934,1.211329996
0.455040472,1.136847446
0.214376306,1.025213888
0.147022549,0.981374741
0.038602892,0.96975801
0.58624294,0.996756214
0.2665731,1.048468417
0.430315675,1.169225672
0.580653809,1.352045521
0.240048414,1.412503787
0.326537838,1.349240899
0.259184081,1.152659957
0.075547991,1.009090841
1.323960786,0.92497922
0.094399465,0.891534211
0.720855724,0.88226682
0.454566817,0.87632983
0.394033693,0.881234179
0.42340031,0.911086353
0.482086179,1.044141213
0.613099185,1.177967491
0.497101046,1.289995203
0.297692242,1.277793385
0.427615841,1.281892779
0.078958308,1.211329996
0.243790289,1.136847446
0.217549796,0.91946193
0.104298857,0.859226995
0.07587955,0.844973418
0.228870153,0.841233717
0.131013006,0.865558336
0.710482677,0.887028864
0.515289403,0.939860759
0.391996976,1.026899272
0.861862853,1.17360136
0.603720814,1.238899024
0.532340987,1.164497614
1.027405317,1.03993706
0.501269212,0.972310977
0.081989701,0.998325736
0.743117515,0.979530187
1.287915632,1.001984281
1.473162148,1.087965063
1.272569206,1.267586685
0.896439677,1.388226411
0.726634317,1.365541145
1.14989253,1.238407085
0.879482823,1.0974616
0.64459725,0.98769781
0.775136601,0.955090078
0.250089902,0.610707239
0.124476565,0.581396373
0.236353904,0.569193145
0.073748102,0.55369299
0.236211807,0.55832658
0.460392775,0.555029714
0.278130285,0.5901306
0.545271772,0.687059556
0.525567719,0.875489615
1.046019963,1.055274124
0.6029156,1.106499597
0.252079254,1.065066839
0.227543919,0.943984748
0.095773065,0.820409836
0.032729569,0.675364957
0.128692096,0.558563706
0.448977686,0.541193892
0.386028921,0.619334532
0.188041082,0.727409548
0.422358269,0.783898624
0.772389401,0.786752214
0.823733616,0.788179616
0.511073872,0.728130937
0.094778389,0.670702721
0.279930175,0.235065164
0.140533474,0.180236466
0.180178407,0.158729139
0.085068459,0.169243016
0.179610021,0.211064623
0.302807717,0.338415609
0.297265952,0.534422919
0.232848856,0.652026851
0.100651713,0.638216942
0.274435775,0.515265993
0.182878241,0.435436274
0.303328738,0.400777633
0.65800169,0.404697097
0.433820723,0.405320302
0.2064189,0.371909435
0.183399262,0.350438861
0.412648339,0.33413492
0.696746679,0.406747249
0.227922843,0.484526816
0.459634927,0.552596325
0.39005499,0.517316449
0.553939661,0.501634651
0.523436271,0.431071868
0.366040675,0.356589317
0.291250532,0.235065164
0.304086586,0.180236466
0.083600128,0.158729139
0.156969306,0.169243016
0.326301011,0.211064623
0.279882809,0.338415609
0.721897766,0.534422919
0.509652907,0.652026851
0.319433012,0.638216942
0.67879515,0.515265993
0.07820046,0.435436274
0.148443514,0.400777633
1.567135324,0.404697097
0.125708068,0.405320302
0.201587618,0.371909435
0.31881726,0.350438861
0.357325421,0.33413492
0.483459779,0.406747249
1.376631235,0.484526816
1.073160401,0.552596325
0.594626635,0.517316449
1.060561175,0.501634651
0.373808619,0.431071868
0.327343052,0.356589317
0.081089756,0.235065164
0.072895523,0.180236466
0.193772309,0.158729139
0.06891682,0.169243016
0.556544764,0.211064623
0.27026761,0.338415609
0.525141429,0.534422919
0.264157459,0.652026851
0.146880452,0.638216942
0.907096917,0.515265993
0.131344564,0.435436274
1.052556404,0.400777633
0.127507958,0.404697097
0.956262318,0.405320302
0.197466819,0.371909435
0.114814001,0.350438861
0.734733819,0.33413492
0.525994009,0.406747249
0.292955691,0.484526816
0.582690526,0.552596325
0.714508746,0.517316449
1.733861925,0.501634651
0.837043325,0.431071868
0.587663905,0.356589317
0.454329989,0.235065164
0.176625994,0.180236466
0.075311164,0.158729139
0.096104623,0.169243016
0.288787526,0.211064623
0.361825145,0.338415609
0.555550088,0.534422919
0.445425273,0.652026851
0.136886329,0.638216942
0.467450236,0.515265993
0.125044951,0.435436274
0.887440229,0.400777633
0.184820227,0.404697097
0.39976492,0.405320302
1.568887848,0.371909435
0.645165636,0.350438861
0.251842426,0.33413492
0.31322813,0.406747249
0.456035148,0.484526816
0.557634171,0.552596325
0.661033083,0.517316449
0.615041171,0.501634651
0.420179455,0.431071868
0.174305083,0.356589317
0.238532717,0.235065164
0.119313724,0.180236466
0.201966542,0.158729139
0.089615548,0.169243016
0.330753369,0.211064623
0.506574149,0.338415609
0.41918478,0.534422919
0.24019051,0.652026851
0.13740735,0.638216942
1.004243581,0.515265993
0.121824096,0.435436274
0.194577523,0.400777633
0.081231853,0.404697097
0.637539789,0.405320302
0.325732625,0.371909435
0.477349628,0.350438861
0.368361585,0.33413492
0.199266708,0.406747249
0.464182016,0.484526816
0.46276105,0.552596325
0.299871055,0.517316449
1.146340117,0.501634651
0.800856074,0.431071868
0.468587008,0.356589317
0.450303921,0.619447185
0.233843532,0.555915385
0.106098746,0.551552403
0.097904513,0.547812703
0.361825145,0.562246726
0.316733177,0.590310985
0.543329786,0.633252284
0.519599665,0.730181392
0.441778129,0.891169897
0.429889385,0.972951888
0.16146903,0.918331669
1.066055574,0.810255442
0.121350441,0.755816821
1.084291296,0.785128445
0.243648193,0.749848569
0.140533474,0.762412067
0.236022345,0.835205388
0.359835793,0.991748953
0.533714587,1.095904352
0.588232291,1.062229535
1.081212538,0.931798609
1.369952698,0.784259394
1.167607232,0.681089334
0.28736656,0.655075333
0.131486661,0.610707239
0.1804626,0.581396373
0.086773618,0.569193145
0.058496407,0.55369299
0.393607403,0.55832658
0.290871608,0.555029714
0.318533067,0.5901306
0.365377558,0.687059556
0.328858749,0.875489615
0.829417477,1.055274124
0.188656834,1.106499597
0.419232145,1.065066839
0.588279657,0.943984748
0.324927411,0.820409836
0.392470631,0.675364957
0.270314976,0.558563706
0.355051877,0.541193892
0.338331851,0.619334532
0.891845222,0.727409548
0.675337467,0.783898624
0.457408748,0.786752214
0.912496585,0.788179616
0.586290305,0.728130937
1.718894424,0.670702721
0.339326527,0.871360173
0.634792589,0.829718936
0.662217221,0.82139907
0.370777226,0.845100409
0.504490066,0.896812611
0.277325072,1.014273002
0.670079896,1.200389716
0.287556022,1.261946937
0.356141283,1.200881959
1.305867161,1.015290568
0.470765822,0.886007869
0.36736691,0.808489978
0.210681797,0.776143924
0.530446367,0.766876533
0.598842166,0.759840589
0.486017517,0.754854342
0.408290712,0.778112784
0.675669026,0.906771824
0.586811326,1.027410641
0.212481686,1.126250892
0.989228714,1.120642804
1.189774291,1.124742199
0.820039106,1.054179415
0.308823137,0.986290595
0.525283526,1.34830669
0.475976028,1.293477992
0.628729804,1.282960217
0.722892441,1.30995842
0.348989091,1.361670623
0.658475345,1.485724744
0.274198948,1.665247728
0.280214368,1.729002859
0.496864219,1.653651464
1.278110971,1.436190376
0.922822267,1.273939023
0.438652005,1.17224412
0.437325771,1.121215829
0.897434352,1.111948438
0.575396238,1.11919891
0.945984002,1.13509281
0.400475402,1.18362722
0.405448781,1.337562227
0.612057144,1.488971787
2.732895301,1.611989051
2.164035504,1.607479918
1.053361617,1.614876178
0.707214457,1.537719664
0.424537082,1.459940248
0.650849498,1.815362612
0.133997033,1.757237049
0.437988888,1.746719273
0.507663556,1.771519566
0.343920981,1.824330724
0.522725788,1.951681711
0.381481832,2.144392156
0.244121848,2.230126389
0.392186438,2.156972904
0.490327778,1.962589873
0.326016818,1.79154688
0.571322803,1.67336765
0.399291265,1.600360257
0.300439441,1.586697045
0.351688925,1.577463191
0.567012542,1.587862315
0.389249776,1.627605084
2.040411518,1.767253675
0.836853863,1.9219601
1.968936961,2.053769005
0.635124148,2.066843154
0.59552658,2.08632792
0.891987318,2.011369316
1.31832429,1.912709753
0.262689129,1.964820507
0.382144949,1.913288674
0.238959007,1.899474033
0.311759799,1.931967013
0.491275089,1.970491754
0.225175643,2.107733336
0.466266098,2.303740647
0.293050422,2.408157117
1.038536212,2.340498408
0.250847751,2.152709107
0.348278608,1.994853575
0.188704199,1.867882705
0.678037302,1.787182625
0.195003812,1.770222549
0.89767118,1.753296008
0.377739957,1.747210806
0.421884614,1.780359845
0.562323356,1.91011784
0.949725877,2.062626354
1.070792126,2.197732124
1.836645086,2.222894779
1.100490301,2.23908268
0.861105005,2.171816762
0.523531002,2.062167648
0.502358618,1.815362612
0.498900936,1.757237049
0.744585846,1.746719273
0.090183934,1.771519566
0.366798523,1.824330724
0.871856976,1.951681711
0.498379915,2.144392156
0.426857992,2.230126389
0.344584098,2.156972904
0.458971809,1.962589873
0.512068548,1.79154688
0.586432402,1.67336765
0.447225163,1.600360257
0.597515932,1.586697045
0.213381631,1.577463191
0.834485587,1.587862315
1.471409624,1.627605084
0.702714733,1.767253675
0.524525678,1.9219601
0.599031628,2.053769005
1.37383667,2.066843154
0.426052779,2.08632792
0.77229467,2.011369316
0.654449277,1.912709753
0.536177594,1.238158912
0.411511567,1.164736516
0.293571442,1.147186073
0.459398099,1.147842193
0.215939368,1.172166812
0.573312155,1.196934206
0.47194996,1.246469235
0.34699974,1.332408792
0.375229585,1.469220285
1.0800284,1.512538847
1.040525564,1.417257289
1.65002497,1.281707184
1.794773974,1.203091551
0.786835882,1.225809444
1.962732079,1.213607625
2.361644419,1.253645001
0.965451227,1.357209065
1.107453032,1.551117104
0.356093918,1.692636977
1.658313934,1.683139172
1.006611857,1.560400932
0.65430718,1.416158582
0.547924241,1.306394792
0.400049113,1.263896464
0.381197639,1.701969663
0.678747784,1.662768201
0.446988335,1.634080646
0.31744366,1.622976312
0.588090195,1.635302588
0.305744379,1.632005722
0.289734836,1.683590934
0.249521516,1.781618846
0.520310147,1.940377117
0.681684446,2.076203422
1.03327864,2.062590542
0.38593419,1.971704805
0.787356903,1.805565554
0.838038001,1.677594822
0.489001544,1.556726955
0.614283323,1.471795403
0.525520354,1.489592152
0.279551251,1.618284728
0.708682788,1.775812723
1.263522393,1.875161048
0.616272674,1.896696876
0.663353993,1.905816963
0.501079749,1.835877688
0.695325713,1.747678729
0.579185478,1.815362612
0.313607054,1.757237049
0.464987229,1.746719273
0.52523616,1.771519566
0.351073174,1.824330724
0.356614938,1.951681711
0.41918478,2.144392156
0.362867186,2.230126389
0.329758693,2.156972904
0.734686454,1.962589873
0.511215969,1.79154688
0.651796808,1.67336765
0.653691429,1.600360257
0.735728495,1.586697045
0.341884264,1.577463191
0.485591227,1.587862315
0.536082863,1.627605084
0.520215416,1.767253675
0.524667774,1.9219601
0.579611768,2.053769005
0.666669579,2.066843154
0.727581627,2.08632792
0.975019061,2.011369316
0.894260863,1.912709753
0.240853628,1.815362612
0.252837102,1.757237049
0.373808619,1.746719273
0.497953626,1.771519566
0.144275349,1.824330724
0.6288719,1.951681711
0.615846385,2.144392156
0.599410552,2.230126389
0.326443107,2.156972904
1.014663994,1.962589873
0.731039309,1.79154688
0.543661345,1.67336765
0.275714644,1.600360257
0.899660531,1.586697045
0.57103861,1.577463191
0.549345206,1.587862315
0.256531612,1.627605084
0.400049113,1.767253675
1.397187867,1.9219601
1.85000216,2.053769005
1.672855146,2.066843154
0.743449073,2.08632792
0.685473687,2.011369316
0.694709962,1.912709753
0.425010737,1.509853092
0.108135463,1.459420214
0.417526987,1.444506618
0.440546625,1.472603777
0.598936897,1.524315979
0.454329989,1.651666966
0.247768992,1.831189949
0.183967648,1.893846125
0.684336915,1.810802045
0.584300954,1.582351405
0.453287948,1.405813636
0.608646827,1.299722913
0.696273024,1.242100891
0.681352887,1.236130365
0.322559135,1.243380837
0.722039862,1.269165333
0.807771438,1.325392429
0.938784444,1.493613853
0.432541854,1.650518188
2.766193255,1.780129183
1.064634609,1.778916915
0.654117718,1.784115265
0.606846937,1.705859796
0.700488554,1.624783514
0.396117775,1.815362612
0.34794705,1.757237049
0.338047658,1.746719273
0.521494285,1.771519566
0.770163222,1.824330724
0.490090951,1.951681711
0.548871551,2.144392156
0.454235258,2.230126389
0.394981003,2.156972904
0.642086878,1.962589873
1.159839288,1.79154688
0.660654159,1.67336765
1.051277535,1.600360257
0.904302352,1.586697045
0.520689071,1.577463191
0.907996861,1.587862315
1.133125139,1.627605084
0.812886914,1.767253675
0.715266594,1.9219601
0.685710515,2.053769005
1.228850838,2.066843154
0.604194469,2.08632792
0.568812431,2.011369316
0.566302059,1.912709753
0.586100843,1.964820507
0.439030929,1.913288674
0.446656776,1.899474033
0.440878184,1.931967013
0.415442904,1.970491754
0.395786217,2.107733336
0.394602079,2.303740647
0.671027206,2.408157117
0.454282624,2.340498408
1.118489196,2.152709107
0.373619157,1.994853575
0.75235379,1.867882705
0.387828811,1.787182625
0.518083968,1.770222549
0.381008177,1.753296008
0.3923759,1.747210806
0.778215359,1.780359845
0.357751711,1.91011784
0.817007713,2.062626354
1.273232323,2.197732124
1.335754799,2.222894779
0.602962965,2.23908268
0.293239884,2.171816762
0.860536619,2.062167648
0.449167149,2.012922264
0.593395132,1.942796734
0.400806961,1.923048381
0.566491521,1.928100321
0.396828258,1.939237479
0.375324316,1.980489199
0.783520296,2.04321169
0.453998431,2.173109452
0.507095169,2.313217809
0.557728902,2.376317563
0.371771902,2.27334332
0.164784616,2.099329786
1.461462867,1.983349679
1.389893579,2.001671752
0.392944286,1.972985606
0.305886475,1.994340745
0.484975475,2.090212123
0.484075531,2.270932701
1.392261854,2.423442125
0.948873298,2.437022377
1.109537114,2.34065906
1.68242298,2.211802082
0.790151468,2.105335157
0.691299645,2.030967131
0.43680475,1.854724424
0.334732072,1.812226096
0.262452301,1.787934362
0.291155801,1.773533163
0.217644527,1.789156303
0.18003631,1.789156303
0.473749849,1.840741515
0.712424663,1.951956888
0.267046756,2.114012024
1.575187461,2.268520566
0.345294581,2.258204552
0.329000845,2.159626129
1.204978621,1.984695237
0.746385735,1.85342764
0.31090722,1.722669177
0.775657621,1.631143894
0.685094763,1.643445867
0.737528384,1.755654116
0.891087374,1.914281067
1.115694631,2.014728347
1.196263366,2.03956104
0.465697712,2.062967544
0.770305319,1.991929313
0.549960958,1.897136624
0.515620962,1.662607852
0.447319894,1.607779154
0.676237412,1.592865558
0.530920022,1.620962716
0.333642665,1.670477009
0.467734429,1.79453113
0.237727504,1.987241575
0.599078993,2.059788347
0.514957844,1.983337997
0.562749646,1.770272729
0.53305147,1.59593287
0.392044341,1.485446326
0.584300954,1.421230574
0.821696899,1.410864228
0.52376783,1.411520969
0.322701232,1.428513824
0.364667075,1.473751369
0.808766114,1.629884286
0.941342182,1.783491757
1.085712262,1.914201706
0.603341889,1.923978989
0.641707954,1.929177339
1.121899513,1.855317691
0.887677057,1.763251858
0.728102648,2.127465863
0.609546772,2.072637165
0.275619913,2.054426704
0.263920632,2.094612369
0.406585553,2.13313711
0.207318845,2.263784962
0.302428793,2.470781823
0.601352538,2.580693069
0.402701581,2.524023911
1.672049933,2.357114758
0.42752111,2.198160271
0.247958454,2.063496714
0.683058046,1.984994545
0.717445407,1.953748052
0.435667978,1.933524646
0.272635886,1.916449893
0.461482182,1.946302066
1.01291147,2.059575734
0.79815624,2.197797833
0.469155395,2.341695244
0.614993805,2.37345163
0.834343491,2.400629082
0.455229934,2.326769433
0.563365398,2.217120319
0.425389662,1.34830669
0.520831168,1.293477992
0.487485848,1.282960217
0.28461936,1.30995842
0.330374445,1.361670623
0.344868292,1.485724744
0.500369267,1.665247728
1.043509591,1.729002859
0.28083012,1.653651464
0.434199647,1.436190376
0.529925346,1.273939023
0.799387743,1.17224412
1.644483205,1.121215829
0.732081351,1.111948438
0.324169563,1.11919891
1.009501153,1.13509281
0.481186235,1.18362722
0.648860146,1.337562227
0.482275641,1.488971787
0.713892994,1.611989051
0.68807879,1.607479918
0.711714181,1.614876178
0.264725846,1.537719664
0.827333395,1.459940248
0.762537375,1.509853092
0.453524776,1.459420214
0.780204711,1.444506618
0.398438685,1.472603777
0.401612175,1.524315979
0.409332753,1.651666966
0.440830818,1.831189949
0.402559485,1.893846125
0.508231942,1.810802045
0.643697306,1.582351405
0.402559485,1.405813636
0.744680577,1.299722913
1.283415908,1.242100891
1.008553843,1.236130365
0.938784444,1.243380837
0.785888572,1.269165333
0.30403922,1.325392429
0.195382736,1.493613853
0.2679467,1.650518188
0.380060867,1.780129183
0.99159699,1.778916915
0.47521818,1.784115265
0.601494635,1.705859796
0.523246809,1.624783514
0.34519985,1.34830669
0.46825545,1.293477992
0.630861252,1.282960217
0.313654419,1.30995842
0.287319195,1.361670623
0.614141226,1.485724744
0.368977337,1.665247728
0.539540545,1.729002859
0.319290915,1.653651464
0.834532953,1.436190376
0.800713977,1.273939023
0.573312155,1.17224412
0.457219286,1.121215829
1.305440871,1.111948438
0.921448667,1.11919891
0.462003202,1.13509281
0.314791192,1.18362722
0.445614735,1.337562227
0.365709117,1.488971787
0.645734023,1.611989051
1.810451958,1.607479918
1.41404999,1.614876178
1.151218765,1.537719664
1.456821047,1.459940248
0.564360073,1.238158912
0.442914901,1.164736516
0.496153736,1.147186073
0.28315103,1.147842193
0.327674611,1.172166812
0.687510404,1.196934206
0.653170408,1.246469235
0.431168254,1.332408792
0.456366706,1.469220285
0.270551803,1.512538847
0.5085635,1.417257289
0.332600624,1.281707184
0.994675748,1.203091551
1.591007542,1.225809444
1.345606825,1.213607625
0.489522565,1.253645001
0.758842865,1.357209065
0.734923281,1.551117104
0.250042537,1.692636977
0.793988075,1.683139172
0.50202706,1.560400932
0.190219895,1.416158582
0.806208377,1.306394792
0.748469818,1.263896464
0.490422509,1.064575699
0.311096682,1.036363788
0.184488669,1.010973099
0.416248118,0.99876981
0.252837102,1.013293995
0.462808416,1.006700265
0.48724902,1.048394881
0.605994358,1.134334286
0.332695355,1.306280018
0.561233949,1.45859065
0.381576563,1.475748514
0.451061769,1.411237699
0.492222399,1.275869191
1.382788752,1.148997414
0.615088536,1.021535817
1.009406422,0.924515758
0.449072417,0.926927135
0.663022434,1.032541654
0.702146347,1.170288457
0.601494635,1.250954545
1.831576976,1.250511271
0.558960405,1.258532403
0.539587911,1.191889993
0.683058046,1.121274316
0.36599331,1.193816876
0.437420502,1.139041678
0.537551194,1.117678044
0.347852319,1.149695349
0.267615142,1.205274198
0.327911438,1.355379315
0.405496147,1.585240767
0.544608655,1.669220668
0.691962762,1.578662468
0.413879842,1.347571553
0.740701874,1.185649556
0.461103257,1.104981952
0.362156703,1.049885226
0.256484246,1.033400899
0.783709758,1.025118999
0.582643161,1.037716034
0.442583342,1.066797092
0.344963023,1.256783697
0.985107915,1.394382742
0.264015363,1.529932847
0.585958747,1.47775739
0.831596291,1.494241717
0.74823299,1.400156996
0.362061972,1.326297953
0.496580026,1.513612813
0.485401765,1.463233435
0.326111549,1.438572936
0.517847141,1.470590241
0.509558176,1.52616909
0.508895059,1.682867938
0.371866633,1.909432524
0.34984167,1.995610335
0.675953219,1.892963629
0.873041114,1.640992567
0.719861049,1.452695648
0.366324868,1.354444762
0.355904456,1.285061619
0.568244045,1.275171023
0.444288501,1.274581809
0.442441246,1.300366305
0.68301068,1.344832735
0.374992757,1.560095307
0.680452943,1.713079724
1.527253563,1.866213111
0.868020369,1.814037654
1.268543137,1.834917801
0.622714384,1.733140394
0.555786916,1.655984486
0.54328242,1.193816876
0.218165547,1.139041678
0.428657882,1.117678044
0.448788224,1.149695349
0.321469729,1.205274198
0.463850457,1.355379315
0.652175732,1.585240767
0.651607346,1.669220668
0.699872803,1.578662468
0.562133894,1.347571553
0.33961072,1.185649556
0.165116174,1.104981952
0.756711417,1.049885226
0.60798371,1.033400899
0.398533416,1.025118999
0.353773008,1.037716034
0.751264383,1.066797092
0.660275235,1.256783697
0.412885166,1.394382742
2.94987671,1.529932847
1.440622042,1.47775739
0.871904341,1.494241717
0.626645721,1.400156996
0.552139771,1.326297953
0.405732974,0.726760954
0.778878476,0.681876352
0.192446074,0.667106449
0.607415323,0.694727933
0.312233454,0.743713051
0.25307393,0.897115034
0.621009225,1.126976486
0.581980044,1.212055342
0.806539935,1.142377289
0.311901895,0.939859207
0.411464201,0.802114222
1.238655499,0.745623631
0.928269301,0.711407052
1.322729283,0.69821959
0.298971111,0.676750229
0.451393328,0.661873386
0.542950862,0.670074297
0.638676561,0.832587024
1.300088568,0.942712191
1.048814528,1.06397588
1.173338459,0.997514007
2.525292262,1.017295199
0.590695298,0.929804209
0.839364235,0.865835762
0.330895466,0.400371286
0.322180211,0.355486684
0.359788428,0.330826185
0.550197785,0.351853939
0.36324611,0.397542192
0.698783396,0.554241039
0.485401765,0.793993087
1.347548811,0.905446866
0.664538131,0.862143736
0.38541317,0.692594307
0.555123798,0.591114841
1.147003234,0.547811711
1.532084845,0.530079459
0.617646274,0.526782593
0.574780486,0.495422636
0.778925842,0.467358332
0.422074076,0.452481186
0.58856385,0.58861899
0.39564412,0.6756661
1.006517126,0.773851731
1.021958283,0.697499262
0.825154581,0.704092993
0.479481076,0.616602002
0.628019321,0.546039825
0.39564412,0.797483783
0.355004511,0.729132108
0.316448984,0.706414821
0.491085626,0.702675135
0.70010963,0.720406024
0.472944635,0.740629884
0.34932065,0.766644036
0.36883524,0.867402871
0.470955284,1.087816092
0.694709962,1.23027027
0.824728292,1.178768351
1.227714066,1.043873319
0.27945652,0.986137833
0.463376802,1.019994248
0.741601818,0.998524281
0.328764017,1.022847233
0.868446659,1.1329724
0.318059412,1.319009187
0.988470866,1.405612416
1.467430921,1.315184724
0.913728088,1.107597284
0.80838719,0.923531783
1.757165757,0.82036142
0.939400196,0.811274565
1.242302644,1.256859914
0.399670189,1.225498744
0.259278812,1.196188029
0.438509908,1.173323287
0.442962266,1.18196717
0.31786995,1.167533147
0.336105672,1.201387592
0.409759043,1.324568197
0.709724829,1.531942927
0.62053557,1.747747619
0.676663702,1.734789814
1.217056826,1.65412221
1.225914177,1.47358323
1.213362316,1.355175557
1.712642176,1.197925828
0.671311399,1.085078184
0.917375233,1.082798073
0.665769634,1.225744438
0.317348929,1.402545703
0.313133399,1.47537165
0.273914755,1.485917321
0.612578164,1.486721365
0.494069654,1.416158582
0.500606094,1.326512258
0.689215562,1.666367573
0.469676415,1.611592375
0.35903058,1.586931876
0.343163133,1.618949181
0.578901285,1.672330119
0.650186381,1.825732102
0.28040383,2.06548415
0.472565711,2.161552557
0.636024093,2.065499581
0.677516281,1.828913891
0.877777665,1.642814882
1.241355334,1.540168176
2.588619952,1.464191302
1.191811008,1.449904886
0.415442904,1.442721941
0.544892848,1.459714796
0.61546746,1.493191675
0.639150216,1.696365741
1.238466037,1.846053292
0.776841759,2.000285634
0.4525301,1.959099729
0.390197086,1.979979876
0.716024442,1.882598289
0.675053274,1.79445283
0.367603737,1.968580228
0.393370576,1.917101896
0.694946789,1.893540352
0.815918306,1.929953477
0.510173928,1.972344864
0.662596145,2.138934308
0.291676822,2.381983221
0.679600363,2.509921327
0.683200142,2.422659992
0.463992554,2.211350269
0.690778624,2.041735587
0.647676009,1.922604554
0.564928459,1.830143354
0.973882288,1.809263207
0.507900383,1.78449698
0.79308813,1.778411778
0.323648542,1.799800151
1.004669871,1.976599294
1.290426004,2.12518789
1.017411194,2.283816053
0.960667311,2.258015519
0.761116409,2.289885217
0.428942075,2.199097361
0.76026383,2.09336862
0.68575788,1.666367573
0.638202906,1.611592375
0.638392368,1.586931876
0.416721773,1.618949181
0.346905009,1.672330119
0.511594893,1.825732102
0.447698818,2.06548415
0.427000089,2.161552557
0.281019582,2.065499581
0.54465602,1.828913891
0.415727097,1.642814882
0.687984059,1.540168176
1.190342677,1.464191302
0.293666173,1.449904886
0.950294264,1.442721941
0.412695704,1.459714796
1.999629812,1.493191675
0.819281258,1.696365741
0.739233543,1.846053292
0.803887466,2.000285634
0.65061267,1.959099729
0.280782754,1.979979876
0.82823334,1.882598289
0.582453699,1.79445283
0.255821129,1.819122333
0.537977483,1.76105027
0.636071458,1.740785591
0.326632569,1.769506031
0.553702833,1.826183835
0.776604932,1.982882683
0.37707684,2.222634731
0.161895319,2.331890599
0.428563151,2.239134489
0.783188738,2.021231035
0.525046698,1.838428891
0.226549243,1.728089499
0.723366096,1.643320985
0.571370169,1.625737703
0.646255043,1.608664163
0.918796198,1.619063287
1.121710051,1.64704539
0.47796538,1.833735129
0.328811383,1.984521636
1.075007656,2.139852933
0.537740656,2.101963893
0.739944026,2.137130457
0.839932621,2.038649915
0.93144279,1.943910725
0.323506446,1.819122333
0.496390564,1.76105027
0.627735128,1.740785591
0.279361789,1.769506031
0.154979955,1.826183835
0.771157898,1.982882683
0.40578034,2.222634731
0.759932272,2.331890599
0.39142859,2.239134489
1.050567052,2.021231035
0.379160922,1.838428891
0.332600624,1.728089499
0.938500251,1.643320985
0.336200403,1.625737703
1.259733152,1.608664163
0.619114605,1.619063287
0.67974246,1.64704539
1.13184627,1.833735129
1.256180739,1.984521636
1.570498275,2.139852933
1.213599144,2.101963893
0.876830355,2.137130457
0.399054437,2.038649915
0.881282713,1.943910725
0.669795703,1.099696439
0.359172676,1.032443718
0.521162726,1.0031327
0.363861862,1.00268988
0.344015712,1.027014499
0.56218126,1.043941494
0.43869937,1.069955647
0.591595243,1.169615526
0.774047194,1.376841286
0.650991594,1.501712182
0.524762505,1.432626981
0.553087081,1.277950758
0.447793549,1.209225721
0.835480263,1.243082136
0.59140578,1.229304854
0.811750141,1.273408998
0.810376542,1.393424761
0.712661491,1.59704483
0.835953918,1.703429251
1.091822413,1.627287975
0.723745021,1.422997401
0.479907366,1.238931899
0.660606793,1.129167806
0.530114808,1.113487221
0.391712783,0.789803992
0.478060111,0.768333418
0.37759786,0.745616434
0.473891946,0.718355872
0.656154435,0.720406024
0.164831981,0.709268866
0.567391466,0.743123311
0.542193014,0.867402871
0.340463299,1.095657749
1.584518467,1.340035273
0.743543804,1.351254481
0.638723927,1.294763889
0.569286086,1.135105056
0.63256641,1.019994248
0.352067849,0.849557058
0.539445814,0.709235536
0.837753807,0.686075278
0.543613979,0.801547765
0.348704898,0.950875153
0.732176082,1.009414684
0.435478516,1.005673937
0.392565362,1.009774848
0.37485066,0.945805795
0.418426931,0.866050066
0.51964703,0.575105149
0.315880598,0.530220547
0.346526084,0.522044374
0.387118328,0.549665859
0.64829176,0.595354112
0.584537781,0.748756094
0.392944286,0.972023815
0.440404529,1.066993267
0.200735039,1.00061208
0.47109738,0.807984594
0.251131944,0.686723936
1.316713863,0.63353021
0.24568491,0.602610496
1.305488237,0.5927199
0.566728349,0.561359943
0.361540952,0.5464831
0.259231446,0.544793415
0.789725178,0.697415546
0.611962413,0.797650117
0.799056184,0.90902321
0.478202207,0.849155067
0.912259758,0.862342529
0.279124961,0.774851538
0.48080731,0.717476822
0.497716798,1.513612813
0.451819617,1.463233435
0.394175789,1.438572936
0.236543366,1.470590241
0.448882955,1.52616909
0.436852115,1.682867938
0.617646274,1.909432524
0.476923338,1.995610335
0.561518143,1.892963629
0.987428825,1.640992567
0.641850051,1.452695648
0.415679732,1.354444762
0.417432256,1.285061619
0.740749239,1.275171023
0.773905098,1.274581809
0.431310351,1.300366305
0.56819668,1.344832735
0.729570978,1.560095307
1.166707287,1.713079724
0.884787761,1.866213111
0.267662507,1.814037654
0.816155134,1.834917801
0.729334151,1.733140394
0.674437523,1.655984486
0.298355359,2.131225585
0.519694396,2.076450387
0.313891247,2.048493022
0.24937942,2.092598833
0.38086608,2.134990221
0.360546276,2.294985934
0.461150623,2.549024398
0.481896717,2.682457279
0.495680081,2.606185496
0.338000292,2.41575592
0.410611622,2.245042282
0.716877021,2.118218563
0.478675862,2.027955274
1.465631032,1.99278871
0.382950163,1.964725618
0.498048357,1.947650865
0.392849555,1.965742372
0.827191298,2.126057189
2.422603833,2.260359368
0.827049202,2.427779172
1.183758871,2.408572369
0.330563907,2.451431618
0.671642958,2.354050031
0.594674001,2.248321291
0.517705044,2.131225585
0.246490123,2.076450387
0.331037562,2.048493022
0.323695908,2.092598833
0.204761108,2.134990221
0.718108525,2.294985934
0.265010039,2.549024398
0.60661011,2.682457279
0.445283177,2.606185496
0.989939197,2.41575592
0.533619856,2.245042282
0.582453699,2.118218563
0.399575458,2.027955274
0.629440286,1.99278871
0.636450382,1.964725618
0.442157053,1.947650865
1.034273316,1.965742372
0.578285534,2.126057189
0.283766781,2.260359368
0.455656224,2.427779172
0.71119316,2.408572369
0.987713018,2.451431618
0.820702223,2.354050031
1.34323855,2.248321291
0.917801522,1.968580228
0.387591983,1.917101896
0.609357309,1.893540352
0.3048918,1.929953477
0.300913097,1.972344864
0.53494609,2.138934308
0.37527695,2.381983221
0.305081262,2.509921327
0.270599169,2.422659992
1.496797539,2.211350269
0.548018972,2.041735587
0.723413462,1.922604554
2.089055899,1.830143354
1.1169735,1.809263207
0.951762594,1.78449698
0.801803384,1.778411778
0.702098982,1.799800151
1.085143876,1.976599294
3.026940398,2.12518789
0.646728698,2.283816053
0.402322657,2.258015519
0.489285737,2.289885217
0.28083012,2.199097361
0.248290013,2.09336862
0.28461936,1.737090402
0.420700476,1.658848131
0.680026653,1.626240248
0.277846092,1.626896383
0.500085074,1.649023092
0.355004511,1.669246952
0.478249573,1.7051517
0.396544065,1.816900086
0.700772747,2.010938385
1.147476889,2.119324954
0.560760294,2.01946901
0.669606241,1.838417864
0.93144279,1.738922084
2.030606857,1.771679544
2.436955583,1.764495993
0.495869543,1.820688643
0.36135149,1.956089778
1.112568507,2.182787903
0.830222691,2.308953516
0.723792386,2.251494478
1.192805684,2.069183006
1.551741533,1.886216459
2.045195435,1.7731555
0.723176634,1.739891633
0.557255246,2.031623266
0.253831778,2.003558962
0.458687616,1.972050337
0.413927208,1.953581415
0.468492277,1.949037837
0.226786071,1.95108814
0.503826949,1.998130046
0.348089146,2.165268856
0.255158012,2.375940452
0.701293768,2.611526336
0.301481483,2.590875845
2.02255472,2.471744812
1.43863269,2.253841358
0.601257807,2.131037865
0.775183966,1.957303809
0.400664864,1.825773928
0.424963372,1.815801131
0.39427052,1.945560035
0.374708564,2.133350851
0.412174684,2.229254856
0.409948505,2.266175449
0.607178496,2.282364865
0.436425826,2.215098947
0.821081147,2.093582924
0.401801637,2.131225585
0.441920225,2.076450387
0.602820869,2.048493022
0.430078847,2.092598833
0.409569581,2.134990221
0.451440693,2.294985934
0.788114751,2.549024398
0.418048007,2.682457279
0.547213758,2.606185496
1.269016792,2.41575592
0.343399961,2.245042282
0.240948359,2.118218563
0.328811383,2.027955274
0.632755872,1.99278871
0.346383988,1.964725618
0.581364292,1.947650865
0.509889735,1.965742372
1.254570311,2.126057189
1.182574733,2.260359368
0.534093511,2.427779172
0.380629253,2.408572369
0.541482531,2.451431618
0.704846181,2.354050031
0.914628033,2.248321291
0.793845978,2.131225585
0.428089496,2.076450387
0.695941465,2.048493022
0.50941608,2.092598833
0.774236656,2.134990221
0.437657329,2.294985934
0.377787322,2.549024398
0.317112102,2.682457279
0.58624294,2.606185496
1.167607232,2.41575592
0.567865121,2.245042282
0.487627944,2.118218563
1.248839084,2.027955274
0.35164156,1.99278871
0.312186088,1.964725618
0.444667425,1.947650865
0.625224756,1.965742372
0.38868139,2.126057189
0.167768643,2.260359368
0.503448025,2.427779172
2.00270857,2.408572369
0.537977483,2.451431618
0.873372672,2.354050031
0.893503015,2.248321291
0.594200346,2.131225585
0.217739258,2.076450387
0.392423265,2.048493022
0.400901692,2.092598833
0.264204825,2.134990221
0.396449334,2.294985934
0.415442904,2.549024398
0.192446074,2.682457279
0.130776178,2.606185496
1.590581252,2.41575592
0.661175179,2.245042282
0.532672546,2.118218563
0.799056184,2.027955274
0.446562045,1.99278871
0.560665563,1.964725618
0.417337525,1.947650865
0.282345816,1.965742372
0.403554161,2.126057189
1.156192143,2.260359368
0.790198834,2.427779172
0.518083968,2.408572369
0.781199386,2.451431618
0.986576246,2.354050031
0.649949553,2.248321291
0.57515941,2.291673031
0.56914399,2.236897833
0.541435166,2.213336289
0.441209743,2.256343145
0.274056851,2.295437667
0.411558932,2.4598292
0.344205174,2.713867665
0.259278812,2.865982782
0.429747289,2.806195326
1.319318966,2.614666795
0.936842458,2.453843753
0.795787964,2.322624214
0.362109338,2.220272418
0.691204914,2.184006899
0.527651802,2.142756346
0.251747695,2.121285773
0.648623319,2.130585639
0.460203313,2.272218218
0.484407089,2.407619353
0.790246199,2.579434977
0.183115069,2.565722949
0.665343344,2.616274885
0.404027816,2.522190163
0.622193363,2.401076051
0.363151379,2.476297489
0.280119637,2.421522291
0.32208548,2.396861792
0.531156849,2.442066558
0.568954528,2.484457946
0.506953073,2.648849479
0.475928663,2.906184809
0.516047251,3.053904106
0.751832769,2.990819784
0.630482328,2.799291253
0.863189087,2.621983885
0.203434873,2.489665391
0.382618604,2.376324044
0.381860756,2.340058525
0.46508196,2.293313196
0.399196534,2.272941578
0.517041927,2.285538309
0.203434873,2.439259395
0.474176139,2.575759485
0.429652558,2.755267795
1.100253474,2.749248453
0.423684503,2.804196208
0.812460624,2.706814622
0.500037708,2.584601554
0.444620059,2.901982819
0.701956885,2.816047862
0.3622988,2.788934754
0.650517939,2.802778351
0.303423469,2.806222823
0.385460535,2.8407331
0.482086179,2.895320085
0.3267273,3.081797418
0.731655061,3.31100228
1.090448813,3.489721977
0.536698614,3.411845134
0.539208986,3.186835784
1.248175967,3.054371351
0.740796605,3.060753888
0.813597396,3.006315267
0.413927208,3.010857027
0.371866633,3.114388464
1.388946268,3.274050328
0.835338166,3.380434749
0.69134701,3.348251677
0.388349831,3.203304679
0.228064939,3.055504696
0.356757035,2.952334333
0.455845686,2.874013307
0.620251377,3.075630621
0.634839955,3.036576765
0.282772106,3.008365006
0.657764863,2.99539086
0.451914348,2.987550416
0.660227869,2.987402809
0.511973817,3.053126952
0.508468769,3.255432325
0.498616743,3.496874664
0.367177448,3.776418752
2.805032975,3.763460947
4.324423863,3.626746633
1.745134917,3.395655718
1.939854536,3.256367897
0.460345409,3.057357874
0.826622912,2.900552026
2.635559174,2.864204306
0.531772601,2.948906051
0.244832331,3.119113585
3.17888896,3.232600871
0.856368454,3.284906836
0.551997675,3.321976399
0.890376891,3.259106302
0.624372177,3.115611177
0.452956389,3.196113086
0.441967591,3.138041023
0.48587542,3.114479479
0.362630358,3.153090515
0.487106923,3.195481902
0.292529401,3.359873436
0.333121645,3.621604586
0.543045593,3.782511344
0.526515029,3.728218663
0.653928256,3.560867144
0.592495187,3.405538878
0.704561988,3.275418294
0.867736176,3.171967543
1.364695126,3.130207249
0.544608655,3.08346192
0.244500772,3.048803885
0.559670888,3.043817335
1.358679706,3.176658274
1.322871379,3.304366723
1.301698996,3.478380257
0.864373225,3.467965095
0.694473134,3.51412121
0.812886914,3.427729174
0.665959096,3.303318196
0.773052518,3.196113086
0.700867478,3.138041023
0.276377761,3.114479479
0.33179541,3.153090515
0.353251987,3.195481902
0.446041025,3.359873436
0.493074978,3.621604586
0.31649635,3.782511344
0.286087691,3.728218663
1.582102826,3.560867144
0.513157955,3.405538878
0.618025198,3.275418294
0.438273081,3.171967543
0.569475549,3.130207249
0.315028019,3.08346192
0.665485441,3.048803885
0.780583635,3.043817335
1.344091129,3.176658274
1.004480409,3.304366723
0.461387451,3.478380257
1.133267236,3.467965095
2.951202945,3.51412121
1.680054704,3.427729174
0.486585903,3.303318196
0.518557623,4.240120441
0.620819763,4.177652557
0.359172676,4.154091013
0.397633472,4.214681151
0.403601526,4.253775673
0.301102559,4.418167207
0.146501528,4.689788953
0.440451894,4.855091532
0.837990635,4.795304075
0.648481222,4.616963005
0.734402261,4.429765041
0.593774056,4.257884163
0.696036196,4.124761624
0.51363161,4.076407599
0.387591983,4.024167495
0.223707312,3.98950946
0.699114954,3.994413506
0.349415381,4.131650265
0.556213205,4.279139906
0.845048096,4.478429408
1.168317714,4.497686033
0.767794946,4.56582125
0.842632455,4.471736528
0.78295191,4.333039135
0.500463998,4.024725239
0.320143494,3.962257356
0.493974923,3.943091632
0.557207881,3.990494309
0.542098283,4.029588831
0.412411511,4.193980364
0.246016468,4.464503155
0.45158279,4.629805734
0.568101949,4.571117233
0.583401009,4.393875118
0.441399205,4.211072974
0.467023946,4.052379557
0.734591723,3.929147614
1.173480555,3.880793589
0.483412414,3.82965244
1.104184811,3.79389545
0.378639901,3.795502631
0.637350327,3.93273939
0.644360423,4.074734255
0.301860407,4.265232116
1.160928695,4.282290832
1.304114637,4.346030228
0.296460738,4.251945506
0.553181812,4.114347068
0.502311253,4.240120441
0.338521313,4.177652557
0.382855432,4.154091013
0.307638999,4.214681151
0.586858691,4.253775673
0.556023743,4.418167207
0.642892092,4.689788953
0.429652558,4.855091532
0.263399611,4.795304075
1.274274364,4.616963005
0.460724333,4.429765041
0.227875477,4.257884163
3.542182435,4.124761624
0.827049202,4.076407599
0.817339272,4.024167495
0.40345943,3.98950946
0.52608874,3.994413506
1.149987261,4.131650265
1.988735744,4.279139906
1.064397781,4.478429408
0.931821714,4.497686033
0.604526027,4.56582125
0.933811065,4.471736528
0.802703329,4.333039135
0.455229934,4.095448069
0.535467111,4.009513111
0.618830412,3.982400004
0.378639901,3.998441511
0.575490969,4.006281803
0.184015013,4.037495214
0.476354952,4.104170706
0.349983767,4.285153263
0.537219635,4.516556036
0.966398538,4.684286181
0.678037302,4.587727102
0.294234559,4.350629246
1.076665449,4.203878396
0.961661986,4.202568247
0.459208637,4.151426492
0.589890084,4.154869297
0.582311602,4.258400733
2.641243035,4.419161552
0.39744401,4.53763448
3.574248887,4.51644096
1.614642932,4.392374108
2.424451088,4.252266811
1.411965907,4.142502717
1.295730941,4.059785871
0.531535774,3.460264909
0.266809928,3.421211054
0.479149518,3.389702429
0.272541155,3.381124104
0.190977744,3.37328366
0.300534172,3.373136053
0.437325771,3.443256016
0.397112451,3.642264524
1.319508428,3.882607908
0.627687763,4.165448861
0.814734169,4.150293146
0.513489514,4.011380921
1.061366389,3.778092096
0.663353993,3.637705321
0.545745427,3.437596342
0.775941815,3.280790494
0.702762099,3.245541729
0.426242241,3.331342429
0.386976232,3.494956233
0.651607346,3.610641429
0.4826072,3.668442169
0.801234998,3.711006508
0.987807749,3.640443725
0.614188592,3.495849645
0.213665824,2.648833441
0.498379915,2.586365558
0.616604233,2.569397744
0.340321202,2.614602511
0.394933637,2.653697033
0.468397546,2.818088566
0.277846092,3.083116582
0.177099649,3.246221251
0.380534522,3.189730659
0.963935531,3.019082275
0.52144692,2.845071772
1.379188973,2.696268951
0.702620002,2.58842238
0.881566906,2.54116731
1.082207214,2.487828251
2.012181673,2.456467081
0.794935385,2.458074262
0.967393213,2.597508931
0.885829802,2.726316335
0.719576855,2.912418376
1.114652589,2.914091719
0.886635016,2.969039475
0.432068199,2.879350574
0.357088594,2.746147956
0.541435166,3.012587583
0.314222805,2.950119699
0.22351785,2.929855021
0.615325364,2.971762921
0.308254751,3.010857444
0.558297288,3.175248977
0.438841467,3.436980127
0.553750199,3.600084796
0.817339272,3.543594205
0.084026418,3.376242686
0.881235347,3.214320689
0.61357284,3.077606375
0.121776731,2.971957713
0.3882551,2.93459324
0.553750199,2.884551046
0.321280267,2.853189876
0.787404268,2.848203326
0.478012745,2.979945309
0.470528994,3.110950624
1.689811999,3.287162068
0.664253938,3.276746906
0.731702426,3.329496751
0.662406683,3.243104715
0.673916502,3.115396873
0.559055136,3.196113086
0.472328884,3.138041023
0.477586456,3.114479479
0.307875827,3.153090515
0.368503682,3.195481902
0.632519045,3.359873436
0.194340695,3.621604586
0.631240176,3.782511344
0.27713561,3.728218663
1.449005737,3.560867144
0.406348726,3.405538878
0.502453349,3.275418294
1.260775193,3.171967543
0.67183242,3.130207249
0.218260278,3.08346192
0.256152688,3.048803885
0.624466908,3.043817335
0.719766318,3.176658274
0.726397489,3.304366723
0.580416982,3.478380257
1.198726373,3.467965095
0.648007567,3.51412121
0.432920778,3.427729174
0.747001487,3.303318196
0.801329729,3.012587583
0.299018476,2.950119699
0.402275292,2.929855021
0.494874867,2.971762921
0.512447472,3.010857444
0.701625326,3.175248977
0.296697566,3.436980127
0.836380208,3.600084796
0.91846464,3.543594205
0.543850807,3.376242686
0.364667075,3.214320689
0.731891889,3.077606375
2.457370118,2.971957713
0.726444855,2.93459324
0.689357659,2.884551046
0.468065988,2.853189876
0.90136569,2.848203326
0.755811472,2.979945309
0.51869972,3.110950624
0.80374537,3.287162068
0.611157199,3.276746906
1.196263366,3.329496751
0.908517882,3.243104715
0.483743972,3.115396873
0.393702134,2.648833441
0.612483433,2.586365558
0.707403919,2.569397744
0.944136747,2.614602511
0.42941573,2.653697033
0.519978589,2.818088566
0.367793199,3.083116582
0.611867682,3.246221251
0.371392978,3.189730659
0.2748147,3.019082275
1.117589251,2.845071772
1.485145623,2.696268951
0.889571677,2.58842238
0.891418932,2.54116731
0.749559224,2.487828251
0.500132439,2.456467081
0.975066426,2.458074262
0.815728844,2.597508931
0.522062671,2.726316335
0.256910536,2.912418376
0.607794248,2.914091719
0.720997821,2.969039475
0.804076929,2.879350574
0.53579867,2.746147956
0.510600217,2.547020319
0.709582732,2.468778047
0.384134301,2.436170164
0.239811586,2.45001376
1.082491407,2.461150918
0.416627042,2.49236433
0.484643917,2.54585236
0.436994212,2.709251636
0.503969046,2.936258587
0.700725382,3.089702316
0.65705438,2.998638013
0.273062176,2.787915079
0.663401358,2.651054825
0.473891946,2.661833183
0.483317683,2.615087248
1.19242676,2.633915424
1.538005534,2.748436412
1.021531993,2.925681558
0.906339069,3.038659709
1.14757162,3.006476638
1.142977166,2.85933173
4.532784749,2.710432792
1.947669846,2.597371833
1.870890351,2.530040358
1.134782932,2.031623266
0.366656427,2.003558962
0.353630911,1.972050337
0.501411308,1.953581415
0.42846842,1.949037837
0.196093219,1.95108814
0.543187689,1.998130046
0.746669928,2.165268856
0.236401269,2.375940452
1.826414136,2.611526336
0.572933231,2.590875845
1.591291735,2.471744812
1.551362608,2.253841358
1.144777055,2.131037865
0.880619596,1.957303809
0.719671586,1.825773928
0.669558875,1.815801131
2.052584454,1.945560035
1.979357373,2.133350851
0.716166539,2.229254856
0.614235957,2.266175449
0.486064882,2.282364865
0.888292809,2.215098947
0.441209743,2.093582924
0.319148819,2.291673031
0.530872656,2.236897833
0.58813756,2.213336289
0.405306685,2.256343145
0.561565508,2.295437667
0.364903903,2.4598292
0.380629253,2.713867665
0.433773357,2.865982782
0.681494984,2.806195326
0.628919266,2.614666795
0.820465396,2.453843753
0.424821275,2.322624214
0.380013501,2.220272418
0.244121848,2.184006899
0.634508396,2.142756346
0.353630911,2.121285773
2.647447917,2.130585639
1.390982985,2.272218218
1.510344075,2.407619353
1.649456583,2.579434977
0.690589162,2.565722949
0.542382476,2.616274885
1.195931808,2.522190163
0.39796503,2.401076051
0.592589918,3.601627522
0.51922074,3.539159638
0.332126969,3.515598094
0.287840215,3.561901816
0.539256352,3.600996338
0.481754621,3.769783692
0.290587415,4.035910662
0.413311456,4.196817421
0.571275438,4.138128919
1.272048185,3.969678445
0.516663003,3.797865853
0.604715489,3.653458852
1.786058719,3.544513326
0.865036342,3.493961391
0.343778885,3.446117107
0.67045882,3.411459072
0.825249312,3.415264163
0.639623872,3.552500922
0.581932678,3.681308326
0.685094763,3.864113501
0.499611419,3.86468789
0.673537578,3.926229376
0.677989936,3.824451969
0.828470167,3.700040991
0.380487156,3.601627522
0.574827851,3.539159638
0.68481057,3.515598094
0.565307383,3.561901816
0.472234153,3.600996338
0.287698119,3.769783692
0.483696607,4.035910662
0.708919615,4.196817421
0.38086608,4.138128919
1.663382044,3.969678445
0.599600014,3.797865853
0.524383581,3.653458852
0.864041666,3.544513326
0.617835736,3.493961391
0.553608102,3.446117107
0.563602225,3.411459072
0.292766229,3.415264163
0.551571385,3.552500922
0.227022898,3.681308326
0.628208783,3.864113501
0.93144279,3.86468789
1.306056623,3.926229376
0.651228422,3.824451969
0.378497805,3.700040991
0.25454226,3.397221871
0.381150274,3.334753988
0.678463591,3.311192444
0.609120482,3.357496165
0.540772048,3.396590687
0.533240932,3.560982221
0.36187251,3.827109191
0.444809521,3.986916995
0.551666116,3.929327448
1.406282046,3.765272795
0.460392775,3.601152888
0.185767537,3.462240663
0.503211198,3.354394092
0.339894913,3.315930663
0.721613572,3.264789514
1.605075099,3.233428344
0.681826543,3.229540749
0.761826892,3.362381688
0.824207271,3.486793271
0.558155191,3.665202626
1.282942253,3.660282239
0.713892994,3.71852686
1.109347652,3.624442139
0.555881647,3.495635341
0.206134707,3.807132128
0.389202411,3.75235693
0.303707662,3.724399565
0.393181114,3.776198062
0.432352392,3.810896764
0.490754068,3.976387252
0.246016468,4.250206909
0.502358618,4.411113667
0.636213555,4.352425166
0.913301799,4.175183051
0.280072271,4.006667323
0.185483344,3.853468682
0.507000438,3.73463256
0.789962006,3.68298167
1.170354431,3.632939476
0.806397839,3.601578306
0.65430718,3.600987576
1.492297815,3.73492747
1.021437262,3.87582338
1.625063345,4.065222286
0.692057493,4.073489361
0.485259669,4.132832937
1.17996963,4.038748215
0.770968436,3.904446642
0.616793695,3.467944701
0.458877078,3.382009743
0.308775772,3.350500816
0.468065988,3.365443367
0.735586398,3.37328366
0.508137211,3.404497071
0.260084025,3.466776742
0.371156151,3.642264524
0.545319138,3.874766251
1.978978449,4.055683858
0.70053592,3.977807016
0.536698614,3.760490352
0.658712173,3.629124873
1.445358593,3.637705321
0.693810017,3.586563565
1.000643803,3.594402191
0.362582993,3.692438852
1.060608541,3.84880385
1.719273348,3.949693496
0.635597803,3.916411469
0.589984815,3.770365516
0.711761546,3.624763443
0.467639698,3.51499935
0.37106142,3.441074144
0.441920225,3.870175165
0.262736494,3.838813996
0.564312708,3.802909551
0.313086033,3.799826
0.563507494,3.787589736
0.726255393,3.788541085
0.269557128,3.866353734
0.450493383,4.066461197
0.528172822,4.305705625
0.809618693,4.575359117
0.624324811,4.555807582
0.929548169,4.402608941
0.555929012,4.158330564
1.360479596,4.004756327
0.458640251,3.805746304
0.719813683,3.648940456
0.28229845,3.616988556
0.467402871,3.703888211
0.654544008,3.883986342
0.862857529,4.010661089
0.806682032,4.081649291
1.081591462,4.125312585
0.71308778,4.054749802
0.52978325,3.904660946
0.337242444,3.012587583
0.536982807,2.950119699
0.406064533,2.929855021
0.224323064,2.971762921
0.229438539,3.010857444
0.504963721,3.175248977
0.432826047,3.436980127
0.443388556,3.600084796
0.516331444,3.543594205
0.948399643,3.376242686
0.211392279,3.214320689
0.52523616,3.077606375
1.140514159,2.971957713
0.914438571,2.93459324
0.281540602,2.884551046
0.285566671,2.853189876
0.653833525,2.848203326
0.856368454,2.979945309
1.223593267,3.110950624
0.641423761,3.287162068
1.064681975,3.276746906
0.918701467,3.329496751
1.038867771,3.243104715
0.995670424,3.115396873
0.851300344,3.601627522
0.319859301,3.539159638
0.230291118,3.515598094
0.247295337,3.561901816
0.359172676,3.600996338
0.464276747,3.769783692
0.2720675,4.035910662
0.219349685,4.196817421
0.361825145,4.138128919
1.343949032,3.969678445
0.59415298,3.797865853
0.529499057,3.653458852
0.464797767,3.544513326
0.706314512,3.493961391
0.298781649,3.446117107
2.475937399,3.411459072
1.854786077,3.415264163
0.876972451,3.552500922
1.149513606,3.681308326
0.802324405,3.864113501
1.34608048,3.86468789
0.605899627,3.926229376
0.714035091,3.824451969
0.594674001,3.700040991
0.34150534,3.012587583
0.542477207,2.950119699
0.451914348,2.929855021
0.471192112,2.971762921
0.509131886,3.010857444
0.263020687,3.175248977
0.334874169,3.436980127
0.360072621,3.600084796
0.519931223,3.543594205
1.885289467,3.376242686
0.35164156,3.214320689
0.768694891,3.077606375
0.701767423,2.971957713
0.260652412,2.93459324
0.91107562,2.884551046
0.48587542,2.853189876
1.521096046,2.848203326
0.754769431,2.979945309
0.78527282,3.110950624
1.589539211,3.287162068
0.736154785,3.276746906
1.03001042,3.329496751
0.811087024,3.243104715
0.463897823,3.115396873
0.664774958,2.648833441
0.330990197,2.586365558
0.532056794,2.569397744
0.306075937,2.614602511
0.315880598,2.653697033
0.394033693,2.818088566
0.231001601,3.083116582
0.405827705,3.246221251
0.342263188,3.189730659
0.380439791,3.019082275
0.809571328,2.845071772
0.466692388,2.696268951
1.685833296,2.58842238
0.464987229,2.54116731
0.490233047,2.487828251
0.599600014,2.456467081
1.351385418,2.458074262
0.6945205,2.597508931
0.971182454,2.726316335
1.25395456,2.912418376
0.501363943,2.914091719
1.378667952,2.969039475
2.010144956,2.879350574
3.855173737,2.746147956
0.895113442,3.083310412
0.51225801,2.997375455
0.369072068,2.969163392
0.297834338,2.979710123
0.433678626,2.987550416
0.382997529,3.018763827
0.502879639,3.076647678
0.442157053,3.255432325
0.629392921,3.489033008
1.287820901,3.666653749
1.613790353,3.590974817
3.59300563,3.375856063
2.766998469,3.246688495
0.839316869,3.256367897
0.592874111,3.206325097
0.510268659,3.214163722
0.39564412,3.311101428
0.378924095,3.466367472
0.429368365,3.573850848
0.842679821,3.538370912
0.229628001,3.386830183
0.661885662,3.235733334
0.430078847,3.133661926
0.551145095,3.060835676
3.444893674,3.460264909
0.569191355,3.421211054
0.297692242,3.389702429
0.226596609,3.381124104
0.401375347,3.37328366
0.337100348,3.373136053
0.41316936,3.443256016
0.454377355,3.642264524
1.598822851,3.882607908
2.023028375,4.165448861
2.522308235,4.150293146
1.841713196,4.011380921
1.615590242,3.778092096
0.951904691,3.637705321
1.479935417,3.437596342
0.823970443,3.280790494
0.970566703,3.245541729
0.807108321,3.331342429
1.208010013,3.494956233
0.463660995,3.610641429
0.789819909,3.668442169
0.827664953,3.711006508
0.575775162,3.640443725
0.347852319,3.495849645
0.515194672,4.087768277
0.258710426,4.048714422
0.304370779,4.021601617
0.305223358,4.014122247
0.391475955,4.006281803
0.402370023,4.006134196
0.620488205,4.08064998
0.451345962,4.285153263
0.576959299,4.524397692
1.352853748,4.794051184
0.566349425,4.760213232
1.595223072,4.601519816
2.753594029,4.352845619
1.516548957,4.202568247
0.691252279,4.002459269
0.612341337,3.8412576
1.216346343,3.811503611
1.032426061,3.901700131
1.13596707,4.082897216
0.907617937,4.210670919
0.827996512,4.290450762
0.792851302,4.338509876
1.11792081,4.267947093
0.83846429,4.114561372
0.583732568,3.397221871
0.421458324,3.334753988
0.374945392,3.311192444
0.438652005,3.357496165
0.110503739,3.396590687
0.62602997,3.560982221
0.666574848,3.827109191
0.591737339,3.986916995
0.401185885,3.929327448
0.818902334,3.765272795
0.533761953,3.601152888
0.437278405,3.462240663
2.20069641,3.354394092
2.030654222,3.315930663
0.465650347,3.264789514
0.534614532,3.233428344
0.43637846,3.229540749
0.959767366,3.362381688
1.316903325,3.486793271
0.925237908,3.665202626
1.138003787,3.660282239
0.594342442,3.71852686
1.096748426,3.624442139
0.993396879,3.495635341
0.519931223,3.012587583
0.402180561,2.950119699
0.650944229,2.929855021
0.356946497,2.971762921
0.669274682,3.010857444
0.624466908,3.175248977
0.362014607,3.436980127
0.579232844,3.600084796
0.550860902,3.543594205
1.243723609,3.376242686
0.58022752,3.214320689
0.921874956,3.077606375
1.026505372,2.971957713
1.637804667,2.93459324
0.71076687,2.884551046
0.145175294,2.853189876
1.240881678,2.848203326
2.162851366,2.979945309
1.749066255,3.110950624
1.788190167,3.287162068
0.497148412,3.276746906
0.467213409,3.329496751
0.815255189,3.243104715
0.962419835,3.115396873
0.524573043,3.012587583
0.353915104,2.950119699
0.21750243,2.929855021
0.565970501,2.971762921
0.607652151,3.010857444
0.614378054,3.175248977
0.157490327,3.436980127
0.377692591,3.600084796
0.522583692,3.543594205
0.925664197,3.376242686
0.295134504,3.214320689
0.665248613,3.077606375
0.586621864,2.971957713
0.323980101,2.93459324
0.766373981,2.884551046
0.322985425,2.853189876
0.5085635,2.848203326
0.491606647,2.979945309
0.472565711,3.110950624
0.363435572,3.287162068
2.527186883,3.276746906
1.402682267,3.329496751
1.469041349,3.243104715
0.768505429,3.115396873
0.767700215,2.83125999
0.509463445,2.768792106
0.581553754,2.749626383
0.582690526,2.794831149
0.834201394,2.82952985
0.319338281,2.997218249
0.690873355,3.255652534
0.447272528,3.426449889
0.701767423,3.365563477
0.429226268,3.199310913
0.694567865,3.035191006
1.13923529,2.888586096
2.466464297,2.779640569
0.795030116,2.73897923
0.616225309,2.684541215
0.457550844,2.64988318
0.217739258,2.651490361
0.371961364,2.787628165
0.220818016,2.917534524
0.150906521,3.097042834
0.262073377,3.093221402
0.505011087,3.149268113
0.54740322,3.061777122
0.47564447,2.928574504
0.322843329,3.083310412
0.241658841,2.997375455
0.36883524,2.969163392
0.418947952,2.979710123
0.702951561,2.987550416
0.318722529,3.018763827
0.373003406,3.076647678
0.659280559,3.255432325
0.494448578,3.489033008
1.442848221,3.666653749
1.699664026,3.590974817
1.395530075,3.375856063
1.536063548,3.246688495
0.919317219,3.256367897
0.682868584,3.206325097
0.341363244,3.214163722
0.440972915,3.311101428
0.329285038,3.466367472
0.759221789,3.573850848
0.541103607,3.538370912
0.851679268,3.386830183
0.424584448,3.235733334
0.641944782,3.133661926
0.413121994,3.060835676
